{
	"credit": "Made with Blockbench",
	"textures": {
		"1": "item/golden_axe_16",
		"particle": "item/bandana",
		"1_0": "item/bandana"
	},
	"elements": [
		{
			"from": [5.5, 24, 7.5],
			"to": [10.5, 24.5875, 8.5],
			"rotation": {"angle": 0, "axis": "y", "origin": [8.11212, 8.11499, 8.03296]},
			"faces": {
				"north": {"uv": [11, 0.5, 13, 1.25], "texture": "#1"},
				"east": {"uv": [11, 0.5, 13, 1.25], "texture": "#1"},
				"south": {"uv": [11, 0.5, 13, 1.25], "texture": "#1"},
				"west": {"uv": [11, 0.5, 13, 1.25], "texture": "#1"},
				"up": {"uv": [5.125, 10.5, 6.375, 11.5], "texture": "#1"},
				"down": {"uv": [14, 12, 15, 13], "texture": "#1"}
			}
		},
		{
			"from": [7.5, 24.6, 7.6],
			"to": [8.5, 24.8875, 8.4],
			"rotation": {"angle": 0, "axis": "y", "origin": [8.11212, 8.71499, 8.03296]},
			"faces": {
				"north": {"uv": [13.75, 0.5, 14.125, 1.25], "texture": "#1"},
				"east": {"uv": [13.75, 0.5, 14.125, 1.25], "texture": "#1"},
				"south": {"uv": [13.75, 0.5, 14.125, 1.25], "texture": "#1"},
				"west": {"uv": [13.75, 0.5, 14.125, 1.25], "texture": "#1"},
				"up": {"uv": [5.125, 10.5, 6.375, 11.5], "texture": "#1"},
				"down": {"uv": [14, 12, 15, 13], "texture": "#1"}
			}
		},
		{
			"from": [18.9, 20.6, 7.7],
			"to": [19.4, 21.2875, 8.3],
			"rotation": {"angle": 45, "axis": "z", "origin": [9.11212, 8.71499, 8.03296]},
			"faces": {
				"north": {"uv": [13.75, 0.5, 14.125, 1.25], "texture": "#1"},
				"east": {"uv": [13.75, 0.5, 14.125, 1.25], "texture": "#1"},
				"south": {"uv": [13.75, 0.5, 14.125, 1.25], "texture": "#1"},
				"west": {"uv": [13.75, 0.5, 14.125, 1.25], "texture": "#1"},
				"up": {"uv": [5.125, 10.5, 6.375, 11.5], "texture": "#1"},
				"down": {"uv": [14, 12, 15, 13], "texture": "#1"}
			}
		},
		{
			"from": [-3.4, 20.6, 7.7],
			"to": [-2.9, 21.2875, 8.3],
			"rotation": {"angle": -45, "axis": "z", "origin": [6.88788, 8.71499, 8.03296]},
			"faces": {
				"north": {"uv": [14.125, 0.5, 13.75, 1.25], "texture": "#1"},
				"east": {"uv": [14.125, 0.5, 13.75, 1.25], "texture": "#1"},
				"south": {"uv": [14.125, 0.5, 13.75, 1.25], "texture": "#1"},
				"west": {"uv": [14.125, 0.5, 13.75, 1.25], "texture": "#1"},
				"up": {"uv": [6.375, 10.5, 5.125, 11.5], "texture": "#1"},
				"down": {"uv": [15, 12, 14, 13], "texture": "#1"}
			}
		},
		{
			"from": [7.2, 24.80625, 7.8],
			"to": [8.8, 24.98125, 8.2],
			"rotation": {"angle": 0, "axis": "y", "origin": [8.22424, -7.76377, 8.03296]},
			"faces": {
				"north": {"uv": [13.75, 0.5, 14.125, 1.25], "texture": "#1"},
				"east": {"uv": [13.75, 0.5, 14.125, 1.25], "texture": "#1"},
				"south": {"uv": [13.75, 0.5, 14.125, 1.25], "texture": "#1"},
				"west": {"uv": [13.75, 0.5, 14.125, 1.25], "texture": "#1"},
				"up": {"uv": [5.125, 10.5, 6.375, 11.5], "texture": "#1"},
				"down": {"uv": [14, 12, 15, 13], "texture": "#1"}
			}
		},
		{
			"from": [7, 26.40625, 7.5],
			"to": [9, 28.38125, 8],
			"rotation": {"angle": -22.5, "axis": "x", "origin": [8, 27.39375, 7.9]},
			"faces": {
				"north": {"uv": [13.75, 0.5, 14.125, 1.25], "texture": "#1"},
				"east": {"uv": [13.75, 0.5, 14.125, 1.25], "texture": "#1"},
				"south": {"uv": [13.75, 0.5, 14.125, 1.25], "texture": "#1"},
				"west": {"uv": [13.75, 0.5, 14.125, 1.25], "texture": "#1"},
				"up": {"uv": [5.125, 10.5, 6.375, 11.5], "texture": "#1"},
				"down": {"uv": [14, 12, 15, 13], "texture": "#1"}
			}
		},
		{
			"from": [7.2, 28.00625, 7.3],
			"to": [8.8, 28.78125, 7.7],
			"rotation": {"angle": 0, "axis": "y", "origin": [8.22424, -3.76377, 7.53296]},
			"faces": {
				"north": {"uv": [13.75, 0.5, 14.125, 1.25], "texture": "#1"},
				"east": {"uv": [13.75, 0.5, 14.125, 1.25], "texture": "#1"},
				"south": {"uv": [13.75, 0.5, 14.125, 1.25], "texture": "#1"},
				"west": {"uv": [13.75, 0.5, 14.125, 1.25], "texture": "#1"},
				"up": {"uv": [5.125, 10.5, 6.375, 11.5], "texture": "#1"},
				"down": {"uv": [14, 12, 15, 13], "texture": "#1"}
			}
		},
		{
			"from": [7.4, 29.09375, 7.25625],
			"to": [8.6, 30.29375, 7.64375],
			"rotation": {"angle": 0, "axis": "y", "origin": [8, 28.99375, 7.45]},
			"faces": {
				"north": {"uv": [5.125, 10.5, 6.375, 11.5], "rotation": 180, "texture": "#1"},
				"east": {"uv": [13.75, 0.5, 14.125, 1.25], "rotation": 90, "texture": "#1"},
				"south": {"uv": [14, 12, 15, 13], "texture": "#1"},
				"west": {"uv": [13.75, 0.5, 14.125, 1.25], "rotation": 270, "texture": "#1"},
				"up": {"uv": [13.75, 0.5, 14.125, 1.25], "texture": "#1"},
				"down": {"uv": [13.75, 0.5, 14.125, 1.25], "rotation": 180, "texture": "#1"}
			}
		},
		{
			"from": [8, 30.09375, 7.15625],
			"to": [8.4, 30.29375, 7.25625],
			"rotation": {"angle": -22.5, "axis": "z", "origin": [7.8, 29.99375, 7.45]},
			"faces": {
				"north": {"uv": [6.5, 10.5, 7.75, 11.5], "rotation": 180, "texture": "#1"},
				"east": {"uv": [6.75, 10.625, 7.125, 11.375], "rotation": 90, "texture": "#1"},
				"south": {"uv": [6.625, 10.5, 7.625, 11.5], "texture": "#1"},
				"west": {"uv": [7.125, 10.625, 7.5, 11.375], "rotation": 270, "texture": "#1"},
				"up": {"uv": [6.875, 10.625, 7.25, 11.375], "texture": "#1"},
				"down": {"uv": [6.875, 10.625, 7.25, 11.375], "rotation": 180, "texture": "#1"}
			}
		},
		{
			"from": [7.4, 28.09375, 7.35625],
			"to": [8.6, 29.09375, 7.54375],
			"rotation": {"angle": 0, "axis": "y", "origin": [8, 27.79375, 7.45]},
			"faces": {
				"north": {"uv": [5.125, 10.5, 6.375, 11.5], "rotation": 180, "texture": "#1"},
				"east": {"uv": [13.75, 0.5, 14.125, 1.25], "rotation": 90, "texture": "#1"},
				"south": {"uv": [14, 12, 15, 13], "texture": "#1"},
				"west": {"uv": [13.75, 0.5, 14.125, 1.25], "rotation": 270, "texture": "#1"},
				"up": {"uv": [13.75, 0.5, 14.125, 1.25], "texture": "#1"},
				"down": {"uv": [13.75, 0.5, 14.125, 1.25], "rotation": 180, "texture": "#1"}
			}
		},
		{
			"from": [8.1, 29.69375, 7.15625],
			"to": [9.3, 29.89375, 7.34375],
			"rotation": {"angle": 45, "axis": "x", "origin": [8.7, 29.59375, 7.25]},
			"faces": {
				"north": {"uv": [5.125, 10.5, 6.375, 11.5], "rotation": 180, "texture": "#1"},
				"east": {"uv": [13.75, 0.5, 14.125, 1.25], "rotation": 90, "texture": "#1"},
				"south": {"uv": [14, 12, 15, 13], "texture": "#1"},
				"west": {"uv": [13.75, 0.5, 14.125, 1.25], "rotation": 270, "texture": "#1"},
				"up": {"uv": [13.75, 0.5, 14.125, 1.25], "texture": "#1"},
				"down": {"uv": [13.75, 0.5, 14.125, 1.25], "rotation": 180, "texture": "#1"}
			}
		},
		{
			"from": [3.6, 27.60625, 7.8],
			"to": [12.4, 28.58125, 8],
			"rotation": {"angle": -22.5, "axis": "x", "origin": [8.4, 26.99375, 7.8]},
			"faces": {
				"north": {"uv": [13.75, 0.5, 14.125, 1.25], "texture": "#1"},
				"east": {"uv": [13.75, 0.5, 14.125, 1.25], "texture": "#1"},
				"south": {"uv": [13.75, 0.5, 14.125, 1.25], "texture": "#1"},
				"west": {"uv": [13.75, 0.5, 14.125, 1.25], "texture": "#1"},
				"up": {"uv": [5.125, 10.5, 6.375, 11.5], "texture": "#1"},
				"down": {"uv": [14, 12, 15, 13], "texture": "#1"}
			}
		},
		{
			"from": [4.6, 26.80625, 8.2],
			"to": [11.4, 27.78125, 8.3],
			"rotation": {"angle": -22.5, "axis": "x", "origin": [8.4, 26.19375, 7.9]},
			"faces": {
				"north": {"uv": [13.75, 0.5, 14.125, 1.25], "texture": "#1"},
				"east": {"uv": [13.75, 0.5, 14.125, 1.25], "texture": "#1"},
				"south": {"uv": [13.75, 0.5, 14.125, 1.25], "texture": "#1"},
				"west": {"uv": [13.75, 0.5, 14.125, 1.25], "texture": "#1"},
				"up": {"uv": [5.125, 10.5, 6.375, 11.5], "texture": "#1"},
				"down": {"uv": [14, 12, 15, 13], "texture": "#1"}
			}
		},
		{
			"from": [7.2, 25.89375, 7.75625],
			"to": [8.8, 26.69375, 8.24375],
			"rotation": {"angle": 45, "axis": "x", "origin": [8, 26.29375, 8]},
			"faces": {
				"north": {"uv": [5.125, 10.5, 6.375, 11.5], "rotation": 180, "texture": "#1"},
				"east": {"uv": [13.75, 0.5, 14.125, 1.25], "rotation": 90, "texture": "#1"},
				"south": {"uv": [14, 12, 15, 13], "texture": "#1"},
				"west": {"uv": [13.75, 0.5, 14.125, 1.25], "rotation": 270, "texture": "#1"},
				"up": {"uv": [13.75, 0.5, 14.125, 1.25], "texture": "#1"},
				"down": {"uv": [13.75, 0.5, 14.125, 1.25], "rotation": 180, "texture": "#1"}
			}
		},
		{
			"from": [8.2, 25.00625, 7.6],
			"to": [8.8, 25.38125, 8.2],
			"rotation": {"angle": 0, "axis": "y", "origin": [8.22424, -6.76377, 8.03296]},
			"faces": {
				"north": {"uv": [13.75, 0.5, 14.125, 1.25], "texture": "#1"},
				"east": {"uv": [13.75, 0.5, 14.125, 1.25], "texture": "#1"},
				"south": {"uv": [13.75, 0.5, 14.125, 1.25], "texture": "#1"},
				"west": {"uv": [13.75, 0.5, 14.125, 1.25], "texture": "#1"},
				"up": {"uv": [5.125, 10.5, 6.375, 11.5], "texture": "#1"},
				"down": {"uv": [14, 12, 15, 13], "texture": "#1"}
			}
		},
		{
			"from": [8.2, 25.20625, 7.9],
			"to": [8.6, 25.98125, 8.2],
			"rotation": {"angle": 22.5, "axis": "z", "origin": [8.4, 25.59375, 8.05]},
			"faces": {
				"north": {"uv": [13.75, 0.5, 14.125, 1.25], "texture": "#1"},
				"east": {"uv": [13.75, 0.5, 14.125, 1.25], "texture": "#1"},
				"south": {"uv": [13.75, 0.5, 14.125, 1.25], "texture": "#1"},
				"west": {"uv": [13.75, 0.5, 14.125, 1.25], "texture": "#1"},
				"up": {"uv": [5.125, 10.5, 6.375, 11.5], "texture": "#1"},
				"down": {"uv": [14, 12, 15, 13], "texture": "#1"}
			}
		},
		{
			"from": [7.2, 25.00625, 7.6],
			"to": [7.8, 25.38125, 8.2],
			"rotation": {"angle": 0, "axis": "y", "origin": [7.77576, -6.76377, 8.03296]},
			"faces": {
				"north": {"uv": [14.125, 0.5, 13.75, 1.25], "texture": "#1"},
				"east": {"uv": [14.125, 0.5, 13.75, 1.25], "texture": "#1"},
				"south": {"uv": [14.125, 0.5, 13.75, 1.25], "texture": "#1"},
				"west": {"uv": [14.125, 0.5, 13.75, 1.25], "texture": "#1"},
				"up": {"uv": [6.375, 10.5, 5.125, 11.5], "texture": "#1"},
				"down": {"uv": [15, 12, 14, 13], "texture": "#1"}
			}
		},
		{
			"from": [7.4, 25.20625, 7.9],
			"to": [7.8, 25.98125, 8.2],
			"rotation": {"angle": -22.5, "axis": "z", "origin": [7.6, 25.59375, 8.05]},
			"faces": {
				"north": {"uv": [14.125, 0.5, 13.75, 1.25], "texture": "#1"},
				"east": {"uv": [14.125, 0.5, 13.75, 1.25], "texture": "#1"},
				"south": {"uv": [14.125, 0.5, 13.75, 1.25], "texture": "#1"},
				"west": {"uv": [14.125, 0.5, 13.75, 1.25], "texture": "#1"},
				"up": {"uv": [6.375, 10.5, 5.125, 11.5], "texture": "#1"},
				"down": {"uv": [15, 12, 14, 13], "texture": "#1"}
			}
		},
		{
			"from": [7.6, 26.29375, 8.15625],
			"to": [8.4, 26.69375, 8.64375],
			"rotation": {"angle": 45, "axis": "x", "origin": [7.6, 26.29375, 8]},
			"faces": {
				"north": {"uv": [6.375, 10.5, 5.125, 11.5], "rotation": 180, "texture": "#1"},
				"east": {"uv": [13.75, 1.25, 14.125, 0.5], "rotation": 270, "texture": "#1"},
				"south": {"uv": [15, 12, 14, 13], "texture": "#1"},
				"west": {"uv": [13.75, 1.25, 14.125, 0.5], "rotation": 90, "texture": "#1"},
				"up": {"uv": [14.125, 0.5, 13.75, 1.25], "texture": "#1"},
				"down": {"uv": [14.125, 0.5, 13.75, 1.25], "rotation": 180, "texture": "#1"}
			}
		},
		{
			"from": [7.6, 26.09375, 8.15625],
			"to": [7.8, 26.49375, 8.74375],
			"rotation": {"angle": 22.5, "axis": "x", "origin": [7.6, 25.89375, 8]},
			"faces": {
				"north": {"uv": [6.375, 10.5, 5.125, 11.5], "rotation": 180, "texture": "#1"},
				"east": {"uv": [13.75, 1.25, 14.125, 0.5], "rotation": 270, "texture": "#1"},
				"south": {"uv": [15, 12, 14, 13], "texture": "#1"},
				"west": {"uv": [13.75, 1.25, 14.125, 0.5], "rotation": 90, "texture": "#1"},
				"up": {"uv": [14.125, 0.5, 13.75, 1.25], "texture": "#1"},
				"down": {"uv": [14.125, 0.5, 13.75, 1.25], "rotation": 180, "texture": "#1"}
			}
		},
		{
			"from": [8.2, 26.09375, 8.15625],
			"to": [8.4, 26.49375, 8.74375],
			"rotation": {"angle": 22.5, "axis": "x", "origin": [8.4, 25.89375, 8]},
			"faces": {
				"north": {"uv": [5.125, 10.5, 6.375, 11.5], "rotation": 180, "texture": "#1"},
				"east": {"uv": [13.75, 0.5, 14.125, 1.25], "rotation": 90, "texture": "#1"},
				"south": {"uv": [14, 12, 15, 13], "texture": "#1"},
				"west": {"uv": [13.75, 0.5, 14.125, 1.25], "rotation": 270, "texture": "#1"},
				"up": {"uv": [13.75, 0.5, 14.125, 1.25], "texture": "#1"},
				"down": {"uv": [13.75, 0.5, 14.125, 1.25], "rotation": 180, "texture": "#1"}
			}
		},
		{
			"from": [3.4, 28.20625, 7.6],
			"to": [12.6, 28.58125, 7.9],
			"rotation": {"angle": -22.5, "axis": "x", "origin": [7.6, 27.39375, 7.3]},
			"faces": {
				"north": {"uv": [14.125, 0.5, 13.75, 1.25], "texture": "#1"},
				"east": {"uv": [14.125, 0.5, 13.75, 1.25], "texture": "#1"},
				"south": {"uv": [14.125, 0.5, 13.75, 1.25], "texture": "#1"},
				"west": {"uv": [14.125, 0.5, 13.75, 1.25], "texture": "#1"},
				"up": {"uv": [6.375, 10.5, 5.125, 11.5], "texture": "#1"},
				"down": {"uv": [15, 12, 14, 13], "texture": "#1"}
			}
		},
		{
			"from": [7.5, -16, 7.6],
			"to": [8.5, 24.1875, 8.4],
			"rotation": {"angle": 0, "axis": "y", "origin": [8.11212, 8.11499, 8.03296]},
			"faces": {
				"north": {"uv": [11, 0.5, 13, 11], "texture": "#1"},
				"east": {"uv": [11, 0.5, 13, 11], "texture": "#1"},
				"south": {"uv": [11, 0.5, 13, 11], "texture": "#1"},
				"west": {"uv": [11, 0.5, 13, 11], "texture": "#1"},
				"up": {"uv": [11, 0.5, 13, 11], "texture": "#1"},
				"down": {"uv": [14, 12, 15, 13], "texture": "#1"}
			}
		},
		{
			"from": [5.466, 0.816, 7.4],
			"to": [10.466, 5.816, 7.5],
			"rotation": {"angle": 0, "axis": "y", "origin": [8, 13.072, 8]},
			"faces": {
				"north": {"uv": [3.75, 7.25, 5.25, 8.75], "texture": "#1"},
				"south": {"uv": [3.75, 7.25, 5.25, 8.75], "texture": "#1"}
			}
		},
		{
			"from": [5.466, 13.816, 7.4],
			"to": [10.466, 18.816, 7.5],
			"rotation": {"angle": 0, "axis": "y", "origin": [8, 13.072, 8]},
			"faces": {
				"north": {"uv": [2, 7.2125, 3.5, 8.7125], "texture": "#1"},
				"south": {"uv": [2, 7.2125, 3.5, 8.7125], "texture": "#1"}
			}
		},
		{
			"from": [5.0285, 8.216, 7.4],
			"to": [11.0285, 13.216, 7.5],
			"rotation": {"angle": 0, "axis": "y", "origin": [8, 13.872, 8]},
			"faces": {
				"north": {"uv": [0, 7.3, 1.75, 8.8], "texture": "#1"},
				"south": {"uv": [0, 7.3, 1.75, 8.8], "texture": "#1"}
			}
		},
		{
			"from": [7.125, 22.5, 7.75],
			"to": [8.875, 24.5, 8.25],
			"rotation": {"angle": 0, "axis": "y", "origin": [7.875, 21, 1]},
			"faces": {
				"north": {"uv": [0, 0, 0.5, 0.5], "texture": "#1_0"},
				"east": {"uv": [7.5, 0, 8, 0.5], "texture": "#1_0"},
				"south": {"uv": [0, 0, 0.5, 0.5], "texture": "#1_0"},
				"west": {"uv": [0, 0, 0.5, 0.5], "texture": "#1_0"},
				"up": {"uv": [0, 1.25, 1, 2.25], "texture": "#1_0"},
				"down": {"uv": [1, 1.25, 2, 2.25], "texture": "#1_0"}
			}
		},
		{
			"from": [3.5897, 15.06041, 8.22267],
			"to": [9.5897, 22.56041, 8.22267],
			"rotation": {"angle": -22.5, "axis": "z", "origin": [7.48984, 21.48123, 11.0039]},
			"faces": {
				"north": {"uv": [2.5, 3, 1, 4.5], "texture": "#1_0"},
				"east": {"uv": [0, 0, 1, 1], "rotation": 270, "texture": "#missing"},
				"south": {"uv": [1, 3, 2.5, 4.5], "texture": "#1_0"},
				"west": {"uv": [0, 0, 1, 1], "rotation": 90, "texture": "#missing"},
				"up": {"uv": [0, 0, 1, 1], "rotation": 180, "texture": "#missing"},
				"down": {"uv": [0, 0, 1, 1], "texture": "#missing"}
			}
		},
		{
			"from": [6.5897, 16.81041, 8.22267],
			"to": [12.5897, 22.81041, 8.22267],
			"rotation": {"angle": 22.5, "axis": "z", "origin": [7.48984, 21.48123, 11.0039]},
			"faces": {
				"north": {"uv": [3.5, 3, 5, 4], "texture": "#1_0"},
				"east": {"uv": [0, 0, 1, 1], "rotation": 270, "texture": "#missing"},
				"south": {"uv": [5, 3, 3.5, 4], "texture": "#1_0"},
				"west": {"uv": [0, 0, 1, 1], "rotation": 90, "texture": "#missing"},
				"up": {"uv": [0, 0, 1, 1], "rotation": 180, "texture": "#missing"},
				"down": {"uv": [0, 0, 1, 1], "texture": "#missing"}
			}
		}
	],
	"display": {
		"thirdperson_righthand": {
			"rotation": [68.6, -22.25, -2.75],
			"translation": [0, 7, 18],
			"scale": [1.16, 1.11, 1.2]
		},
		"thirdperson_lefthand": {
			"rotation": [66.51, -1.07, -11.07],
			"translation": [2, 5.75, 14.25],
			"scale": [1.16, 1.11, 1.2]
		},
		"firstperson_righthand": {
			"rotation": [6.68, -10.74, -1.51],
			"translation": [0.5, 11.5, 1.75]
		},
		"firstperson_lefthand": {
			"rotation": [6, 5, 0],
			"translation": [-0.5, 12, 1.75]
		},
		"ground": {
			"rotation": [41.43, -2.12, -16.08],
			"translation": [0, 7, 0],
			"scale": [0.7, 0.7, 1]
		},
		"gui": {
			"rotation": [164.92, 6.3, -134.91],
			"scale": [0.54883, 0.45703, 1.12695]
		},
		"head": {
			"rotation": [27.25, 0, 0],
			"translation": [0, 15, 3.75],
			"scale": [1.11, 1.16, 1.2]
		},
		"fixed": {
			"rotation": [0, 0, 20.25],
			"translation": [0, 0, -0.5],
			"scale": [1.25, 1.25, 1.25]
		}
	},
	"groups": [
		{
			"name": "group",
			"origin": [8, 8, 8],
			"color": 0,
			"children": [
				0,
				1,
				2,
				3,
				{
					"name": "group",
					"origin": [7.8, 26.39375, 7.3],
					"color": 0,
					"children": [4, 5, 6, 7, 8, 9, 10, 11, 12, 13, 14, 15, 16, 17, 18, 19, 20, 21]
				}
			]
		},
		22,
		{
			"name": "group",
			"origin": [8, 19.072, 8],
			"color": 0,
			"children": [23, 24, 25]
		},
		{
			"name": "red_wool",
			"origin": [8, 8, 8],
			"color": 0,
			"children": [26, 27, 28]
		}
	]
}