{
	"credit": "Made with Blockbench",
    "parent": "item/aspis",
	"display": {
		"thirdperson_righthand": {
			"rotation": [5.5, 1.29, 2.24],
			"translation": [2.25, -1.75, 5.25]
		},
		"thirdperson_lefthand": {
			"rotation": [174.63, 0.68, -172.84],
			"translation": [2.5, -1.75, 5.75]
		},
		"firstperson_righthand": {
			"rotation": [-78.58, 81.7, 102.54],
			"translation": [3, -1, -3]
		},
		"firstperson_lefthand": {
			"rotation": [150.23, -77.57, 120.62],
			"translation": [5.75, -1.5, -0.25]
		}
	}
}