{
	"credit": "Made with Blockbench",
	"textures": {
		"0": "item/bronze_bowl",
		"1": "item/oak_log_side",
		"particle": "item/bronze_bowl"
	},
	"elements": [
		{
			"name": "Hoplon",
			"from": [8, 3, 3],
			"to": [10, 13, 13],
			"faces": {
				"north": {"uv": [5, 0, 6, 5], "texture": "#0"},
				"east": {"uv": [0, 0, 5, 5], "texture": "#0"},
				"south": {"uv": [5, 5, 6, 10], "texture": "#0"},
				"west": {"uv": [0, 5, 5, 10], "texture": "#0"},
				"up": {"uv": [7, 5, 6, 0], "texture": "#0"},
				"down": {"uv": [7, 5, 6, 10], "texture": "#0"}
			}
		},
		{
			"name": "HORS",
			"from": [8, 1, 11],
			"to": [9, 2, 13],
			"faces": {
				"north": {"uv": [13, 8, 14, 9], "texture": "#0"},
				"east": {"uv": [7, 10, 9, 11], "texture": "#0"},
				"south": {"uv": [9, 13, 10, 14], "texture": "#0"},
				"west": {"uv": [10, 8, 12, 9], "texture": "#0"},
				"up": {"uv": [10, 12, 9, 10], "texture": "#0"},
				"down": {"uv": [11, 9, 10, 11], "texture": "#0"}
			}
		},
		{
			"name": "HORS",
			"from": [8, 1, 3],
			"to": [9, 2, 5],
			"faces": {
				"north": {"uv": [13, 6, 14, 7], "texture": "#0"},
				"east": {"uv": [10, 2, 12, 3], "texture": "#0"},
				"south": {"uv": [7, 13, 8, 14], "texture": "#0"},
				"west": {"uv": [10, 3, 12, 4], "texture": "#0"},
				"up": {"uv": [11, 6, 10, 4], "texture": "#0"},
				"down": {"uv": [11, 6, 10, 8], "texture": "#0"}
			}
		},
		{
			"name": "HORS",
			"from": [8, 14, 3],
			"to": [9, 15, 5],
			"faces": {
				"north": {"uv": [12, 5, 13, 6], "texture": "#0"},
				"east": {"uv": [3, 8, 5, 9], "texture": "#0"},
				"south": {"uv": [12, 6, 13, 7], "texture": "#0"},
				"west": {"uv": [5, 8, 7, 9], "texture": "#0"},
				"up": {"uv": [8, 10, 7, 8], "texture": "#0"},
				"down": {"uv": [9, 8, 8, 10], "texture": "#0"}
			}
		},
		{
			"name": "HORS",
			"from": [8, 14, 11],
			"to": [9, 15, 13],
			"faces": {
				"north": {"uv": [5, 14, 6, 15], "texture": "#0"},
				"east": {"uv": [11, 9, 13, 10], "texture": "#0"},
				"south": {"uv": [14, 5, 15, 6], "texture": "#0"},
				"west": {"uv": [9, 11, 11, 12], "texture": "#0"},
				"up": {"uv": [13, 2, 12, 0], "texture": "#0"},
				"down": {"uv": [13, 2, 12, 4], "texture": "#0"}
			}
		},
		{
			"name": "VERS",
			"from": [8, 3, 14],
			"to": [9, 5, 15],
			"faces": {
				"north": {"uv": [3, 11, 4, 13], "texture": "#0"},
				"east": {"uv": [4, 11, 5, 13], "texture": "#0"},
				"south": {"uv": [11, 4, 12, 6], "texture": "#0"},
				"west": {"uv": [5, 11, 6, 13], "texture": "#0"},
				"up": {"uv": [14, 13, 13, 12], "texture": "#0"},
				"down": {"uv": [14, 13, 13, 14], "texture": "#0"}
			}
		},
		{
			"name": "VERS",
			"from": [8, 3, 1],
			"to": [9, 5, 2],
			"faces": {
				"north": {"uv": [5, 9, 6, 11], "texture": "#0"},
				"east": {"uv": [6, 9, 7, 11], "texture": "#0"},
				"south": {"uv": [9, 6, 10, 8], "texture": "#0"},
				"west": {"uv": [9, 8, 10, 10], "texture": "#0"},
				"up": {"uv": [14, 3, 13, 2], "texture": "#0"},
				"down": {"uv": [4, 13, 3, 14], "texture": "#0"}
			}
		},
		{
			"name": "VERS",
			"from": [8, 11, 1],
			"to": [9, 13, 2],
			"faces": {
				"north": {"uv": [9, 2, 10, 4], "texture": "#0"},
				"east": {"uv": [3, 9, 4, 11], "texture": "#0"},
				"south": {"uv": [4, 9, 5, 11], "texture": "#0"},
				"west": {"uv": [9, 4, 10, 6], "texture": "#0"},
				"up": {"uv": [13, 11, 12, 10], "texture": "#0"},
				"down": {"uv": [13, 12, 12, 13], "texture": "#0"}
			}
		},
		{
			"name": "VERS",
			"from": [8, 11, 14],
			"to": [9, 13, 15],
			"faces": {
				"north": {"uv": [6, 11, 7, 13], "texture": "#0"},
				"east": {"uv": [11, 6, 12, 8], "texture": "#0"},
				"south": {"uv": [7, 11, 8, 13], "texture": "#0"},
				"west": {"uv": [8, 11, 9, 13], "texture": "#0"},
				"up": {"uv": [2, 15, 1, 14], "texture": "#0"},
				"down": {"uv": [15, 1, 14, 2], "texture": "#0"}
			}
		},
		{
			"name": "cubs",
			"from": [8, 2, 13],
			"to": [9, 3, 14],
			"faces": {
				"north": {"uv": [13, 9, 14, 10], "texture": "#0"},
				"east": {"uv": [10, 13, 11, 14], "texture": "#0"},
				"south": {"uv": [13, 10, 14, 11], "texture": "#0"},
				"west": {"uv": [11, 13, 12, 14], "texture": "#0"},
				"up": {"uv": [14, 12, 13, 11], "texture": "#0"},
				"down": {"uv": [13, 13, 12, 14], "texture": "#0"}
			}
		},
		{
			"name": "cubs",
			"from": [8, 2, 2],
			"to": [9, 3, 3],
			"faces": {
				"north": {"uv": [12, 3, 13, 4], "texture": "#0"},
				"east": {"uv": [4, 13, 5, 14], "texture": "#0"},
				"south": {"uv": [11, 4, 12, 5], "texture": "#0"},
				"west": {"uv": [5, 13, 6, 14], "texture": "#0"},
				"up": {"uv": [13, 6, 12, 5], "texture": "#0"},
				"down": {"uv": [7, 13, 6, 14], "texture": "#0"}
			}
		},
		{
			"name": "cubs",
			"from": [8, 13, 2],
			"to": [9, 14, 3],
			"faces": {
				"north": {"uv": [12, 7, 13, 8], "texture": "#0"},
				"east": {"uv": [12, 8, 13, 9], "texture": "#0"},
				"south": {"uv": [9, 12, 10, 13], "texture": "#0"},
				"west": {"uv": [10, 12, 11, 13], "texture": "#0"},
				"up": {"uv": [13, 11, 12, 10], "texture": "#0"},
				"down": {"uv": [12, 12, 11, 13], "texture": "#0"}
			}
		},
		{
			"name": "cubs",
			"from": [8, 13, 13],
			"to": [9, 14, 14],
			"faces": {
				"north": {"uv": [2, 14, 3, 15], "texture": "#0"},
				"east": {"uv": [12, 2, 13, 3], "texture": "#0"},
				"south": {"uv": [3, 14, 4, 15], "texture": "#0"},
				"west": {"uv": [12, 3, 13, 4], "texture": "#0"},
				"up": {"uv": [5, 15, 4, 14], "texture": "#0"},
				"down": {"uv": [13, 4, 12, 5], "texture": "#0"}
			}
		},
		{
			"name": "ENDS",
			"from": [8, 0, 5],
			"to": [9, 1, 11],
			"faces": {
				"north": {"uv": [13, 7, 14, 8], "texture": "#0"},
				"east": {"uv": [6, 0, 12, 1], "texture": "#0"},
				"south": {"uv": [8, 13, 9, 14], "texture": "#0"},
				"west": {"uv": [6, 1, 12, 2], "texture": "#0"},
				"up": {"uv": [7, 8, 6, 2], "texture": "#0"},
				"down": {"uv": [8, 2, 7, 8], "texture": "#0"}
			}
		},
		{
			"name": "ENDS",
			"from": [8, 1, 5],
			"to": [9, 2, 11],
			"faces": {
				"north": {"uv": [11.5, 10, 12, 10.5], "texture": "#0"},
				"east": {"uv": [10.5, 10.5, 13.5, 11], "texture": "#0"},
				"south": {"uv": [11.5, 9, 12, 9.5], "texture": "#0"},
				"west": {"uv": [10, 3.5, 13, 4], "texture": "#0"},
				"up": {"uv": [7.5, 14, 7, 11], "texture": "#0"},
				"down": {"uv": [8, 11, 7.5, 14], "texture": "#0"}
			}
		},
		{
			"name": "ENDS",
			"from": [8, 14, 5],
			"to": [9, 15, 11],
			"faces": {
				"north": {"uv": [11, 6, 11.5, 6.5], "texture": "#0"},
				"east": {"uv": [9.5, 2.5, 12.5, 3], "texture": "#0"},
				"south": {"uv": [11.5, 4, 12, 4.5], "texture": "#0"},
				"west": {"uv": [9.5, 3, 12.5, 3.5], "texture": "#0"},
				"up": {"uv": [2.5, 13.5, 2, 10.5], "texture": "#0"},
				"down": {"uv": [3, 10.5, 2.5, 13.5], "texture": "#0"}
			}
		},
		{
			"name": "INH",
			"from": [8, 13, 3],
			"to": [9, 14, 13],
			"faces": {
				"north": {"uv": [11, 4, 11.5, 4.5], "texture": "#0"},
				"east": {"uv": [7, 0, 12, 0.5], "texture": "#0"},
				"south": {"uv": [11, 4.5, 11.5, 5], "texture": "#0"},
				"west": {"uv": [7, 0.5, 12, 1], "texture": "#0"},
				"up": {"uv": [7.5, 6, 7, 1], "texture": "#0"},
				"down": {"uv": [7.5, 6, 7, 11], "texture": "#0"}
			}
		},
		{
			"name": "OUTERV",
			"from": [9, 13, 4],
			"to": [10, 14, 12],
			"faces": {
				"north": {"uv": [11, 5, 11.5, 5.5], "texture": "#0"},
				"east": {"uv": [0, 10, 4, 10.5], "texture": "#0"},
				"south": {"uv": [11, 5.5, 11.5, 6], "texture": "#0"},
				"west": {"uv": [10, 2, 14, 2.5], "texture": "#0"},
				"up": {"uv": [10.5, 6.5, 10, 2.5], "texture": "#0"},
				"down": {"uv": [4.5, 10, 4, 14], "texture": "#0"}
			}
		},
		{
			"name": "OUTERV",
			"from": [9, 2, 4],
			"to": [10, 3, 12],
			"faces": {
				"north": {"uv": [11.5, 9.5, 12, 10], "texture": "#0"},
				"east": {"uv": [10, 6.5, 14, 7], "texture": "#0"},
				"south": {"uv": [10, 11.5, 10.5, 12], "texture": "#0"},
				"west": {"uv": [10, 7, 14, 7.5], "texture": "#0"},
				"up": {"uv": [7, 14, 6.5, 10], "texture": "#0"},
				"down": {"uv": [10.5, 7.5, 10, 11.5], "texture": "#0"}
			}
		},
		{
			"name": "INH",
			"from": [8, 2, 3],
			"to": [9, 3, 13],
			"faces": {
				"north": {"uv": [11.5, 8.5, 12, 9], "texture": "#0"},
				"east": {"uv": [7.5, 1, 12.5, 1.5], "texture": "#0"},
				"south": {"uv": [11.5, 9, 12, 9.5], "texture": "#0"},
				"west": {"uv": [7.5, 1.5, 12.5, 2], "texture": "#0"},
				"up": {"uv": [9, 7, 8.5, 2], "texture": "#0"},
				"down": {"uv": [9, 7, 8.5, 12], "texture": "#0"}
			}
		},
		{
			"name": "INV",
			"from": [8, 3, 13],
			"to": [9, 13, 14],
			"faces": {
				"north": {"uv": [9, 2, 9.5, 7], "texture": "#0"},
				"east": {"uv": [9, 7, 9.5, 12], "texture": "#0"},
				"south": {"uv": [9.5, 2, 10, 7], "texture": "#0"},
				"west": {"uv": [9.5, 7, 10, 12], "texture": "#0"},
				"up": {"uv": [12, 12, 11.5, 11.5], "texture": "#0"},
				"down": {"uv": [12.5, 0, 12, 0.5], "texture": "#0"}
			}
		},
		{
			"name": "INV",
			"from": [8, 3, 2],
			"to": [9, 13, 3],
			"faces": {
				"north": {"uv": [7.5, 1, 8, 6], "texture": "#0"},
				"east": {"uv": [7.5, 6, 8, 11], "texture": "#0"},
				"south": {"uv": [8, 1, 8.5, 6], "texture": "#0"},
				"west": {"uv": [8, 6, 8.5, 11], "texture": "#0"},
				"up": {"uv": [12, 5, 11.5, 4.5], "texture": "#0"},
				"down": {"uv": [12, 5, 11.5, 5.5], "texture": "#0"}
			}
		},
		{
			"name": "OUTERH",
			"from": [9, 4, 2],
			"to": [10, 12, 3],
			"faces": {
				"north": {"uv": [4.5, 10, 5, 14], "texture": "#0"},
				"east": {"uv": [5, 10, 5.5, 14], "texture": "#0"},
				"south": {"uv": [5.5, 10, 6, 14], "texture": "#0"},
				"west": {"uv": [6, 10, 6.5, 14], "texture": "#0"},
				"up": {"uv": [12, 6, 11.5, 5.5], "texture": "#0"},
				"down": {"uv": [12, 6, 11.5, 6.5], "texture": "#0"}
			}
		},
		{
			"name": "OUTERH",
			"from": [9, 4, 13],
			"to": [10, 12, 14],
			"faces": {
				"north": {"uv": [0, 10.5, 0.5, 14.5], "texture": "#0"},
				"east": {"uv": [0.5, 10.5, 1, 14.5], "texture": "#0"},
				"south": {"uv": [1, 10.5, 1.5, 14.5], "texture": "#0"},
				"west": {"uv": [1.5, 10.5, 2, 14.5], "texture": "#0"},
				"up": {"uv": [12.5, 1, 12, 0.5], "texture": "#0"},
				"down": {"uv": [12.5, 4, 12, 4.5], "texture": "#0"}
			}
		},
		{
			"name": "ENDS",
			"from": [8, 15, 5],
			"to": [9, 16, 11],
			"faces": {
				"north": {"uv": [11, 10, 12, 11], "texture": "#0"},
				"east": {"uv": [0, 0, 6, 1], "texture": "#0"},
				"south": {"uv": [12, 4, 13, 5], "texture": "#0"},
				"west": {"uv": [0, 1, 6, 2], "texture": "#0"},
				"up": {"uv": [1, 8, 0, 2], "texture": "#0"},
				"down": {"uv": [2, 2, 1, 8], "texture": "#0"}
			}
		},
		{
			"name": "ENDSV",
			"from": [8, 5, 15],
			"to": [9, 11, 16],
			"faces": {
				"north": {"uv": [0, 8, 1, 14], "texture": "#0"},
				"east": {"uv": [1, 8, 2, 14], "texture": "#0"},
				"south": {"uv": [2, 8, 3, 14], "texture": "#0"},
				"west": {"uv": [8, 2, 9, 8], "texture": "#0"},
				"up": {"uv": [2, 15, 1, 14], "texture": "#0"},
				"down": {"uv": [13, 0, 12, 1], "texture": "#0"}
			}
		},
		{
			"name": "ENDSV",
			"from": [8, 5, 0],
			"to": [9, 11, 1],
			"faces": {
				"north": {"uv": [2, 2, 3, 8], "texture": "#0"},
				"east": {"uv": [3, 2, 4, 8], "texture": "#0"},
				"south": {"uv": [4, 2, 5, 8], "texture": "#0"},
				"west": {"uv": [5, 2, 6, 8], "texture": "#0"},
				"up": {"uv": [13, 1, 12, 0], "texture": "#0"},
				"down": {"uv": [12, 2, 11, 3], "texture": "#0"}
			}
		},
		{
			"name": "ENDSV",
			"from": [8, 5, 1],
			"to": [9, 11, 2],
			"faces": {
				"north": {"uv": [3, 10.5, 3.5, 13.5], "texture": "#0"},
				"east": {"uv": [3.5, 10.5, 4, 13.5], "texture": "#0"},
				"south": {"uv": [10.5, 3.5, 11, 6.5], "texture": "#0"},
				"west": {"uv": [10.5, 7.5, 11, 10.5], "texture": "#0"},
				"up": {"uv": [12, 8, 11.5, 7.5], "texture": "#0"},
				"down": {"uv": [12, 8, 11.5, 8.5], "texture": "#0"}
			}
		},
		{
			"name": "Griper",
			"from": [6, 5, 11],
			"to": [8, 11, 13],
			"faces": {
				"north": {"uv": [0, 0, 2, 6], "texture": "#1"},
				"east": {"uv": [2, 0, 4, 6], "texture": "#1"},
				"south": {"uv": [4, 0, 6, 6], "texture": "#1"},
				"west": {"uv": [0, 6, 2, 12], "texture": "#1"},
				"up": {"uv": [10, 6, 8, 4], "texture": "#1"},
				"down": {"uv": [8, 8, 6, 10], "texture": "#1"}
			}
		},
		{
			"name": "Griper",
			"from": [6, 6, 3],
			"to": [8, 10, 5],
			"faces": {
				"north": {"uv": [6, 0, 8, 4], "texture": "#1"},
				"east": {"uv": [2, 6, 4, 10], "texture": "#1"},
				"south": {"uv": [4, 6, 6, 10], "texture": "#1"},
				"west": {"uv": [6, 4, 8, 8], "texture": "#1"},
				"up": {"uv": [10, 2, 8, 0], "texture": "#1"},
				"down": {"uv": [10, 2, 8, 4], "texture": "#1"}
			}
		},
		{
			"name": "ENDSV",
			"from": [8, 5, 14],
			"to": [9, 11, 15],
			"faces": {
				"north": {"uv": [11, 7.5, 11.5, 10.5], "texture": "#0"},
				"east": {"uv": [8, 11, 8.5, 14], "texture": "#0"},
				"south": {"uv": [10.5, 11, 11, 14], "texture": "#0"},
				"west": {"uv": [9, 11, 9.5, 14], "texture": "#0"},
				"up": {"uv": [12.5, 5, 12, 4.5], "texture": "#0"},
				"down": {"uv": [12.5, 5, 12, 5.5], "texture": "#0"}
			}
		}
	],
	"display": {
		"thirdperson_righthand": {
			"rotation": [5.5, 1.29, 2.24],
			"translation": [2.25, -1.75, 5.25]
		},
		"thirdperson_lefthand": {
			"rotation": [174.63, 0.68, -172.84],
			"translation": [2.5, -1.75, 5.75]
		},
		"firstperson_righthand": {
			"rotation": [-78.58, 81.7, 102.54],
			"translation": [3, -0.25, -3]
		},
		"firstperson_lefthand": {
			"rotation": [150.23, -77.57, 120.62],
			"translation": [5.75, -1.5, -0.25]
		},
		"gui": {
			"rotation": [0, -90, 0]
		},
		"head": {
			"rotation": [-180, 90, -180],
			"translation": [0, 0, -6.75]
		},
		"fixed": {
			"rotation": [0, 90, 0],
			"scale": [2, 2, 2]
		}
	},
	"groups": [
		{
			"name": "Shield",
			"origin": [0, 0, 0],
			"color": 0,
			"nbt": "{}",
			"children": [0, 1, 2, 3, 4, 5, 6, 7, 8, 9, 10, 11, 12, 13, 14, 15, 16, 17, 18, 19, 20, 21, 22, 23, 24, 25, 26, 27, 28, 29, 30]
		}
	]
}