{
	"credit": "Made with Blockbench",
	"texture_size": [128, 128],
	"textures": {
		"0": "helmets/attic_helmet",
		"1": "helmets/corinthian",
		"particle": "helmets/attic_helmet"
	},
	"elements": [
		{
			"from": [14.65, 17.23, 0.99],
			"to": [14.65, 25.73, 7.99],
			"rotation": {"angle": 0, "axis": "x", "origin": [13.501, 1.23, 13.49]},
			"faces": {
				"north": {"uv": [0, 0, 0, 0.75], "texture": "#0"},
				"east": {"uv": [3.125, 1, 2.5, 1.75], "texture": "#0"},
				"south": {"uv": [0, 0, 0, 0.75], "texture": "#0"},
				"west": {"uv": [2.5, 1, 3.125, 1.75], "texture": "#0"},
				"up": {"uv": [0, 0.625, 0, 0], "texture": "#0"},
				"down": {"uv": [0, 0, 0, 0.625], "texture": "#0"}
			}
		},
		{
			"from": [-0.55, 17.23, 0.99],
			"to": [-0.55, 25.73, 7.99],
			"rotation": {"angle": 0, "axis": "y", "origin": [2.499, 1.23, 13.49]},
			"faces": {
				"north": {"uv": [0, 0, 0, 0.75], "texture": "#0"},
				"east": {"uv": [3.125, 1, 2.5, 1.75], "texture": "#0"},
				"south": {"uv": [0, 0, 0, 0.75], "texture": "#0"},
				"west": {"uv": [2.5, 1, 3.125, 1.75], "texture": "#0"},
				"up": {"uv": [0, 0.625, 0, 0], "texture": "#0"},
				"down": {"uv": [0, 0, 0, 0.625], "texture": "#0"}
			}
		},
		{
			"from": [13.001, 15.22, 0.29],
			"to": [14.601, 17.23, 5.49],
			"rotation": {"angle": 0, "axis": "y", "origin": [15.001, -2.77, 14.49]},
			"faces": {
				"north": {"uv": [3.25, 2.625, 3.5, 2.875], "texture": "#0"},
				"east": {"uv": [6.75, 5.875, 7.375, 6.12625], "texture": "#1"},
				"south": {"uv": [3.75, 0.75, 4, 1], "texture": "#0"},
				"west": {"uv": [6.75, 6.125, 7.375, 6.375], "texture": "#0"},
				"up": {"uv": [5.75, 7.375, 5.5, 6.75], "texture": "#0"},
				"down": {"uv": [7, 6.375, 6.75, 7], "texture": "#0"}
			}
		},
		{
			"from": [13.001, 17.24, 0.49],
			"to": [14.501, 19.24, 3.99],
			"rotation": {"angle": 0, "axis": "y", "origin": [15.001, -0.77, 14.49]},
			"faces": {
				"north": {"uv": [6.25, 7.875, 6.5, 8.125], "texture": "#0"},
				"east": {"uv": [7.625, 3.5, 8.0625, 3.75], "texture": "#0"},
				"south": {"uv": [6.5, 8.625, 6.75, 8.875], "texture": "#0"},
				"west": {"uv": [7.625, 6.375, 8.0625, 6.625], "texture": "#0"},
				"up": {"uv": [7.875, 7.8125, 7.625, 7.375], "texture": "#0"},
				"down": {"uv": [0.875, 7.75, 0.625, 8.1875], "texture": "#0"}
			}
		},
		{
			"from": [13.001, 7.23, 13.49],
			"to": [14.001, 9.23, 14.49],
			"rotation": {"angle": 0, "axis": "y", "origin": [15.001, -10.77, 21.49]},
			"faces": {
				"north": {"uv": [1.125, 5.625, 1.25, 5.875], "texture": "#0"},
				"east": {"uv": [5.75, 8, 5.875, 8.25], "texture": "#0"},
				"south": {"uv": [3, 8.125, 3.125, 8.375], "texture": "#0"},
				"west": {"uv": [3.75, 9.375, 3.875, 9.625], "texture": "#0"},
				"up": {"uv": [3.125, 1.875, 3, 1.75], "texture": "#0"},
				"down": {"uv": [6.125, 3, 6, 3.125], "texture": "#0"}
			}
		},
		{
			"from": [13.001, 9.23, 11.49],
			"to": [14.001, 11.23, 14.49],
			"rotation": {"angle": 0, "axis": "y", "origin": [15.001, -8.77, 21.49]},
			"faces": {
				"north": {"uv": [3.875, 9.375, 4, 9.625], "texture": "#0"},
				"east": {"uv": [0, 7.875, 0.375, 8.125], "texture": "#0"},
				"south": {"uv": [4, 9.375, 4.125, 9.625], "texture": "#0"},
				"west": {"uv": [7.875, 0.125, 8.25, 0.375], "texture": "#0"},
				"up": {"uv": [9.375, 0.625, 9.25, 0.25], "texture": "#0"},
				"down": {"uv": [0.5, 9.25, 0.375, 9.625], "texture": "#0"}
			}
		},
		{
			"from": [13.001, 11.23, 9.49],
			"to": [14.001, 13.23, 14.49],
			"rotation": {"angle": 0, "axis": "y", "origin": [15.001, -6.77, 21.49]},
			"faces": {
				"north": {"uv": [9.375, 4, 9.5, 4.25], "texture": "#0"},
				"east": {"uv": [0, 6.875, 0.625, 7.125], "texture": "#0"},
				"south": {"uv": [9.375, 4.25, 9.5, 4.5], "texture": "#0"},
				"west": {"uv": [0.625, 6.875, 1.25, 7.125], "texture": "#0"},
				"up": {"uv": [2.375, 9.125, 2.25, 8.5], "texture": "#0"},
				"down": {"uv": [2.5, 8.5, 2.375, 9.125], "texture": "#0"}
			}
		},
		{
			"from": [13.001, 13.23, 7.49],
			"to": [14.001, 15.23, 14.49],
			"rotation": {"angle": 0, "axis": "y", "origin": [15.001, -4.77, 21.49]},
			"faces": {
				"north": {"uv": [9.375, 4.5, 9.5, 4.75], "texture": "#0"},
				"east": {"uv": [6.375, 3.5, 7.25, 3.75], "texture": "#0"},
				"south": {"uv": [9.375, 4.75, 9.5, 5], "texture": "#0"},
				"west": {"uv": [6.375, 3.75, 7.25, 4], "texture": "#0"},
				"up": {"uv": [3.25, 1.875, 3.125, 1], "texture": "#0"},
				"down": {"uv": [1.5, 7.5, 1.375, 8.375], "texture": "#0"}
			}
		},
		{
			"from": [13.001, 15.23, 5.49],
			"to": [14.001, 17.23, 14.49],
			"rotation": {"angle": 0, "axis": "y", "origin": [15.001, -2.77, 21.49]},
			"faces": {
				"north": {"uv": [5.25, 9.375, 5.375, 9.625], "texture": "#0"},
				"east": {"uv": [5.5, 5, 6.625, 5.25], "texture": "#0"},
				"south": {"uv": [5.375, 9.375, 5.5, 9.625], "texture": "#0"},
				"west": {"uv": [5.5, 5.25, 6.625, 5.5], "texture": "#0"},
				"up": {"uv": [3.25, 8.375, 3.125, 7.25], "texture": "#0"},
				"down": {"uv": [3.375, 7.25, 3.25, 8.375], "texture": "#0"}
			}
		},
		{
			"from": [13.001, 13.23, -0.11],
			"to": [15.001, 15.23, 7.49],
			"rotation": {"angle": 0, "axis": "y", "origin": [15.001, -4.77, 14.49]},
			"faces": {
				"north": {"uv": [6.75, 8.625, 7, 8.875], "texture": "#0"},
				"east": {"uv": [5.75, 1.25, 6.75, 1.5], "texture": "#0"},
				"south": {"uv": [7, 8.625, 7.25, 8.875], "texture": "#0"},
				"west": {"uv": [5.75, 1.5, 6.75, 1.75], "texture": "#0"},
				"up": {"uv": [5.5, 6.625, 5.25, 5.625], "texture": "#0"},
				"down": {"uv": [5.75, 5.75, 5.5, 6.75], "texture": "#0"}
			}
		},
		{
			"from": [13.001, 11.23, 3.49],
			"to": [15.001, 13.23, 9.49],
			"rotation": {"angle": 0, "axis": "y", "origin": [15.001, -6.77, 15.49]},
			"faces": {
				"north": {"uv": [8.625, 7.125, 8.875, 7.375], "texture": "#0"},
				"east": {"uv": [6.5, 2.375, 7.25, 2.625], "texture": "#0"},
				"south": {"uv": [8.625, 7.375, 8.875, 7.625], "texture": "#0"},
				"west": {"uv": [6.5, 2.625, 7.25, 2.875], "texture": "#0"},
				"up": {"uv": [3.375, 7.25, 3.125, 6.5], "texture": "#0"},
				"down": {"uv": [6.75, 6.25, 6.5, 7], "texture": "#0"}
			}
		},
		{
			"from": [-0.401, 9.23, 4.49],
			"to": [0.999, 11.23, 11.49],
			"rotation": {"angle": 0, "axis": "y", "origin": [0.999, -6.77, 15.49]},
			"faces": {
				"north": {"uv": [7.875, 8.625, 7.625, 8.875], "texture": "#0"},
				"east": {"uv": [7.25, 4.25, 6.375, 4.5], "texture": "#0"},
				"south": {"uv": [8.875, 7.625, 8.625, 7.875], "texture": "#0"},
				"west": {"uv": [7.25, 4, 6.375, 4.25], "texture": "#0"},
				"up": {"uv": [3.375, 7.25, 3.625, 6.375], "texture": "#0"},
				"down": {"uv": [1.5, 6.5, 1.75, 7.375], "texture": "#0"}
			}
		},
		{
			"from": [-1.001, 11.23, 3.49],
			"to": [0.999, 13.23, 9.49],
			"rotation": {"angle": 0, "axis": "y", "origin": [0.999, -6.77, 15.49]},
			"faces": {
				"north": {"uv": [8.875, 7.125, 8.625, 7.375], "texture": "#0"},
				"east": {"uv": [7.25, 2.625, 6.5, 2.875], "texture": "#0"},
				"south": {"uv": [8.875, 7.375, 8.625, 7.625], "texture": "#0"},
				"west": {"uv": [7.25, 2.375, 6.5, 2.625], "texture": "#0"},
				"up": {"uv": [3.125, 7.25, 3.375, 6.5], "texture": "#0"},
				"down": {"uv": [6.5, 6.25, 6.75, 7], "texture": "#0"}
			}
		},
		{
			"from": [12.92, 1.77, -1.65],
			"to": [13.92, 4.52, 1.8],
			"rotation": {"angle": 0, "axis": "y", "origin": [15.001, -7.07, 15.54]},
			"faces": {
				"north": {"uv": [4.75, 9.25, 4.875, 9.59375], "texture": "#0"},
				"east": {"uv": [2, 4.625, 2.4375, 4.96875], "texture": "#0"},
				"south": {"uv": [9.25, 4.75, 9.375, 5.09375], "texture": "#0"},
				"west": {"uv": [4.75, 6.875, 5.1875, 7.21875], "texture": "#0"},
				"up": {"uv": [9.25, 4.4375, 9.125, 4], "texture": "#0"},
				"down": {"uv": [4.25, 9.125, 4.125, 9.5625], "texture": "#0"}
			}
		},
		{
			"from": [13, 0.68, -1.3],
			"to": [14, 2.08, 1.48],
			"rotation": {"angle": 0, "axis": "y", "origin": [15.001, -11.42, 15.79]},
			"faces": {
				"north": {"uv": [9.625, 1.25, 9.75, 1.42188], "texture": "#0"},
				"east": {"uv": [9, 6.875, 9.34375, 7.04688], "texture": "#0"},
				"south": {"uv": [1.375, 9.625, 1.5, 9.79688], "texture": "#0"},
				"west": {"uv": [9, 7.125, 9.34375, 7.29688], "texture": "#0"},
				"up": {"uv": [5, 9.59375, 4.875, 9.25], "texture": "#0"},
				"down": {"uv": [5.125, 9.25, 5, 9.59375], "texture": "#0"}
			}
		},
		{
			"from": [12.991, 4.35, -0.26],
			"to": [13.991, 5.905, 1.24],
			"rotation": {"angle": 0, "axis": "y", "origin": [15.001, -7.42, 15.79]},
			"faces": {
				"north": {"uv": [6.25, 9.5, 6.375, 9.6875], "texture": "#0"},
				"east": {"uv": [2.375, 9.375, 2.5625, 9.5625], "texture": "#0"},
				"south": {"uv": [9.5, 6.25, 9.625, 6.4375], "texture": "#0"},
				"west": {"uv": [9.375, 2.5, 9.5625, 2.6875], "texture": "#0"},
				"up": {"uv": [6.5, 9.6875, 6.375, 9.5], "texture": "#0"},
				"down": {"uv": [9.625, 6.5, 9.5, 6.6875], "texture": "#0"}
			}
		},
		{
			"from": [12.992, 2.83, -2.16],
			"to": [13.991, 4.13, -1.06],
			"rotation": {"angle": 0, "axis": "y", "origin": [15.001, 13.83, 16.04]},
			"faces": {
				"north": {"uv": [9.625, 4.625, 9.75, 4.78125], "texture": "#0"},
				"east": {"uv": [9.5, 9.25, 9.64063, 9.40625], "texture": "#0"},
				"south": {"uv": [4.75, 9.625, 4.875, 9.78125], "texture": "#0"},
				"west": {"uv": [9.5, 9.5, 9.64063, 9.65625], "texture": "#0"},
				"up": {"uv": [8.125, 9.76563, 8, 9.625], "texture": "#0"},
				"down": {"uv": [8.25, 9.625, 8.125, 9.76563], "texture": "#0"}
			}
		},
		{
			"from": [12.99, 16.87, 0.3],
			"to": [13.99, 18.07, 1.3],
			"rotation": {"angle": -45, "axis": "x", "origin": [15.001, 6.83, 19.04]},
			"faces": {
				"north": {"uv": [4.875, 9.625, 5, 9.78125], "texture": "#0"},
				"east": {"uv": [9.625, 4.875, 9.75, 5.03125], "texture": "#0"},
				"south": {"uv": [5, 9.625, 5.125, 9.78125], "texture": "#0"},
				"west": {"uv": [5.125, 9.625, 5.25, 9.78125], "texture": "#0"},
				"up": {"uv": [7.5, 0.75, 7.375, 0.625], "texture": "#0"},
				"down": {"uv": [7, 7.75, 6.875, 7.875], "texture": "#0"}
			}
		},
		{
			"from": [12.992, 1.53, -2.16],
			"to": [13.991, 2.83, -1.06],
			"rotation": {"angle": 0, "axis": "y", "origin": [15.001, -8.17, 16.04]},
			"faces": {
				"north": {"uv": [9.625, 5.125, 9.75, 5.28125], "texture": "#0"},
				"east": {"uv": [0, 9.625, 0.14063, 9.78125], "texture": "#0"},
				"south": {"uv": [5.25, 9.625, 5.375, 9.78125], "texture": "#0"},
				"west": {"uv": [9.625, 0, 9.76563, 0.15625], "texture": "#0"},
				"up": {"uv": [9.75, 8.26563, 9.625, 8.125], "texture": "#0"},
				"down": {"uv": [8.375, 9.625, 8.25, 9.76563], "texture": "#0"}
			}
		},
		{
			"from": [12.99, -3.765, 0.68],
			"to": [13.99, -2.465, 1.78],
			"rotation": {"angle": 22.5, "axis": "x", "origin": [15.001, 7.33, 19.04]},
			"faces": {
				"north": {"uv": [5.375, 9.625, 5.5, 9.78125], "texture": "#0"},
				"east": {"uv": [9.625, 0.25, 9.76563, 0.40625], "texture": "#0"},
				"south": {"uv": [9.625, 5.375, 9.75, 5.53125], "texture": "#0"},
				"west": {"uv": [0.375, 9.625, 0.51563, 9.78125], "texture": "#0"},
				"up": {"uv": [8.5, 9.76563, 8.375, 9.625], "texture": "#0"},
				"down": {"uv": [9.75, 8.375, 9.625, 8.51563], "texture": "#0"}
			}
		},
		{
			"from": [12.91112, 7.62, 6.94],
			"to": [13.91112, 9.62, 10.38],
			"rotation": {"angle": -22.5, "axis": "x", "origin": [15.001, -8.67, 18.29]},
			"faces": {
				"north": {"uv": [5.5, 9.375, 5.625, 9.625], "texture": "#0"},
				"east": {"uv": [7.75, 0.625, 8.1875, 0.875], "texture": "#0"},
				"south": {"uv": [5.625, 9.375, 5.75, 9.625], "texture": "#0"},
				"west": {"uv": [7.75, 0.875, 8.1875, 1.125], "texture": "#0"},
				"up": {"uv": [4.375, 9.5625, 4.25, 9.125], "texture": "#0"},
				"down": {"uv": [4.5, 9.125, 4.375, 9.5625], "texture": "#0"}
			}
		},
		{
			"from": [12.991, -3.65, 7.82],
			"to": [13.991, -0.15, 9.12],
			"rotation": {"angle": 22.5, "axis": "x", "origin": [15.001, 7.83, 25.79]},
			"faces": {
				"north": {"uv": [4.5, 9.125, 4.625, 9.5625], "texture": "#0"},
				"east": {"uv": [3, 8.625, 3.15625, 9.0625], "texture": "#0"},
				"south": {"uv": [4.625, 9.125, 4.75, 9.5625], "texture": "#0"},
				"west": {"uv": [3.25, 8.625, 3.40625, 9.0625], "texture": "#0"},
				"up": {"uv": [5.625, 9.78125, 5.5, 9.625], "texture": "#0"},
				"down": {"uv": [5.75, 9.625, 5.625, 9.78125], "texture": "#0"}
			}
		},
		{
			"from": [12.9908, 14.75, 12.69],
			"to": [13.9908, 16, 15.19],
			"rotation": {"angle": -45, "axis": "x", "origin": [15.001, -1.92, 24.04]},
			"faces": {
				"north": {"uv": [9.625, 5.625, 9.75, 5.78125], "texture": "#0"},
				"east": {"uv": [9.125, 7.625, 9.4375, 7.78125], "texture": "#0"},
				"south": {"uv": [9.625, 5.875, 9.75, 6.03125], "texture": "#0"},
				"west": {"uv": [9.125, 8.125, 9.4375, 8.28125], "texture": "#0"},
				"up": {"uv": [2.125, 9.6875, 2, 9.375], "texture": "#0"},
				"down": {"uv": [2.25, 9.375, 2.125, 9.6875], "texture": "#0"}
			}
		},
		{
			"from": [12.9906, 6.5, 6.9],
			"to": [13.9906, 7.8, 9.9],
			"rotation": {"angle": -22.5, "axis": "x", "origin": [15.001, -10.17, 18.79]},
			"faces": {
				"north": {"uv": [9.625, 6.125, 9.75, 6.28125], "texture": "#0"},
				"east": {"uv": [9, 8.375, 9.375, 8.53125], "texture": "#0"},
				"south": {"uv": [9.625, 6.375, 9.75, 6.53125], "texture": "#0"},
				"west": {"uv": [9, 8.875, 9.375, 9.03125], "texture": "#0"},
				"up": {"uv": [0.625, 9.625, 0.5, 9.25], "texture": "#0"},
				"down": {"uv": [0.75, 9.25, 0.625, 9.625], "texture": "#0"}
			}
		},
		{
			"from": [12.9911, 9.5, 4.44],
			"to": [13.9911, 11.05, 5.99],
			"rotation": {"angle": -22.5, "axis": "x", "origin": [15.001, -7.17, 15.79]},
			"faces": {
				"north": {"uv": [9.5, 6.75, 9.625, 6.9375], "texture": "#0"},
				"east": {"uv": [2.625, 9.375, 2.8125, 9.5625], "texture": "#0"},
				"south": {"uv": [9.5, 7, 9.625, 7.1875], "texture": "#0"},
				"west": {"uv": [9.375, 2.75, 9.5625, 2.9375], "texture": "#0"},
				"up": {"uv": [7.375, 9.6875, 7.25, 9.5], "texture": "#0"},
				"down": {"uv": [9.625, 7.25, 9.5, 7.4375], "texture": "#0"}
			}
		},
		{
			"from": [12.981, 8.58, 13.39],
			"to": [13.981, 12.78, 19.14],
			"rotation": {"angle": -45, "axis": "x", "origin": [15.001, -7.02, 15.74]},
			"faces": {
				"north": {"uv": [6, 8.625, 6.125, 9.15625], "texture": "#0"},
				"east": {"uv": [1.25, 4.625, 1.96875, 5.15625], "texture": "#0"},
				"south": {"uv": [6.125, 8.625, 6.25, 9.15625], "texture": "#0"},
				"west": {"uv": [2, 5, 2.71875, 5.53125], "texture": "#0"},
				"up": {"uv": [2, 4.21875, 1.875, 3.5], "texture": "#0"},
				"down": {"uv": [6, 8, 5.875, 8.71875], "texture": "#0"}
			}
		},
		{
			"from": [13.001, 9.23, 4.49],
			"to": [14.301, 11.23, 11.49],
			"rotation": {"angle": 0, "axis": "y", "origin": [15.001, -6.77, 15.49]},
			"faces": {
				"north": {"uv": [7.625, 8.625, 7.875, 8.875], "texture": "#0"},
				"east": {"uv": [6.375, 4, 7.25, 4.25], "texture": "#0"},
				"south": {"uv": [8.625, 7.625, 8.875, 7.875], "texture": "#0"},
				"west": {"uv": [6.375, 4.25, 7.25, 4.5], "texture": "#0"},
				"up": {"uv": [3.625, 7.25, 3.375, 6.375], "texture": "#0"},
				"down": {"uv": [1.75, 6.5, 1.5, 7.375], "texture": "#0"}
			}
		},
		{
			"from": [13.001, 7.23, 5.49],
			"to": [14.601, 9.23, 14.49],
			"rotation": {"angle": 0, "axis": "y", "origin": [15.001, -6.77, 15.49]},
			"faces": {
				"north": {"uv": [7.875, 8.625, 8.125, 8.875], "texture": "#0"},
				"east": {"uv": [5.5, 5.5, 6.625, 5.75], "texture": "#0"},
				"south": {"uv": [8.125, 8.625, 8.375, 8.875], "texture": "#0"},
				"west": {"uv": [0, 5.625, 1.125, 5.875], "texture": "#0"},
				"up": {"uv": [1.5, 6.375, 1.25, 5.25], "texture": "#0"},
				"down": {"uv": [1.75, 5.25, 1.5, 6.375], "texture": "#0"}
			}
		},
		{
			"from": [13.001, 5.23, 6.49],
			"to": [15.001, 7.23, 14.49],
			"rotation": {"angle": 0, "axis": "y", "origin": [15.001, -6.77, 15.49]},
			"faces": {
				"north": {"uv": [8.375, 8.625, 8.625, 8.875], "texture": "#0"},
				"east": {"uv": [5.75, 1.75, 6.75, 2], "texture": "#0"},
				"south": {"uv": [8.625, 8.625, 8.875, 8.875], "texture": "#0"},
				"west": {"uv": [5.75, 5.75, 6.75, 6], "texture": "#0"},
				"up": {"uv": [0.25, 6.875, 0, 5.875], "texture": "#0"},
				"down": {"uv": [0.5, 5.875, 0.25, 6.875], "texture": "#0"}
			}
		},
		{
			"from": [-0.999, 13.225, 5.49],
			"to": [2.001, 15.225, 7.49],
			"rotation": {"angle": -45, "axis": "y", "origin": [-0.999, 1.23, 7.49]},
			"faces": {
				"north": {"uv": [7.875, 5, 8.25, 5.25], "texture": "#0"},
				"east": {"uv": [0.875, 8.75, 1.125, 9], "texture": "#0"},
				"south": {"uv": [7.875, 5.875, 8.25, 6.125], "texture": "#0"},
				"west": {"uv": [8.75, 1.5, 9, 1.75], "texture": "#0"},
				"up": {"uv": [8.25, 6.375, 7.875, 6.125], "texture": "#0"},
				"down": {"uv": [7.25, 7.875, 6.875, 8.125], "texture": "#0"}
			}
		},
		{
			"from": [0.001, 13.225, 12.49],
			"to": [3.001, 15.225, 14.49],
			"rotation": {"angle": -45, "axis": "y", "origin": [0.001, 1.23, 14.49]},
			"faces": {
				"north": {"uv": [7.875, 7.375, 8.25, 7.625], "texture": "#0"},
				"east": {"uv": [8.75, 3.125, 9, 3.375], "texture": "#0"},
				"south": {"uv": [7.625, 7.875, 8, 8.125], "texture": "#0"},
				"west": {"uv": [8.75, 3.75, 9, 4], "texture": "#0"},
				"up": {"uv": [8.25, 7.875, 7.875, 7.625], "texture": "#0"},
				"down": {"uv": [8.375, 1.75, 8, 2], "texture": "#0"}
			}
		},
		{
			"from": [0.001, 15.225, 12.49],
			"to": [3.001, 17.225, 14.49],
			"rotation": {"angle": -45, "axis": "y", "origin": [0.001, 3.23, 14.49]},
			"faces": {
				"north": {"uv": [8, 2.375, 8.375, 2.625], "texture": "#0"},
				"east": {"uv": [4.75, 8.75, 5, 9], "texture": "#0"},
				"south": {"uv": [8, 3, 8.375, 3.25], "texture": "#0"},
				"west": {"uv": [5, 8.75, 5.25, 9], "texture": "#0"},
				"up": {"uv": [8.375, 3.5, 8, 3.25], "texture": "#0"},
				"down": {"uv": [5.375, 8, 5, 8.25], "texture": "#0"}
			}
		},
		{
			"from": [11.87968, 15.22, 14.61132],
			"to": [14.87968, 17.22, 16.61132],
			"rotation": {"angle": 45, "axis": "y", "origin": [11.87968, 3.235, 16.61132]},
			"faces": {
				"north": {"uv": [8, 5.25, 8.375, 5.5], "texture": "#0"},
				"east": {"uv": [8.75, 5.125, 9, 5.375], "texture": "#0"},
				"south": {"uv": [5.375, 8, 5.75, 8.25], "texture": "#0"},
				"west": {"uv": [5.25, 8.75, 5.5, 9], "texture": "#0"},
				"up": {"uv": [8.375, 5.75, 8, 5.5], "texture": "#0"},
				"down": {"uv": [8.375, 6.625, 8, 6.875], "texture": "#0"}
			}
		},
		{
			"from": [12.85, 17.225, 14.51962],
			"to": [14.25, 19.225, 15.51962],
			"rotation": {"angle": 45, "axis": "y", "origin": [12.38359, 5.245, 16.51962]},
			"faces": {
				"north": {"uv": [5.75, 9.25, 5.92188, 9.5], "texture": "#0"},
				"east": {"uv": [9.375, 6.25, 9.5, 6.5], "texture": "#0"},
				"south": {"uv": [6, 9.25, 6.17188, 9.5], "texture": "#0"},
				"west": {"uv": [6.5, 9.375, 6.625, 9.625], "texture": "#0"},
				"up": {"uv": [7.79688, 2.875, 7.625, 2.75], "texture": "#0"},
				"down": {"uv": [8.17188, 2.625, 8, 2.75], "texture": "#0"}
			}
		},
		{
			"from": [11.85, 19.225, 13.51962],
			"to": [13.25, 21.225, 14.51962],
			"rotation": {"angle": 45, "axis": "y", "origin": [11.38359, 7.245, 15.51962]},
			"faces": {
				"north": {"uv": [9.25, 6, 9.42188, 6.25], "texture": "#0"},
				"east": {"uv": [9.375, 6.5, 9.5, 6.75], "texture": "#0"},
				"south": {"uv": [7.5875, 4.125, 8, 5], "texture": "#1"},
				"west": {"uv": [6.625, 9.375, 6.75, 9.625], "texture": "#0"},
				"up": {"uv": [7.5875, 4.125, 8, 5], "texture": "#1"},
				"down": {"uv": [4.67188, 8, 4.5, 8.125], "texture": "#0"}
			}
		},
		{
			"from": [1.75, 21.225, 12.51962],
			"to": [3.15, 22.225, 13.51962],
			"rotation": {"angle": -45, "axis": "y", "origin": [3.61641, 9.245, 14.51962]},
			"faces": {
				"north": {"uv": [8.125, 2.25, 8.29688, 2.375], "texture": "#0"},
				"east": {"uv": [8, 2, 8.125, 2.125], "texture": "#0"},
				"south": {"uv": [8.75, 0.625, 8.92188, 0.75], "texture": "#0"},
				"west": {"uv": [8.125, 5.75, 8.25, 5.875], "texture": "#0"},
				"up": {"uv": [8.92188, 1.875, 8.75, 1.75], "texture": "#0"},
				"down": {"uv": [9.29688, 5.625, 9.125, 5.75], "texture": "#0"}
			}
		},
		{
			"from": [10.85, 21.225, 12.51962],
			"to": [12.25, 22.225, 13.51962],
			"rotation": {"angle": 45, "axis": "y", "origin": [10.38359, 9.245, 14.51962]},
			"faces": {
				"north": {"uv": [9.125, 6.75, 9.29688, 6.875], "texture": "#0"},
				"east": {"uv": [8.25, 1.625, 8.375, 1.75], "texture": "#0"},
				"south": {"uv": [9.25, 1.75, 9.42188, 1.875], "texture": "#0"},
				"west": {"uv": [8.25, 2.875, 8.375, 3], "texture": "#0"},
				"up": {"uv": [9.42188, 3.375, 9.25, 3.25], "texture": "#0"},
				"down": {"uv": [1.67188, 9.625, 1.5, 9.75], "texture": "#0"}
			}
		},
		{
			"from": [-0.25, 17.225, 14.51962],
			"to": [1.15, 19.225, 15.51962],
			"rotation": {"angle": -45, "axis": "y", "origin": [1.61641, 5.245, 16.51962]},
			"faces": {
				"north": {"uv": [7.25, 9.25, 7.42188, 9.5], "texture": "#0"},
				"east": {"uv": [6.75, 9.375, 6.875, 9.625], "texture": "#0"},
				"south": {"uv": [9.25, 9.125, 9.42188, 9.375], "texture": "#0"},
				"west": {"uv": [9.375, 6.75, 9.5, 7], "texture": "#0"},
				"up": {"uv": [9.79688, 1.625, 9.625, 1.5], "texture": "#0"},
				"down": {"uv": [9.79688, 1.625, 9.625, 1.75], "texture": "#0"}
			}
		},
		{
			"from": [0.75, 19.225, 13.51962],
			"to": [2.15, 21.225, 14.51962],
			"rotation": {"angle": -45, "axis": "y", "origin": [2.61641, 7.245, 15.51962]},
			"faces": {
				"north": {"uv": [7.5875, 4.125, 8, 5], "texture": "#1"},
				"east": {"uv": [7.5875, 4.125, 8, 5], "texture": "#1"},
				"south": {"uv": [7.5875, 4.125, 8, 5], "texture": "#1"},
				"west": {"uv": [7.5875, 4.125, 8, 5], "texture": "#1"},
				"up": {"uv": [7.5875, 4.125, 8, 5], "texture": "#1"},
				"down": {"uv": [7.5875, 4.125, 8, 5], "texture": "#1"}
			}
		},
		{
			"from": [11.85, 19.225, -0.51962],
			"to": [13.25, 21.225, 0.48038],
			"rotation": {"angle": -45, "axis": "y", "origin": [11.38359, 7.245, -1.51962]},
			"faces": {
				"north": {"uv": [9.375, 0.5, 9.54688, 0.75], "texture": "#0"},
				"east": {"uv": [9.375, 7, 9.5, 7.25], "texture": "#0"},
				"south": {"uv": [9.375, 0.75, 9.54688, 1], "texture": "#0"},
				"west": {"uv": [7.125, 9.375, 7.25, 9.625], "texture": "#0"},
				"up": {"uv": [9.79688, 2.125, 9.625, 2], "texture": "#0"},
				"down": {"uv": [9.79688, 2.125, 9.625, 2.25], "texture": "#0"}
			}
		},
		{
			"from": [10.85, 21.225, 0.48038],
			"to": [12.25, 22.225, 1.48038],
			"rotation": {"angle": -45, "axis": "y", "origin": [10.38359, 9.245, -0.51962]},
			"faces": {
				"north": {"uv": [9.625, 2.25, 9.79688, 2.375], "texture": "#0"},
				"east": {"uv": [8.25, 5.125, 8.375, 5.25], "texture": "#0"},
				"south": {"uv": [2.375, 9.625, 2.54688, 9.75], "texture": "#0"},
				"west": {"uv": [8.625, 1.5, 8.75, 1.625], "texture": "#0"},
				"up": {"uv": [9.79688, 2.5, 9.625, 2.375], "texture": "#0"},
				"down": {"uv": [9.79688, 2.5, 9.625, 2.625], "texture": "#0"}
			}
		},
		{
			"from": [9.85, 22.225, 1.48038],
			"to": [11.25, 23.225, 2.48038],
			"rotation": {"angle": -45, "axis": "y", "origin": [9.38359, 10.245, 0.48038]},
			"faces": {
				"north": {"uv": [2.625, 9.625, 2.79688, 9.75], "texture": "#0"},
				"east": {"uv": [7.25, 8.625, 7.375, 8.75], "texture": "#0"},
				"south": {"uv": [9.625, 2.625, 9.79688, 2.75], "texture": "#0"},
				"west": {"uv": [9, 6.25, 9.125, 6.375], "texture": "#0"},
				"up": {"uv": [9.79688, 2.875, 9.625, 2.75], "texture": "#0"},
				"down": {"uv": [3.04688, 9.625, 2.875, 9.75], "texture": "#0"}
			}
		},
		{
			"from": [0.75, 19.225, -0.51962],
			"to": [2.15, 21.225, 0.48038],
			"rotation": {"angle": 45, "axis": "y", "origin": [2.61641, 7.245, -1.51962]},
			"faces": {
				"north": {"uv": [9.375, 1, 9.54688, 1.25], "texture": "#0"},
				"east": {"uv": [9.375, 7.25, 9.5, 7.5], "texture": "#0"},
				"south": {"uv": [1.125, 9.375, 1.29688, 9.625], "texture": "#0"},
				"west": {"uv": [7.625, 9.375, 7.75, 9.625], "texture": "#0"},
				"up": {"uv": [9.79688, 3, 9.625, 2.875], "texture": "#0"},
				"down": {"uv": [9.79688, 3, 9.625, 3.125], "texture": "#0"}
			}
		},
		{
			"from": [1.75, 21.225, 0.48038],
			"to": [3.15, 22.225, 1.48038],
			"rotation": {"angle": 45, "axis": "y", "origin": [3.61641, 9.245, -0.51962]},
			"faces": {
				"north": {"uv": [3.125, 9.625, 3.29688, 9.75], "texture": "#0"},
				"east": {"uv": [9.125, 0, 9.25, 0.125], "texture": "#0"},
				"south": {"uv": [9.625, 3.125, 9.79688, 3.25], "texture": "#0"},
				"west": {"uv": [9.125, 2.125, 9.25, 2.25], "texture": "#0"},
				"up": {"uv": [9.79688, 3.375, 9.625, 3.25], "texture": "#0"},
				"down": {"uv": [3.54688, 9.625, 3.375, 9.75], "texture": "#0"}
			}
		},
		{
			"from": [2.75, 22.225, 1.48038],
			"to": [4.15, 23.225, 2.48038],
			"rotation": {"angle": 45, "axis": "y", "origin": [4.61641, 10.245, 0.48038]},
			"faces": {
				"north": {"uv": [9.625, 3.375, 9.79688, 3.5], "texture": "#0"},
				"east": {"uv": [9.125, 2.5, 9.25, 2.625], "texture": "#0"},
				"south": {"uv": [9.625, 3.5, 9.79688, 3.625], "texture": "#0"},
				"west": {"uv": [9.125, 3.625, 9.25, 3.75], "texture": "#0"},
				"up": {"uv": [9.79688, 3.75, 9.625, 3.625], "texture": "#0"},
				"down": {"uv": [3.92188, 9.625, 3.75, 9.75], "texture": "#0"}
			}
		},
		{
			"from": [11.87968, 13.22, 14.61132],
			"to": [14.87968, 15.22, 16.61132],
			"rotation": {"angle": 45, "axis": "y", "origin": [11.87968, 1.235, 16.61132]},
			"faces": {
				"north": {"uv": [8, 6.875, 8.375, 7.125], "texture": "#0"},
				"east": {"uv": [8.75, 5.375, 9, 5.625], "texture": "#0"},
				"south": {"uv": [8, 7.875, 8.375, 8.125], "texture": "#0"},
				"west": {"uv": [5.5, 8.75, 5.75, 9], "texture": "#0"},
				"up": {"uv": [0.375, 8.375, 0, 8.125], "texture": "#0"},
				"down": {"uv": [1.875, 8.125, 1.5, 8.375], "texture": "#0"}
			}
		},
		{
			"from": [11.87968, 11.22, 14.61132],
			"to": [14.87968, 13.22, 16.61132],
			"rotation": {"angle": 45, "axis": "y", "origin": [11.87968, -0.765, 16.61132]},
			"faces": {
				"north": {"uv": [1.875, 8.125, 2.25, 8.375], "texture": "#0"},
				"east": {"uv": [5.75, 8.75, 6, 9], "texture": "#0"},
				"south": {"uv": [8.125, 2, 8.5, 2.25], "texture": "#0"},
				"west": {"uv": [8.75, 6.875, 9, 7.125], "texture": "#0"},
				"up": {"uv": [3, 8.375, 2.625, 8.125], "texture": "#0"},
				"down": {"uv": [8.5, 3.5, 8.125, 3.75], "texture": "#0"}
			}
		},
		{
			"from": [11.87968, 9.22, 14.61132],
			"to": [14.87968, 11.22, 16.61132],
			"rotation": {"angle": 45, "axis": "y", "origin": [11.87968, -2.765, 16.61132]},
			"faces": {
				"north": {"uv": [3.625, 8.125, 4, 8.375], "texture": "#0"},
				"east": {"uv": [7.25, 8.75, 7.5, 9], "texture": "#0"},
				"south": {"uv": [4, 8.125, 4.375, 8.375], "texture": "#0"},
				"west": {"uv": [8.75, 7.875, 9, 8.125], "texture": "#0"},
				"up": {"uv": [4.75, 8.375, 4.375, 8.125], "texture": "#0"},
				"down": {"uv": [6.625, 8.125, 6.25, 8.375], "texture": "#0"}
			}
		},
		{
			"from": [0.001, 11.225, 12.49],
			"to": [3.001, 13.225, 14.49],
			"rotation": {"angle": -45, "axis": "y", "origin": [0.001, -0.77, 14.49]},
			"faces": {
				"north": {"uv": [8.125, 6.375, 8.5, 6.625], "texture": "#0"},
				"east": {"uv": [8.75, 8.375, 9, 8.625], "texture": "#0"},
				"south": {"uv": [6.625, 8.125, 7, 8.375], "texture": "#0"},
				"west": {"uv": [0, 8.875, 0.25, 9.125], "texture": "#0"},
				"up": {"uv": [7.375, 8.375, 7, 8.125], "texture": "#0"},
				"down": {"uv": [7.75, 8.125, 7.375, 8.375], "texture": "#0"}
			}
		},
		{
			"from": [0.001, 9.225, 12.49],
			"to": [3.001, 11.225, 14.49],
			"rotation": {"angle": -45, "axis": "y", "origin": [0.001, -2.77, 14.49]},
			"faces": {
				"north": {"uv": [7.75, 8.125, 8.125, 8.375], "texture": "#0"},
				"east": {"uv": [1.125, 8.875, 1.375, 9.125], "texture": "#0"},
				"south": {"uv": [8.125, 8.125, 8.5, 8.375], "texture": "#0"},
				"west": {"uv": [1.375, 8.875, 1.625, 9.125], "texture": "#0"},
				"up": {"uv": [8.625, 0.375, 8.25, 0.125], "texture": "#0"},
				"down": {"uv": [0.75, 8.25, 0.375, 8.5], "texture": "#0"}
			}
		},
		{
			"from": [12.099, 9.225, 7.69],
			"to": [15.099, 11.225, 9.59],
			"rotation": {"angle": 45, "axis": "y", "origin": [16.999, -2.77, 11.49]},
			"faces": {
				"north": {"uv": [8.625, 0.375, 8.25, 0.625], "texture": "#0"},
				"east": {"uv": [2.125, 8.875, 1.875, 9.125], "texture": "#0"},
				"south": {"uv": [8.625, 0.625, 8.25, 0.875], "texture": "#0"},
				"west": {"uv": [1.875, 8.875, 1.625, 9.125], "texture": "#0"},
				"up": {"uv": [0.75, 8.5, 1.125, 8.25], "texture": "#0"},
				"down": {"uv": [8.25, 0.875, 8.625, 1.125], "texture": "#0"}
			}
		},
		{
			"from": [11.699, 15.229, 3.19],
			"to": [14.699, 17.229, 5.19],
			"rotation": {"angle": 45, "axis": "y", "origin": [14.999, 3.23, 5.49]},
			"faces": {
				"north": {"uv": [8.25, 4.875, 8.625, 5.125], "texture": "#0"},
				"east": {"uv": [8.875, 6.375, 9.125, 6.625], "texture": "#0"},
				"south": {"uv": [5.125, 8.25, 5.5, 8.5], "texture": "#0"},
				"west": {"uv": [8.875, 7.625, 9.125, 7.875], "texture": "#0"},
				"up": {"uv": [5.875, 8.5, 5.5, 8.25], "texture": "#0"},
				"down": {"uv": [8.625, 5.75, 8.25, 6], "texture": "#0"}
			}
		},
		{
			"from": [6.501, 15.229, 3.71],
			"to": [9.201, 17.229, 5.21],
			"rotation": {"angle": 45, "axis": "y", "origin": [-0.999, 3.23, 10.51]},
			"faces": {
				"north": {"uv": [5.125, 8.25, 5.5, 8.5], "texture": "#0"},
				"east": {"uv": [8.875, 7.625, 9.125, 7.875], "texture": "#0"},
				"south": {"uv": [8.25, 4.875, 8.625, 5.125], "texture": "#0"},
				"west": {"uv": [8.875, 6.375, 9.125, 6.625], "texture": "#0"},
				"up": {"uv": [5.5, 8.25, 5.875, 8.5], "texture": "#0"},
				"down": {"uv": [8.25, 6, 8.625, 5.75], "texture": "#0"}
			}
		},
		{
			"from": [-0.501, 15.22, 0.29],
			"to": [0.999, 17.23, 5.49],
			"rotation": {"angle": 0, "axis": "y", "origin": [-1.001, -2.77, 14.49]},
			"faces": {
				"north": {"uv": [3.5, 2.625, 3.25, 2.875], "texture": "#0"},
				"east": {"uv": [7.375, 6.125, 6.75, 6.375], "texture": "#0"},
				"south": {"uv": [4, 0.75, 3.75, 1], "texture": "#0"},
				"west": {"uv": [7.375, 5.875, 6.75, 6.12625], "texture": "#1"},
				"up": {"uv": [5.5, 7.375, 5.75, 6.75], "texture": "#0"},
				"down": {"uv": [6.75, 6.375, 7, 7], "texture": "#0"}
			}
		},
		{
			"from": [-0.66, 15.229, 3.49],
			"to": [1.99, 17.229, 5.14],
			"rotation": {"angle": -45, "axis": "y", "origin": [-0.999, 3.23, 5.49]},
			"faces": {
				"north": {"uv": [8.625, 4.875, 8.25, 5.125], "texture": "#0"},
				"east": {"uv": [9.125, 7.625, 8.875, 7.875], "texture": "#0"},
				"south": {"uv": [5.5, 8.25, 5.125, 8.5], "texture": "#0"},
				"west": {"uv": [9.125, 6.375, 8.875, 6.625], "texture": "#0"},
				"up": {"uv": [5.5, 8.5, 5.875, 8.25], "texture": "#0"},
				"down": {"uv": [8.25, 5.75, 8.625, 6], "texture": "#0"}
			}
		},
		{
			"from": [4.799, 15.229, 3.55],
			"to": [7.499, 17.229, 5.25],
			"rotation": {"angle": -45, "axis": "y", "origin": [14.999, 3.23, 10.51]},
			"faces": {
				"north": {"uv": [5.5, 8.25, 5.125, 8.5], "texture": "#0"},
				"east": {"uv": [9.125, 6.375, 8.875, 6.625], "texture": "#0"},
				"south": {"uv": [8.625, 4.875, 8.25, 5.125], "texture": "#0"},
				"west": {"uv": [9.125, 7.625, 8.875, 7.875], "texture": "#0"},
				"up": {"uv": [5.875, 8.25, 5.5, 8.5], "texture": "#0"},
				"down": {"uv": [8.625, 6, 8.25, 5.75], "texture": "#0"}
			}
		},
		{
			"from": [5.399, 15.229, 3.75],
			"to": [7.599, 19.229, 5.45],
			"rotation": {"angle": -45, "axis": "y", "origin": [14.999, 3.23, 10.51]},
			"faces": {
				"north": {"uv": [5.5, 8.25, 5.125, 8.5], "texture": "#0"},
				"east": {"uv": [9.125, 6.375, 8.875, 6.625], "texture": "#0"},
				"south": {"uv": [8.625, 4.875, 8.25, 5.125], "texture": "#0"},
				"west": {"uv": [9.125, 7.625, 8.875, 7.875], "texture": "#0"},
				"up": {"uv": [5.875, 8.25, 5.5, 8.5], "texture": "#0"},
				"down": {"uv": [8.625, 6, 8.25, 5.75], "texture": "#0"}
			}
		},
		{
			"from": [5.399, 15.229, 3.75],
			"to": [7.599, 19.229, 5.45],
			"rotation": {"angle": -45, "axis": "y", "origin": [14.999, 3.23, 10.51]},
			"faces": {
				"north": {"uv": [5.5, 8.25, 5.125, 8.5], "texture": "#0"},
				"east": {"uv": [9.125, 6.375, 8.875, 6.625], "texture": "#0"},
				"south": {"uv": [8.625, 4.875, 8.25, 5.125], "texture": "#0"},
				"west": {"uv": [9.125, 7.625, 8.875, 7.875], "texture": "#0"},
				"up": {"uv": [5.875, 8.25, 5.5, 8.5], "texture": "#0"},
				"down": {"uv": [8.625, 6, 8.25, 5.75], "texture": "#0"}
			}
		},
		{
			"from": [13.001, 17.24, 0.49],
			"to": [14.501, 19.24, 3.99],
			"rotation": {"angle": 0, "axis": "y", "origin": [15.001, -0.77, 14.49]},
			"faces": {
				"north": {"uv": [6.25, 7.875, 6.5, 8.125], "texture": "#0"},
				"east": {"uv": [7.625, 3.5, 8.0625, 3.75], "texture": "#0"},
				"south": {"uv": [6.5, 8.625, 6.75, 8.875], "texture": "#0"},
				"west": {"uv": [7.625, 6.375, 8.0625, 6.625], "texture": "#0"},
				"up": {"uv": [7.875, 7.8125, 7.625, 7.375], "texture": "#0"},
				"down": {"uv": [0.875, 7.75, 0.625, 8.1875], "texture": "#0"}
			}
		},
		{
			"from": [11.999, 17.225, 2.5],
			"to": [14.699, 19.225, 3.65],
			"rotation": {"angle": 45, "axis": "y", "origin": [14.999, 5.23, 3.99]},
			"faces": {
				"north": {"uv": [8.25, 1.125, 8.625, 1.375], "texture": "#0"},
				"east": {"uv": [9.375, 1.25, 9.54688, 1.5], "texture": "#0"},
				"south": {"uv": [8.25, 1.375, 8.625, 1.625], "texture": "#0"},
				"west": {"uv": [1.375, 9.375, 1.54688, 9.625], "texture": "#0"},
				"up": {"uv": [9, 4.79688, 8.625, 4.625], "texture": "#0"},
				"down": {"uv": [9, 4.875, 8.625, 5.04688], "texture": "#0"}
			}
		},
		{
			"from": [11.999, 13.225, 5.49],
			"to": [14.999, 15.225, 7.49],
			"rotation": {"angle": 45, "axis": "y", "origin": [14.999, 1.23, 7.49]},
			"faces": {
				"north": {"uv": [8.25, 6, 8.625, 6.25], "texture": "#0"},
				"east": {"uv": [8.875, 8.125, 9.125, 8.375], "texture": "#0"},
				"south": {"uv": [8.25, 7.125, 8.625, 7.375], "texture": "#0"},
				"west": {"uv": [8.25, 8.875, 8.5, 9.125], "texture": "#0"},
				"up": {"uv": [8.625, 7.625, 8.25, 7.375], "texture": "#0"},
				"down": {"uv": [8.625, 7.625, 8.25, 7.875], "texture": "#0"}
			}
		},
		{
			"from": [11.999, 11.225, 7.49],
			"to": [14.999, 13.225, 9.49],
			"rotation": {"angle": 45, "axis": "y", "origin": [14.999, -0.77, 9.49]},
			"faces": {
				"north": {"uv": [0, 8.375, 0.375, 8.625], "texture": "#0"},
				"east": {"uv": [8.5, 8.875, 8.75, 9.125], "texture": "#0"},
				"south": {"uv": [1.125, 8.375, 1.5, 8.625], "texture": "#0"},
				"west": {"uv": [8.875, 8.625, 9.125, 8.875], "texture": "#0"},
				"up": {"uv": [1.875, 8.625, 1.5, 8.375], "texture": "#0"},
				"down": {"uv": [8.75, 1.625, 8.375, 1.875], "texture": "#0"}
			}
		},
		{
			"from": [-0.399, 11.225, 8.89],
			"to": [2.601, 13.225, 10.89],
			"rotation": {"angle": -45, "axis": "y", "origin": [1.001, -0.77, 9.49]},
			"faces": {
				"north": {"uv": [0.375, 8.375, 0, 8.625], "texture": "#0"},
				"east": {"uv": [9.125, 8.625, 8.875, 8.875], "texture": "#0"},
				"south": {"uv": [1.5, 8.375, 1.125, 8.625], "texture": "#0"},
				"west": {"uv": [8.75, 8.875, 8.5, 9.125], "texture": "#0"},
				"up": {"uv": [1.5, 8.625, 1.875, 8.375], "texture": "#0"},
				"down": {"uv": [8.375, 1.625, 8.75, 1.875], "texture": "#0"}
			}
		},
		{
			"from": [-0.999, 5.25, 14.49],
			"to": [1.001, 7.25, 18.19],
			"rotation": {"angle": 22.5, "axis": "y", "origin": [-0.999, -6.77, 14.49]},
			"faces": {
				"north": {"uv": [0.375, 9, 0.625, 9.25], "texture": "#0"},
				"east": {"uv": [7.375, 6.125, 7.84375, 6.375], "texture": "#0"},
				"south": {"uv": [9, 0.375, 9.25, 0.625], "texture": "#0"},
				"west": {"uv": [0.625, 7.5, 1.09375, 7.75], "texture": "#0"},
				"up": {"uv": [7.75, 1.09375, 7.5, 0.625], "texture": "#0"},
				"down": {"uv": [1.375, 7.5, 1.125, 7.96875], "texture": "#0"}
			}
		},
		{
			"from": [12.62, 7.225, 14.59],
			"to": [14.62, 9.225, 17.29],
			"rotation": {"angle": -22.5, "axis": "y", "origin": [14.999, -4.77, 14.49]},
			"faces": {
				"north": {"uv": [0.625, 9, 0.875, 9.25], "texture": "#0"},
				"east": {"uv": [7.5, 3, 7.96875, 3.25], "texture": "#0"},
				"south": {"uv": [9, 0.625, 9.25, 0.875], "texture": "#0"},
				"west": {"uv": [7.5, 3.25, 7.96875, 3.5], "texture": "#0"},
				"up": {"uv": [4, 7.96875, 3.75, 7.5], "texture": "#0"},
				"down": {"uv": [7.75, 4.125, 7.5, 4.59375], "texture": "#0"}
			}
		},
		{
			"from": [-0.55, 7.225, 13.79],
			"to": [1.45, 9.225, 16.49],
			"rotation": {"angle": 22.5, "axis": "y", "origin": [1.001, -4.77, 14.49]},
			"faces": {
				"north": {"uv": [0.875, 9, 0.625, 9.25], "texture": "#0"},
				"east": {"uv": [7.96875, 3.25, 7.5, 3.5], "texture": "#0"},
				"south": {"uv": [9.25, 0.625, 9, 0.875], "texture": "#0"},
				"west": {"uv": [7.96875, 3, 7.5, 3.25], "texture": "#0"},
				"up": {"uv": [3.75, 7.96875, 4, 7.5], "texture": "#0"},
				"down": {"uv": [7.5, 4.125, 7.75, 4.59375], "texture": "#0"}
			}
		},
		{
			"from": [12.999, 5.25, 14.49],
			"to": [14.999, 7.25, 18.19],
			"rotation": {"angle": -22.5, "axis": "y", "origin": [14.999, -6.77, 14.49]},
			"faces": {
				"north": {"uv": [0.875, 9, 1.125, 9.25], "texture": "#0"},
				"east": {"uv": [7.5, 6.625, 7.96875, 6.875], "texture": "#0"},
				"south": {"uv": [9, 0.875, 9.25, 1.125], "texture": "#0"},
				"west": {"uv": [7.5, 6.875, 7.96875, 7.125], "texture": "#0"},
				"up": {"uv": [4.75, 7.96875, 4.5, 7.5], "texture": "#0"},
				"down": {"uv": [7.875, 0.125, 7.625, 0.59375], "texture": "#0"}
			}
		},
		{
			"from": [-1.001, 5.23, 6.49],
			"to": [0.999, 7.23, 14.49],
			"rotation": {"angle": 0, "axis": "y", "origin": [-1.001, -6.77, 15.49]},
			"faces": {
				"north": {"uv": [9, 1.125, 9.25, 1.375], "texture": "#0"},
				"east": {"uv": [1.75, 5.875, 2.75, 6.125], "texture": "#0"},
				"south": {"uv": [9, 1.375, 9.25, 1.625], "texture": "#0"},
				"west": {"uv": [2.75, 5.875, 3.75, 6.125], "texture": "#0"},
				"up": {"uv": [0.75, 6.875, 0.5, 5.875], "texture": "#0"},
				"down": {"uv": [1, 5.875, 0.75, 6.875], "texture": "#0"}
			}
		},
		{
			"from": [-0.701, 7.23, 5.49],
			"to": [0.999, 9.23, 14.49],
			"rotation": {"angle": 0, "axis": "y", "origin": [-1.001, -6.77, 15.49]},
			"faces": {
				"north": {"uv": [9, 1.625, 9.25, 1.875], "texture": "#0"},
				"east": {"uv": [1.75, 5.625, 2.875, 5.875], "texture": "#0"},
				"south": {"uv": [9, 2.25, 9.25, 2.5], "texture": "#0"},
				"west": {"uv": [2.875, 5.625, 4, 5.875], "texture": "#0"},
				"up": {"uv": [4.25, 6.75, 4, 5.625], "texture": "#0"},
				"down": {"uv": [4.5, 5.625, 4.25, 6.75], "texture": "#0"}
			}
		},
		{
			"from": [-0.991, 2.22, -6.7],
			"to": [0.759, 7.72, 2.5],
			"rotation": {"angle": 22.5, "axis": "x", "origin": [-1.001, -7.02, 15.74]},
			"faces": {
				"north": {"uv": [6.5, 7, 6.71875, 7.6875], "texture": "#0"},
				"east": {"uv": [0.75, 3.5, 1.875, 4.1875], "texture": "#0"},
				"south": {"uv": [7, 6.625, 7.21875, 7.3125], "texture": "#0"},
				"west": {"uv": [3.5, 3.125, 4.625, 3.8125], "texture": "#0"},
				"up": {"uv": [5.96875, 7.375, 5.75, 6.25], "texture": "#0"},
				"down": {"uv": [6.21875, 6.25, 6, 7.375], "texture": "#0"}
			}
		},
		{
			"from": [13.241, 2.3, -6.75],
			"to": [14.991, 7.8, 2.25],
			"rotation": {"angle": 22.5, "axis": "x", "origin": [15.001, -7.02, 15.49]},
			"faces": {
				"north": {"uv": [6.75, 7, 6.96875, 7.6875], "texture": "#0"},
				"east": {"uv": [3.75, 0, 4.875, 0.6875], "texture": "#0"},
				"south": {"uv": [0, 7.125, 0.21875, 7.8125], "texture": "#0"},
				"west": {"uv": [3.5, 3.875, 4.625, 4.5625], "texture": "#0"},
				"up": {"uv": [6.46875, 7.375, 6.25, 6.25], "texture": "#0"},
				"down": {"uv": [1.46875, 6.375, 1.25, 7.5], "texture": "#0"}
			}
		},
		{
			"from": [13.009, 14.325, -6.64],
			"to": [14.989, 16.325, -4.89],
			"rotation": {"angle": 22.5, "axis": "x", "origin": [13.999, 2.33, -4.91]},
			"faces": {
				"north": {"uv": [3, 8.375, 3.375, 8.625], "texture": "#0"},
				"east": {"uv": [9.125, 6.25, 9.34375, 6.5], "texture": "#0"},
				"south": {"uv": [8.375, 3.125, 8.75, 3.375], "texture": "#0"},
				"west": {"uv": [9.125, 6.5, 9.34375, 6.75], "texture": "#0"},
				"up": {"uv": [0.75, 8.71875, 0.375, 8.5], "texture": "#0"},
				"down": {"uv": [1.125, 8.5, 0.75, 8.71875], "texture": "#0"}
			}
		},
		{
			"from": [-1.01, 8.65, 0.59],
			"to": [1.01, 10.15, 3.09],
			"rotation": {"angle": 0, "axis": "y", "origin": [0.001, 22.33, 1.09]},
			"faces": {
				"north": {"uv": [3, 8.625, 2.625, 8.8125], "texture": "#0"},
				"east": {"uv": [3.6875, 9.125, 3.375, 9.3125], "texture": "#0"},
				"south": {"uv": [9, 2.625, 8.625, 2.8125], "texture": "#0"},
				"west": {"uv": [3.3125, 9.125, 3, 9.3125], "texture": "#0"},
				"up": {"uv": [7.625, 2.0625, 8, 1.75], "texture": "#0"},
				"down": {"uv": [7.625, 2.375, 8, 2.6875], "texture": "#0"}
			}
		},
		{
			"from": [-1.009, 8.335, 4.2],
			"to": [1.011, 9.735, 6.09],
			"rotation": {"angle": 22.5, "axis": "x", "origin": [0.001, 22.33, 4.09]},
			"faces": {
				"north": {"uv": [6.625, 8.375, 6.25, 8.625], "texture": "#0"},
				"east": {"uv": [2.85938, 9.125, 2.625, 9.375], "texture": "#0"},
				"south": {"uv": [7, 8.375, 6.625, 8.625], "texture": "#0"},
				"west": {"uv": [2.10938, 9.125, 1.875, 9.375], "texture": "#0"},
				"up": {"uv": [8, 8.60938, 8.375, 8.375], "texture": "#0"},
				"down": {"uv": [8.375, 8.375, 8.75, 8.60938], "texture": "#0"}
			}
		},
		{
			"from": [-0.999, 14.45, -2.9999],
			"to": [1.001, 16.45, -1.1999],
			"rotation": {"angle": -22.5, "axis": "x", "origin": [0.001, 16.53, 10.99]},
			"faces": {
				"north": {"uv": [8.75, 3.75, 8.375, 4], "texture": "#0"},
				"east": {"uv": [9.25, 2.875, 9, 3.125], "texture": "#0"},
				"south": {"uv": [4.5, 8.375, 4.125, 8.625], "texture": "#0"},
				"west": {"uv": [9.25, 2.625, 9, 2.875], "texture": "#0"},
				"up": {"uv": [8.375, 5.375, 8.75, 5.125], "texture": "#0"},
				"down": {"uv": [8.375, 5.375, 8.75, 5.625], "texture": "#0"}
			}
		},
		{
			"from": [-1, 11.09, -1.9],
			"to": [1, 14.09, -0.01],
			"rotation": {"angle": 0, "axis": "y", "origin": [0.001, 0.23, 0.19]},
			"faces": {
				"north": {"uv": [3.5, 4.25, 3.125, 4.625], "texture": "#0"},
				"east": {"uv": [7.60938, 8.375, 7.375, 8.75], "texture": "#0"},
				"south": {"uv": [7.625, 3.5, 7.25, 3.875], "texture": "#0"},
				"west": {"uv": [1.35938, 8, 1.125, 8.375], "texture": "#0"},
				"up": {"uv": [7.625, 8.60938, 8, 8.375], "texture": "#0"},
				"down": {"uv": [8.375, 7.875, 8.75, 8.10938], "texture": "#0"}
			}
		},
		{
			"from": [-0.989, 14.325, -6.64],
			"to": [0.991, 16.325, -4.89],
			"rotation": {"angle": 22.5, "axis": "x", "origin": [0.001, 2.33, -4.91]},
			"faces": {
				"north": {"uv": [3.375, 8.375, 3, 8.625], "texture": "#0"},
				"east": {"uv": [9.34375, 6.5, 9.125, 6.75], "texture": "#0"},
				"south": {"uv": [8.75, 3.125, 8.375, 3.375], "texture": "#0"},
				"west": {"uv": [9.34375, 6.25, 9.125, 6.5], "texture": "#0"},
				"up": {"uv": [0.375, 8.71875, 0.75, 8.5], "texture": "#0"},
				"down": {"uv": [0.75, 8.5, 1.125, 8.71875], "texture": "#0"}
			}
		},
		{
			"from": [0.99, 18, 2.06],
			"to": [13.09, 19, 5.06],
			"rotation": {"angle": -22.5, "axis": "x", "origin": [11.999, 4.68, 5.09]},
			"faces": {
				"north": {"uv": [4.625, 4.25, 6.3125, 4.5], "texture": "#0"},
				"east": {"uv": [3.375, 8.375, 3.75, 8.625], "texture": "#0"},
				"south": {"uv": [4.625, 4.5, 6.3125, 4.75], "texture": "#0"},
				"west": {"uv": [3.75, 8.375, 4.125, 8.625], "texture": "#0"},
				"up": {"uv": [5.6875, 1.125, 4, 0.75], "texture": "#0"},
				"down": {"uv": [5.6875, 1.125, 4, 1.5], "texture": "#0"}
			}
		},
		{
			"from": [1, 10.45, -6.43],
			"to": [13, 13.45, -4.63],
			"rotation": {"angle": 22.5, "axis": "x", "origin": [11.999, 4.68, 5.09]},
			"faces": {
				"north": {"uv": [5.6875, 1.125, 4, 0.75], "rotation": 180, "texture": "#0"},
				"east": {"uv": [3.375, 8.375, 3.75, 8.625], "rotation": 90, "texture": "#0"},
				"south": {"uv": [5.6875, 1.125, 4, 1.5], "texture": "#0"},
				"west": {"uv": [3.75, 8.375, 4.125, 8.625], "rotation": 270, "texture": "#0"},
				"up": {"uv": [4.625, 4.5, 6.3125, 4.75], "texture": "#0"},
				"down": {"uv": [4.625, 4.25, 6.3125, 4.5], "rotation": 180, "texture": "#0"}
			}
		},
		{
			"from": [1.009, 19, 3.06],
			"to": [13.009, 20, 5.06],
			"rotation": {"angle": -22.5, "axis": "x", "origin": [11.999, 4.68, 5.09]},
			"faces": {
				"north": {"uv": [4.625, 4.25, 6.3125, 4.5], "texture": "#0"},
				"east": {"uv": [3.375, 8.375, 3.75, 8.625], "texture": "#0"},
				"south": {"uv": [4.625, 4.5, 6.3125, 4.75], "texture": "#0"},
				"west": {"uv": [3.75, 8.375, 4.125, 8.625], "texture": "#0"},
				"up": {"uv": [5.6875, 1.125, 4, 0.75], "texture": "#0"},
				"down": {"uv": [5.6875, 1.125, 4, 1.5], "texture": "#0"}
			}
		},
		{
			"from": [1.009, 18.2, 10.06],
			"to": [13.0088, 19.2, 11.01],
			"rotation": {"angle": -45, "axis": "x", "origin": [11.999, 4.68, 5.09]},
			"faces": {
				"north": {"uv": [4.625, 4.25, 6.3125, 4.5], "texture": "#0"},
				"east": {"uv": [3.375, 8.375, 3.75, 8.625], "texture": "#0"},
				"south": {"uv": [4.625, 4.5, 6.3125, 4.75], "texture": "#0"},
				"west": {"uv": [3.75, 8.375, 4.125, 8.625], "texture": "#0"},
				"up": {"uv": [5.6875, 1.125, 4, 0.75], "texture": "#0"},
				"down": {"uv": [5.6875, 1.125, 4, 1.5], "texture": "#0"}
			}
		},
		{
			"from": [13, 11.09, -1.9],
			"to": [15, 14.09, -0.01],
			"rotation": {"angle": 0, "axis": "y", "origin": [13.999, 0.23, 0.19]},
			"faces": {
				"north": {"uv": [3.125, 4.25, 3.5, 4.625], "texture": "#0"},
				"east": {"uv": [1.125, 8, 1.35938, 8.375], "texture": "#0"},
				"south": {"uv": [7.25, 3.5, 7.625, 3.875], "texture": "#0"},
				"west": {"uv": [7.375, 8.375, 7.60938, 8.75], "texture": "#0"},
				"up": {"uv": [8, 8.60938, 7.625, 8.375], "texture": "#0"},
				"down": {"uv": [8.75, 7.875, 8.375, 8.10938], "texture": "#0"}
			}
		},
		{
			"from": [12.999, 14.45, -2.9999],
			"to": [14.999, 16.45, -1.1999],
			"rotation": {"angle": -22.5, "axis": "x", "origin": [13.999, 16.53, 10.99]},
			"faces": {
				"north": {"uv": [8.375, 3.75, 8.75, 4], "texture": "#0"},
				"east": {"uv": [9, 2.625, 9.25, 2.875], "texture": "#0"},
				"south": {"uv": [4.125, 8.375, 4.5, 8.625], "texture": "#0"},
				"west": {"uv": [9, 2.875, 9.25, 3.125], "texture": "#0"},
				"up": {"uv": [8.75, 5.375, 8.375, 5.125], "texture": "#0"},
				"down": {"uv": [8.75, 5.375, 8.375, 5.625], "texture": "#0"}
			}
		},
		{
			"from": [12.989, 8.335, 4.2],
			"to": [15.009, 9.735, 6.09],
			"rotation": {"angle": 22.5, "axis": "x", "origin": [13.999, 22.33, 4.09]},
			"faces": {
				"north": {"uv": [6.25, 8.375, 6.625, 8.625], "texture": "#0"},
				"east": {"uv": [1.875, 9.125, 2.10938, 9.375], "texture": "#0"},
				"south": {"uv": [6.625, 8.375, 7, 8.625], "texture": "#0"},
				"west": {"uv": [2.625, 9.125, 2.85938, 9.375], "texture": "#0"},
				"up": {"uv": [8.375, 8.60938, 8, 8.375], "texture": "#0"},
				"down": {"uv": [8.75, 8.375, 8.375, 8.60938], "texture": "#0"}
			}
		},
		{
			"from": [12.99, 8.65, 0.59],
			"to": [15.01, 10.15, 3.09],
			"rotation": {"angle": 0, "axis": "y", "origin": [13.999, 22.33, 1.09]},
			"faces": {
				"north": {"uv": [2.625, 8.625, 3, 8.8125], "texture": "#0"},
				"east": {"uv": [3, 9.125, 3.3125, 9.3125], "texture": "#0"},
				"south": {"uv": [8.625, 2.625, 9, 2.8125], "texture": "#0"},
				"west": {"uv": [3.375, 9.125, 3.6875, 9.3125], "texture": "#0"},
				"up": {"uv": [8, 2.0625, 7.625, 1.75], "texture": "#0"},
				"down": {"uv": [8, 2.375, 7.625, 2.6875], "texture": "#0"}
			}
		},
		{
			"from": [0.019, 8.58, 13.39],
			"to": [1.019, 12.78, 19.14],
			"rotation": {"angle": -45, "axis": "x", "origin": [-1.001, -7.02, 15.74]},
			"faces": {
				"north": {"uv": [6.25, 8.625, 6.375, 9.15625], "texture": "#0"},
				"east": {"uv": [2.75, 5, 3.46875, 5.53125], "texture": "#0"},
				"south": {"uv": [6.375, 8.625, 6.5, 9.15625], "texture": "#0"},
				"west": {"uv": [3.5, 5, 4.21875, 5.53125], "texture": "#0"},
				"up": {"uv": [4.625, 9.09375, 4.5, 8.375], "texture": "#0"},
				"down": {"uv": [4.75, 8.375, 4.625, 9.09375], "texture": "#0"}
			}
		},
		{
			"from": [0.0089, 9.5, 4.44],
			"to": [1.0089, 11.05, 5.99],
			"rotation": {"angle": -22.5, "axis": "x", "origin": [-1.001, -7.17, 15.79]},
			"faces": {
				"north": {"uv": [7.375, 9.5, 7.5, 9.6875], "texture": "#0"},
				"east": {"uv": [2.875, 9.375, 3.0625, 9.5625], "texture": "#0"},
				"south": {"uv": [9.5, 7.5, 9.625, 7.6875], "texture": "#0"},
				"west": {"uv": [9.375, 3, 9.5625, 3.1875], "texture": "#0"},
				"up": {"uv": [9.625, 7.9375, 9.5, 7.75], "texture": "#0"},
				"down": {"uv": [9.625, 8, 9.5, 8.1875], "texture": "#0"}
			}
		},
		{
			"from": [0.0094, 6.5, 6.9],
			"to": [1.0094, 7.8, 9.9],
			"rotation": {"angle": -22.5, "axis": "x", "origin": [-1.001, -10.17, 18.79]},
			"faces": {
				"north": {"uv": [6.5, 9.625, 6.625, 9.78125], "texture": "#0"},
				"east": {"uv": [9.125, 3.375, 9.5, 3.53125], "texture": "#0"},
				"south": {"uv": [6.625, 9.625, 6.75, 9.78125], "texture": "#0"},
				"west": {"uv": [3.75, 9.125, 4.125, 9.28125], "texture": "#0"},
				"up": {"uv": [9.375, 3.25, 9.25, 2.875], "texture": "#0"},
				"down": {"uv": [9.375, 3.625, 9.25, 4], "texture": "#0"}
			}
		},
		{
			"from": [0.0092, 14.75, 12.69],
			"to": [1.0092, 16, 15.19],
			"rotation": {"angle": -45, "axis": "x", "origin": [-1.001, -1.92, 24.04]},
			"faces": {
				"north": {"uv": [9.625, 6.625, 9.75, 6.78125], "texture": "#0"},
				"east": {"uv": [9.125, 8.625, 9.4375, 8.78125], "texture": "#0"},
				"south": {"uv": [6.75, 9.625, 6.875, 9.78125], "texture": "#0"},
				"west": {"uv": [9.25, 0, 9.5625, 0.15625], "texture": "#0"},
				"up": {"uv": [9.5, 2.4375, 9.375, 2.125], "texture": "#0"},
				"down": {"uv": [2.375, 9.375, 2.25, 9.6875], "texture": "#0"}
			}
		},
		{
			"from": [0.009, -3.65, 7.82],
			"to": [1.009, -0.15, 9.12],
			"rotation": {"angle": 22.5, "axis": "x", "origin": [-1.001, 7.83, 25.79]},
			"faces": {
				"north": {"uv": [8.25, 9.125, 8.375, 9.5625], "texture": "#0"},
				"east": {"uv": [8.625, 4.125, 8.78125, 4.5625], "texture": "#0"},
				"south": {"uv": [8.375, 9.125, 8.5, 9.5625], "texture": "#0"},
				"west": {"uv": [4.25, 8.625, 4.40625, 9.0625], "texture": "#0"},
				"up": {"uv": [7, 9.78125, 6.875, 9.625], "texture": "#0"},
				"down": {"uv": [9.75, 6.875, 9.625, 7.03125], "texture": "#0"}
			}
		},
		{
			"from": [0.08888, 7.62, 6.94],
			"to": [1.08888, 9.62, 10.38],
			"rotation": {"angle": -22.5, "axis": "x", "origin": [-1.001, -8.67, 18.29]},
			"faces": {
				"north": {"uv": [7.75, 9.375, 7.875, 9.625], "texture": "#0"},
				"east": {"uv": [5, 7.75, 5.4375, 8], "texture": "#0"},
				"south": {"uv": [7.875, 9.375, 8, 9.625], "texture": "#0"},
				"west": {"uv": [5.5, 7.75, 5.9375, 8], "texture": "#0"},
				"up": {"uv": [8.625, 9.5625, 8.5, 9.125], "texture": "#0"},
				"down": {"uv": [8.75, 9.125, 8.625, 9.5625], "texture": "#0"}
			}
		},
		{
			"from": [0.01, -3.765, 0.68],
			"to": [1.01, -2.465, 1.78],
			"rotation": {"angle": 22.5, "axis": "x", "origin": [-1.001, 7.33, 19.04]},
			"faces": {
				"north": {"uv": [7, 9.625, 7.125, 9.78125], "texture": "#0"},
				"east": {"uv": [9.625, 0.5, 9.76563, 0.65625], "texture": "#0"},
				"south": {"uv": [7.125, 9.625, 7.25, 9.78125], "texture": "#0"},
				"west": {"uv": [0.625, 9.625, 0.76563, 9.78125], "texture": "#0"},
				"up": {"uv": [8.625, 9.76563, 8.5, 9.625], "texture": "#0"},
				"down": {"uv": [8.75, 9.625, 8.625, 9.76563], "texture": "#0"}
			}
		},
		{
			"from": [0.009, 1.53, -2.16],
			"to": [1.008, 2.83, -1.06],
			"rotation": {"angle": 0, "axis": "y", "origin": [-1.001, -8.17, 16.04]},
			"faces": {
				"north": {"uv": [9.625, 7.125, 9.75, 7.28125], "texture": "#0"},
				"east": {"uv": [9.625, 0.75, 9.76563, 0.90625], "texture": "#0"},
				"south": {"uv": [9.625, 7.375, 9.75, 7.53125], "texture": "#0"},
				"west": {"uv": [0.875, 9.625, 1.01563, 9.78125], "texture": "#0"},
				"up": {"uv": [9.75, 8.76563, 9.625, 8.625], "texture": "#0"},
				"down": {"uv": [8.875, 9.625, 8.75, 9.76563], "texture": "#0"}
			}
		},
		{
			"from": [0.01, 16.87, 0.3],
			"to": [1.01, 18.07, 1.3],
			"rotation": {"angle": -45, "axis": "x", "origin": [-1.001, 6.83, 19.04]},
			"faces": {
				"north": {"uv": [7.5, 9.625, 7.625, 9.78125], "texture": "#0"},
				"east": {"uv": [7.625, 9.625, 7.75, 9.78125], "texture": "#0"},
				"south": {"uv": [9.625, 7.625, 9.75, 7.78125], "texture": "#0"},
				"west": {"uv": [7.75, 9.625, 7.875, 9.78125], "texture": "#0"},
				"up": {"uv": [1.625, 9.875, 1.5, 9.75], "texture": "#0"},
				"down": {"uv": [1.75, 9.75, 1.625, 9.875], "texture": "#0"}
			}
		},
		{
			"from": [0.009, 2.83, -2.16],
			"to": [1.008, 4.13, -1.06],
			"rotation": {"angle": 0, "axis": "y", "origin": [-1.001, 13.83, 16.04]},
			"faces": {
				"north": {"uv": [7.875, 9.625, 8, 9.78125], "texture": "#0"},
				"east": {"uv": [9.625, 1, 9.76563, 1.15625], "texture": "#0"},
				"south": {"uv": [9.625, 7.875, 9.75, 8.03125], "texture": "#0"},
				"west": {"uv": [1.125, 9.625, 1.26563, 9.78125], "texture": "#0"},
				"up": {"uv": [9, 9.76563, 8.875, 9.625], "texture": "#0"},
				"down": {"uv": [9.75, 8.875, 9.625, 9.01563], "texture": "#0"}
			}
		},
		{
			"from": [0.009, 4.35, -0.26],
			"to": [1.009, 5.905, 1.24],
			"rotation": {"angle": 0, "axis": "y", "origin": [-1.001, -7.42, 15.79]},
			"faces": {
				"north": {"uv": [9.5, 8.25, 9.625, 8.4375], "texture": "#0"},
				"east": {"uv": [3.125, 9.375, 3.3125, 9.5625], "texture": "#0"},
				"south": {"uv": [9.5, 8.5, 9.625, 8.6875], "texture": "#0"},
				"west": {"uv": [3.375, 9.375, 3.5625, 9.5625], "texture": "#0"},
				"up": {"uv": [9.625, 8.9375, 9.5, 8.75], "texture": "#0"},
				"down": {"uv": [9.625, 9, 9.5, 9.1875], "texture": "#0"}
			}
		},
		{
			"from": [0, 0.68, -1.3],
			"to": [1, 2.08, 1.48],
			"rotation": {"angle": 0, "axis": "y", "origin": [-1.001, -11.42, 15.79]},
			"faces": {
				"north": {"uv": [1.75, 9.625, 1.875, 9.79688], "texture": "#0"},
				"east": {"uv": [9, 7.375, 9.34375, 7.54688], "texture": "#0"},
				"south": {"uv": [9.625, 3.75, 9.75, 3.92188], "texture": "#0"},
				"west": {"uv": [9, 7.875, 9.34375, 8.04688], "texture": "#0"},
				"up": {"uv": [5.25, 9.59375, 5.125, 9.25], "texture": "#0"},
				"down": {"uv": [7.625, 9.25, 7.5, 9.59375], "texture": "#0"}
			}
		},
		{
			"from": [0.08, 1.77, -1.65],
			"to": [1.08, 4.52, 1.8],
			"rotation": {"angle": 0, "axis": "y", "origin": [-1.001, -7.07, 15.54]},
			"faces": {
				"north": {"uv": [0.25, 9.375, 0.375, 9.71875], "texture": "#0"},
				"east": {"uv": [0.25, 7.125, 0.6875, 7.46875], "texture": "#0"},
				"south": {"uv": [1.875, 9.375, 2, 9.71875], "texture": "#0"},
				"west": {"uv": [0.75, 7.125, 1.1875, 7.46875], "texture": "#0"},
				"up": {"uv": [8.875, 9.5625, 8.75, 9.125], "texture": "#0"},
				"down": {"uv": [9, 9.125, 8.875, 9.5625], "texture": "#0"}
			}
		},
		{
			"from": [0.0888, 2.02, -1.65],
			"to": [1.0388, 4.27, 1.8],
			"rotation": {"angle": 0, "axis": "y", "origin": [-1.001, -7.07, 15.54]},
			"faces": {
				"north": {"uv": [3.625, 9.375, 3.75, 9.65625], "texture": "#0"},
				"east": {"uv": [5.25, 7.375, 5.6875, 7.65625], "texture": "#0"},
				"south": {"uv": [9.375, 3.625, 9.5, 3.90625], "texture": "#0"},
				"west": {"uv": [5.75, 7.375, 6.1875, 7.65625], "texture": "#0"},
				"up": {"uv": [9.125, 9.5625, 9, 9.125], "texture": "#0"},
				"down": {"uv": [9.25, 9.125, 9.125, 9.5625], "texture": "#0"}
			}
		},
		{
			"from": [-1.001, 13.23, -0.51],
			"to": [0.999, 15.23, 7.49],
			"rotation": {"angle": 0, "axis": "y", "origin": [-1.001, -4.77, 14.49]},
			"faces": {
				"north": {"uv": [9, 4.875, 9.25, 5.125], "texture": "#0"},
				"east": {"uv": [5.75, 6, 6.75, 6.25], "texture": "#0"},
				"south": {"uv": [5, 9, 5.25, 9.25], "texture": "#0"},
				"west": {"uv": [1.75, 6.125, 2.75, 6.375], "texture": "#0"},
				"up": {"uv": [1.25, 6.875, 1, 5.875], "texture": "#0"},
				"down": {"uv": [4, 5.875, 3.75, 6.875], "texture": "#0"}
			}
		},
		{
			"from": [-0.001, 15.23, 5.49],
			"to": [0.999, 17.23, 14.49],
			"rotation": {"angle": 0, "axis": "y", "origin": [-1.001, -2.77, 21.49]},
			"faces": {
				"north": {"uv": [9.375, 7.875, 9.5, 8.125], "texture": "#0"},
				"east": {"uv": [5.75, 0.75, 6.875, 1], "texture": "#0"},
				"south": {"uv": [8, 9.375, 8.125, 9.625], "texture": "#0"},
				"west": {"uv": [5.75, 1, 6.875, 1.25], "texture": "#0"},
				"up": {"uv": [3.5, 8.375, 3.375, 7.25], "texture": "#0"},
				"down": {"uv": [3.625, 7.25, 3.5, 8.375], "texture": "#0"}
			}
		},
		{
			"from": [0.999, 17.23, -1.01],
			"to": [1.999, 19.23, 14.49],
			"rotation": {"angle": 0, "axis": "y", "origin": [-0.001, -0.77, 16.49]},
			"faces": {
				"north": {"uv": [8.125, 9.375, 8.25, 9.625], "texture": "#0"},
				"east": {"uv": [4, 1.875, 5.75, 2.125], "texture": "#0"},
				"south": {"uv": [9.375, 8.375, 9.5, 8.625], "texture": "#0"},
				"west": {"uv": [4.625, 3.5, 6.375, 3.75], "texture": "#0"},
				"up": {"uv": [3.75, 8.125, 3.625, 6.375], "texture": "#0"},
				"down": {"uv": [2.375, 6.5, 2.25, 8.25], "texture": "#0"}
			}
		},
		{
			"from": [1.999, 19.23, 0.49],
			"to": [2.999, 21.23, 13.49],
			"rotation": {"angle": 0, "axis": "y", "origin": [0.999, 1.23, 16.49]},
			"faces": {
				"north": {"uv": [9.375, 8.875, 9.5, 9.125], "texture": "#0"},
				"east": {"uv": [4.625, 4.75, 6.25, 5], "texture": "#0"},
				"south": {"uv": [9.25, 9.375, 9.375, 9.625], "texture": "#0"},
				"west": {"uv": [4.875, 0, 6.5, 0.25], "texture": "#0"},
				"up": {"uv": [2.75, 8.125, 2.625, 6.5], "texture": "#0"},
				"down": {"uv": [2.875, 6.5, 2.75, 8.125], "texture": "#0"}
			}
		},
		{
			"from": [10.999, 19.23, 0.49],
			"to": [11.999, 21.23, 13.49],
			"rotation": {"angle": 0, "axis": "y", "origin": [9.999, 1.23, 16.49]},
			"faces": {
				"north": {"uv": [9.375, 9.375, 9.5, 9.625], "texture": "#0"},
				"east": {"uv": [4.875, 0.25, 6.5, 0.5], "texture": "#0"},
				"south": {"uv": [9.5, 1.75, 9.625, 2], "texture": "#0"},
				"west": {"uv": [4.875, 0.5, 6.5, 0.75], "texture": "#0"},
				"up": {"uv": [3, 8.125, 2.875, 6.5], "texture": "#0"},
				"down": {"uv": [3.125, 6.5, 3, 8.125], "texture": "#0"}
			}
		},
		{
			"from": [9.999, 21.23, 1.49],
			"to": [10.999, 22.23, 12.49],
			"rotation": {"angle": 0, "axis": "y", "origin": [8.999, 3.23, 16.49]},
			"faces": {
				"north": {"uv": [1.875, 9.75, 2, 9.875], "texture": "#0"},
				"east": {"uv": [6.5, 2.875, 7.875, 3], "texture": "#0"},
				"south": {"uv": [2, 9.75, 2.125, 9.875], "texture": "#0"},
				"west": {"uv": [6.625, 5.25, 8, 5.375], "texture": "#0"},
				"up": {"uv": [4.125, 8.125, 4, 6.75], "texture": "#0"},
				"down": {"uv": [4.25, 6.75, 4.125, 8.125], "texture": "#0"}
			}
		},
		{
			"from": [2.999, 21.23, 1.49],
			"to": [3.999, 22.23, 12.49],
			"rotation": {"angle": 0, "axis": "y", "origin": [1.999, 3.23, 16.49]},
			"faces": {
				"north": {"uv": [2.125, 9.75, 2.25, 9.875], "texture": "#0"},
				"east": {"uv": [6.625, 5.375, 8, 5.5], "texture": "#0"},
				"south": {"uv": [2.25, 9.75, 2.375, 9.875], "texture": "#0"},
				"west": {"uv": [6.625, 5.5, 8, 5.625], "texture": "#0"},
				"up": {"uv": [4.375, 8.125, 4.25, 6.75], "texture": "#0"},
				"down": {"uv": [4.5, 6.75, 4.375, 8.125], "texture": "#0"}
			}
		},
		{
			"from": [12.001, 17.23, -1.01],
			"to": [13.001, 19.23, 14.49],
			"rotation": {"angle": 0, "axis": "y", "origin": [14.001, -0.77, 16.49]},
			"faces": {
				"north": {"uv": [9.5, 2, 9.625, 2.25], "texture": "#0"},
				"east": {"uv": [4.625, 3.75, 6.375, 4], "texture": "#0"},
				"south": {"uv": [9.5, 2.25, 9.625, 2.5], "texture": "#0"},
				"west": {"uv": [4.625, 4, 6.375, 4.25], "texture": "#0"},
				"up": {"uv": [2.5, 8.25, 2.375, 6.5], "texture": "#0"},
				"down": {"uv": [2.625, 6.5, 2.5, 8.25], "texture": "#0"}
			}
		},
		{
			"from": [1.999, 17.23, 14.49],
			"to": [11.999, 19.23, 15.49],
			"rotation": {"angle": 0, "axis": "y", "origin": [16.998, -0.77, 16.49]},
			"faces": {
				"north": {"uv": [0, 5.375, 1.25, 5.625], "texture": "#0"},
				"east": {"uv": [9.5, 3.25, 9.625, 3.5], "texture": "#0"},
				"south": {"uv": [4.25, 5.375, 5.5, 5.625], "texture": "#0"},
				"west": {"uv": [9.5, 3.5, 9.625, 3.75], "texture": "#0"},
				"up": {"uv": [8.25, 1.375, 7, 1.25], "texture": "#0"},
				"down": {"uv": [8.25, 1.375, 7, 1.5], "texture": "#0"}
			}
		},
		{
			"from": [2.125, 9.23, 14.49],
			"to": [11.875, 17.23, 16.59],
			"rotation": {"angle": 0, "axis": "y", "origin": [16.998, -4.77, 16.49]},
			"faces": {
				"north": {"uv": [2, 1.875, 3.21875, 2.875], "texture": "#1"},
				"east": {"uv": [4.5, 5.625, 4.76563, 6.625], "texture": "#1"},
				"south": {"uv": [2.5, 0, 3.71875, 1], "texture": "#1"},
				"west": {"uv": [4.875, 5.625, 5.14063, 6.625], "texture": "#1"},
				"up": {"uv": [5.46875, 5.26563, 4.25, 5], "texture": "#1"},
				"down": {"uv": [6.46875, 2.625, 5.25, 2.89063], "texture": "#1"}
			}
		},
		{
			"from": [0.425, 5.23, 15.49],
			"to": [13.575, 7.23, 17.91],
			"rotation": {"angle": 0, "axis": "y", "origin": [16.998, -12.77, 17.49]},
			"faces": {
				"north": {"uv": [3.25, 2.125, 4.89063, 2.625], "texture": "#0"},
				"east": {"uv": [7.125, 3, 7.42188, 3.5], "texture": "#0"},
				"south": {"uv": [3.5, 2.625, 5.14063, 3.125], "texture": "#0"},
				"west": {"uv": [7.25, 2.375, 7.54688, 2.875], "texture": "#0"},
				"up": {"uv": [5.64063, 1.79688, 4, 1.5], "texture": "#0"},
				"down": {"uv": [2.39063, 4.25, 0.75, 4.54688], "texture": "#0"}
			}
		},
		{
			"from": [0.325, 7.23, 14.49],
			"to": [13.575, 9.23, 16.91],
			"rotation": {"angle": 0, "axis": "y", "origin": [16.998, -12.77, 17.49]},
			"faces": {
				"north": {"uv": [3.25, 2.125, 4.89063, 2.625], "texture": "#0"},
				"east": {"uv": [7.125, 3, 7.42188, 3.5], "texture": "#0"},
				"south": {"uv": [3.5, 2.625, 5.14063, 3.125], "texture": "#0"},
				"west": {"uv": [7.25, 2.375, 7.54688, 2.875], "texture": "#0"},
				"up": {"uv": [5.64063, 1.79688, 4, 1.5], "texture": "#0"},
				"down": {"uv": [2.39063, 4.25, 0.75, 4.54688], "texture": "#0"}
			}
		},
		{
			"from": [2.999, 19.23, 13.49],
			"to": [10.999, 21.23, 14.49],
			"rotation": {"angle": 0, "axis": "y", "origin": [16.998, 1.23, 15.49]},
			"faces": {
				"north": {"uv": [5.5, 4.125, 8, 5], "texture": "#1"},
				"east": {"uv": [9.5, 3.75, 9.625, 4], "texture": "#0"},
				"south": {"uv": [5.5, 4.125, 8, 5], "texture": "#1"},
				"west": {"uv": [9.5, 4, 9.625, 4.25], "texture": "#0"},
				"up": {"uv": [5.5, 4.125, 8, 5], "texture": "#1"},
				"down": {"uv": [8.25, 4.75, 7.25, 4.875], "texture": "#0"}
			}
		},
		{
			"from": [3.999, 21.23, 12.49],
			"to": [9.999, 22.23, 13.49],
			"rotation": {"angle": 0, "axis": "y", "origin": [16.998, 3.23, 14.49]},
			"faces": {
				"north": {"uv": [5.25, 3, 6, 3.125], "texture": "#0"},
				"east": {"uv": [2.375, 9.75, 2.5, 9.875], "texture": "#0"},
				"south": {"uv": [7.5, 1.125, 8.25, 1.25], "texture": "#0"},
				"west": {"uv": [2.5, 9.75, 2.625, 9.875], "texture": "#0"},
				"up": {"uv": [8.375, 3.875, 7.625, 3.75], "texture": "#0"},
				"down": {"uv": [9, 6.25, 8.25, 6.375], "texture": "#0"}
			}
		},
		{
			"from": [3.999, 21.23, 1.49],
			"to": [9.999, 22.23, 12.49],
			"rotation": {"angle": 0, "axis": "y", "origin": [16.998, 3.23, 13.49]},
			"faces": {
				"north": {"uv": [8.375, 0, 9.125, 0.125], "texture": "#0"},
				"east": {"uv": [6.625, 5.625, 8, 5.75], "texture": "#0"},
				"south": {"uv": [8.375, 1.875, 9.125, 2], "texture": "#0"},
				"west": {"uv": [6.75, 5.75, 8.125, 5.875], "texture": "#0"},
				"up": {"uv": [2.75, 4.25, 2, 2.875], "texture": "#0"},
				"down": {"uv": [3.5, 2.875, 2.75, 4.25], "texture": "#0"}
			}
		},
		{
			"from": [2.999, 20.23, 0.49],
			"to": [10.999, 21.23, 13.49],
			"rotation": {"angle": 0, "axis": "y", "origin": [16.998, 2.23, 13.49]},
			"faces": {
				"north": {"uv": [7.25, 4.875, 8.25, 5], "texture": "#0"},
				"east": {"uv": [6.5, 2.125, 8.125, 2.25], "texture": "#0"},
				"south": {"uv": [7.25, 7.125, 8.25, 7.25], "texture": "#0"},
				"west": {"uv": [6.5, 2.25, 8.125, 2.375], "texture": "#0"},
				"up": {"uv": [1, 3.5, 0, 1.875], "texture": "#0"},
				"down": {"uv": [2, 1.875, 1, 3.5], "texture": "#0"}
			}
		},
		{
			"from": [1.999, 18.23, -1.51],
			"to": [11.999, 19.23, 14.49],
			"rotation": {"angle": 0, "axis": "y", "origin": [16.998, 0.23, 13.49]},
			"faces": {
				"north": {"uv": [7, 1.5, 8.25, 1.625], "texture": "#0"},
				"east": {"uv": [5.75, 2, 7.625, 2.125], "texture": "#0"},
				"south": {"uv": [7, 1.625, 8.25, 1.75], "texture": "#0"},
				"west": {"uv": [1.5, 6.375, 3.375, 6.5], "texture": "#0"},
				"up": {"uv": [1.25, 1.875, 0, 0], "texture": "#0"},
				"down": {"uv": [2.5, 0, 1.25, 1.875], "texture": "#0"}
			}
		},
		{
			"from": [3.999, 21.23, 0.49],
			"to": [9.999, 22.23, 1.49],
			"rotation": {"angle": 0, "axis": "y", "origin": [16.998, 3.23, 2.49]},
			"faces": {
				"north": {"uv": [8.375, 2.5, 9.125, 2.625], "texture": "#0"},
				"east": {"uv": [2.625, 9.75, 2.75, 9.875], "texture": "#0"},
				"south": {"uv": [8.375, 3.375, 9.125, 3.5], "texture": "#0"},
				"west": {"uv": [2.75, 9.75, 2.875, 9.875], "texture": "#0"},
				"up": {"uv": [9.125, 4.125, 8.375, 4], "texture": "#0"},
				"down": {"uv": [9.125, 5.625, 8.375, 5.75], "texture": "#0"}
			}
		},
		{
			"from": [4.999, 22.23, 1.49],
			"to": [8.999, 23.23, 2.49],
			"rotation": {"angle": 0, "axis": "y", "origin": [16.998, 4.23, 3.49]},
			"faces": {
				"north": {"uv": [2.5, 1.75, 3, 1.875], "texture": "#0"},
				"east": {"uv": [2.875, 9.75, 3, 9.875], "texture": "#0"},
				"south": {"uv": [9, 5.125, 9.5, 5.25], "texture": "#0"},
				"west": {"uv": [3, 9.75, 3.125, 9.875], "texture": "#0"},
				"up": {"uv": [5.75, 9.125, 5.25, 9], "texture": "#0"},
				"down": {"uv": [9.5, 5.25, 9, 5.375], "texture": "#0"}
			}
		},
		{
			"from": [9.85, 22.225, 11.51962],
			"to": [11.25, 23.225, 12.51962],
			"rotation": {"angle": 45, "axis": "y", "origin": [9.38359, 10.245, 13.51962]},
			"faces": {
				"north": {"uv": [4, 9.625, 4.17188, 9.75], "texture": "#0"},
				"east": {"uv": [3.125, 9.75, 3.25, 9.875], "texture": "#0"},
				"south": {"uv": [9.625, 4, 9.79688, 4.125], "texture": "#0"},
				"west": {"uv": [3.25, 9.75, 3.375, 9.875], "texture": "#0"},
				"up": {"uv": [9.79688, 4.25, 9.625, 4.125], "texture": "#0"},
				"down": {"uv": [4.42188, 9.625, 4.25, 9.75], "texture": "#0"}
			}
		},
		{
			"from": [2.75, 22.225, 11.51962],
			"to": [4.15, 23.225, 12.51962],
			"rotation": {"angle": -45, "axis": "y", "origin": [4.61641, 10.245, 13.51962]},
			"faces": {
				"north": {"uv": [9.625, 4.25, 9.79688, 4.375], "texture": "#0"},
				"east": {"uv": [3.375, 9.75, 3.5, 9.875], "texture": "#0"},
				"south": {"uv": [9.625, 4.375, 9.79688, 4.5], "texture": "#0"},
				"west": {"uv": [3.5, 9.75, 3.625, 9.875], "texture": "#0"},
				"up": {"uv": [4.67188, 9.75, 4.5, 9.625], "texture": "#0"},
				"down": {"uv": [9.79688, 4.5, 9.625, 4.625], "texture": "#0"}
			}
		},
		{
			"from": [4.999, 22.23, 11.51],
			"to": [8.999, 23.23, 12.51],
			"rotation": {"angle": 0, "axis": "y", "origin": [16.998, 4.23, 10.51]},
			"faces": {
				"north": {"uv": [9, 5.375, 9.5, 5.5], "texture": "#0"},
				"east": {"uv": [3.625, 9.75, 3.75, 9.875], "texture": "#0"},
				"south": {"uv": [9, 5.5, 9.5, 5.625], "texture": "#0"},
				"west": {"uv": [3.75, 9.75, 3.875, 9.875], "texture": "#0"},
				"up": {"uv": [9.5, 5.875, 9, 5.75], "texture": "#0"},
				"down": {"uv": [9.5, 5.875, 9, 6], "texture": "#0"}
			}
		},
		{
			"from": [3.999, 22.23, 2.49],
			"to": [9.999, 23.23, 11.49],
			"rotation": {"angle": 0, "axis": "y", "origin": [16.998, 4.23, 3.49]},
			"faces": {
				"north": {"uv": [8.375, 6.625, 9.125, 6.75], "texture": "#0"},
				"east": {"uv": [7.25, 3.875, 8.375, 4], "texture": "#0"},
				"south": {"uv": [8.375, 6.75, 9.125, 6.875], "texture": "#0"},
				"west": {"uv": [7.25, 4, 8.375, 4.125], "texture": "#0"},
				"up": {"uv": [4, 2.125, 3.25, 1], "texture": "#0"},
				"down": {"uv": [0.75, 3.5, 0, 4.625], "texture": "#0"}
			}
		},
		{
			"from": [2.999, 19.23, -0.51],
			"to": [10.999, 21.23, 0.49],
			"rotation": {"angle": 0, "axis": "y", "origin": [16.998, 1.23, 1.49]},
			"faces": {
				"north": {"uv": [5.5, 4.125, 8, 5], "texture": "#1"},
				"east": {"uv": [5.75, 4.125, 7.375, 4.75], "texture": "#1"},
				"south": {"uv": [5.875, 4.375, 7.25, 5], "texture": "#1"},
				"west": {"uv": [7.75, 4.125, 6, 4.875], "texture": "#1"},
				"up": {"uv": [7.875, 6.5, 5.375, 5.75], "texture": "#1"},
				"down": {"uv": [7.625, 4.25, 4.875, 4.875], "texture": "#1"}
			}
		},
		{
			"from": [-0.001, 13.23, 7.49],
			"to": [0.999, 15.23, 14.49],
			"rotation": {"angle": 0, "axis": "y", "origin": [-1.001, -4.77, 21.49]},
			"faces": {
				"north": {"uv": [9.5, 4.75, 9.625, 5], "texture": "#0"},
				"east": {"uv": [6.5, 0.25, 7.375, 0.5], "texture": "#0"},
				"south": {"uv": [9.5, 5, 9.625, 5.25], "texture": "#0"},
				"west": {"uv": [6.5, 0.5, 7.375, 0.75], "texture": "#0"},
				"up": {"uv": [6.125, 8.625, 6, 7.75], "texture": "#0"},
				"down": {"uv": [6.25, 7.75, 6.125, 8.625], "texture": "#0"}
			}
		},
		{
			"from": [-0.001, 11.23, 9.49],
			"to": [0.999, 13.23, 14.49],
			"rotation": {"angle": 0, "axis": "y", "origin": [-1.001, -6.77, 21.49]},
			"faces": {
				"north": {"uv": [9.5, 5.25, 9.625, 5.5], "texture": "#0"},
				"east": {"uv": [7, 1.75, 7.625, 2], "texture": "#0"},
				"south": {"uv": [9.5, 5.5, 9.625, 5.75], "texture": "#0"},
				"west": {"uv": [7, 6.375, 7.625, 6.625], "texture": "#0"},
				"up": {"uv": [2.625, 9.125, 2.5, 8.5], "texture": "#0"},
				"down": {"uv": [8.75, 0.125, 8.625, 0.75], "texture": "#0"}
			}
		},
		{
			"from": [-0.001, 9.23, 11.49],
			"to": [0.999, 11.23, 14.49],
			"rotation": {"angle": 0, "axis": "y", "origin": [-1.001, -8.77, 21.49]},
			"faces": {
				"north": {"uv": [5.75, 9.5, 5.875, 9.75], "texture": "#0"},
				"east": {"uv": [8.375, 6.875, 8.75, 7.125], "texture": "#0"},
				"south": {"uv": [9.5, 5.75, 9.625, 6], "texture": "#0"},
				"west": {"uv": [7, 8.375, 7.375, 8.625], "texture": "#0"},
				"up": {"uv": [9.375, 4.375, 9.25, 4], "texture": "#0"},
				"down": {"uv": [9.375, 4.375, 9.25, 4.75], "texture": "#0"}
			}
		},
		{
			"from": [-0.001, 7.23, 13.49],
			"to": [0.999, 9.23, 14.49],
			"rotation": {"angle": 0, "axis": "y", "origin": [-1.001, -10.77, 21.49]},
			"faces": {
				"north": {"uv": [5.875, 9.5, 6, 9.75], "texture": "#0"},
				"east": {"uv": [6, 9.5, 6.125, 9.75], "texture": "#0"},
				"south": {"uv": [9.5, 6, 9.625, 6.25], "texture": "#0"},
				"west": {"uv": [6.125, 9.5, 6.25, 9.75], "texture": "#0"},
				"up": {"uv": [9.875, 3.875, 9.75, 3.75], "texture": "#0"},
				"down": {"uv": [4, 9.75, 3.875, 9.875], "texture": "#0"}
			}
		}
	],
	"display": {
		"thirdperson_righthand": {
			"scale": [0.5, 0.5, 0.5]
		},
		"head": {
			"translation": [1.07, -1.5, 0],
			"scale": [1.06, 0.87305, 0.9325]
		}
	},
	"groups": [
		{
			"name": "group",
			"origin": [8, 8, 8],
			"color": 0,
			"nbt": "{}",
			"children": [
				0,
				1,
				2,
				3,
				4,
				5,
				6,
				7,
				8,
				9,
				10,
				11,
				12,
				13,
				14,
				15,
				16,
				17,
				18,
				19,
				20,
				21,
				22,
				23,
				24,
				25,
				26,
				27,
				28,
				29,
				30,
				31,
				32,
				33,
				34,
				35,
				36,
				37,
				38,
				39,
				40,
				41,
				42,
				43,
				44,
				45,
				46,
				47,
				48,
				49,
				50,
				51,
				52,
				53,
				54,
				55,
				56,
				57,
				58,
				59,
				60,
				61,
				62,
				63,
				64,
				65,
				66,
				67,
				68,
				69,
				70,
				71,
				72,
				73,
				74,
				75,
				76,
				77,
				78,
				79,
				80,
				81,
				82,
				83,
				84,
				85,
				86,
				87,
				88,
				89,
				90,
				91,
				92,
				93,
				94,
				95,
				96,
				97,
				98,
				99,
				100,
				101,
				102,
				103,
				104,
				105,
				106,
				107,
				108,
				109,
				110,
				111,
				112,
				113,
				114,
				115,
				116,
				117,
				118,
				119,
				120,
				121,
				122,
				123,
				124,
				125,
				126
			]
		}
	]
}