{
	"credit": "Made with Blockbench",
	"textures": {
		"0": "item/desert_shield",
		"1": "item/oval_border0",
		"3": "item/oval_pattern0",
		"4": "item/shield_handle",
		"particle": "item/desert_shield"
	},
	"elements": [
		{
			"from": [-0.8, 0.2, -0.7],
			"to": [-0.8, 15.8, 14.7],
			"rotation": {"angle": 0, "axis": "y", "origin": [0, 0, 7]},
			"faces": {
				"north": {"uv": [0.032, 0.032, -0.032, 15.968], "texture": "#missing"},
				"east": {"uv": [3.032, 1.25, 12.95, 11.5], "texture": "#3"},
				"south": {"uv": [0.032, 0.032, -0.032, 15.968], "texture": "#missing"},
				"west": {"uv": [0.032, 1.025, 15.968, 15.575], "texture": "#0"},
				"up": {"uv": [0.032, 0.032, -0.032, 15.968], "texture": "#missing"},
				"down": {"uv": [0.032, 0.032, -0.032, 15.968], "texture": "#missing"}
			}
		},
		{
			"name": "handle",
			"from": [-0.799, 3.6, 6],
			"to": [3.201, 7.6, 8],
			"faces": {
				"north": {"uv": [2.032, 2.032, 13.968, 13.968], "texture": "#4"},
				"east": {"uv": [12.032, 2.032, 15.968, 13.968], "rotation": 180, "texture": "#4"},
				"south": {"uv": [2.032, 2.032, 13.968, 13.968], "texture": "#4"},
				"west": {"uv": [12.032, 2.032, 15.968, 13.968], "texture": "#4"},
				"up": {"uv": [12.032, 2.032, 15.968, 13.968], "rotation": 90, "texture": "#4"},
				"down": {"uv": [12.032, 2.032, 15.968, 13.968], "rotation": 270, "texture": "#4"}
			}
		},
		{
			"from": [-1, 0, 1.9],
			"to": [0, 1.1, 12.1],
			"rotation": {"angle": 0, "axis": "y", "origin": [0, 0, 7]},
			"faces": {
				"north": {"uv": [8.032, 9.5, 8.968, 9.032], "texture": "#1"},
				"east": {"uv": [8.032, 9.5, 8.968, 9.032], "texture": "#1"},
				"south": {"uv": [8.032, 9.5, 8.968, 9.032], "texture": "#1"},
				"west": {"uv": [8.032, 9.5, 8.968, 9.032], "texture": "#1"},
				"up": {"uv": [8.032, 9.5, 8.968, 9.032], "texture": "#1"},
				"down": {"uv": [8.032, 9.5, 8.968, 9.032], "texture": "#1"}
			}
		},
		{
			"from": [-1, 1, 11],
			"to": [0, 10.1, 12.1],
			"rotation": {"angle": 0, "axis": "y", "origin": [0, 0, 7]},
			"faces": {
				"north": {"uv": [8.032, 9.5, 8.968, 9.032], "texture": "#1"},
				"east": {"uv": [8.032, 9.5, 8.968, 9.032], "texture": "#1"},
				"south": {"uv": [8.032, 9.5, 8.968, 9.032], "texture": "#1"},
				"west": {"uv": [8.032, 9.5, 8.968, 9.032], "texture": "#1"},
				"up": {"uv": [8.032, 8.5, 8.968, 10.5], "texture": "#1"},
				"down": {"uv": [0.032, 0.032, 15.968, 15.968], "texture": "#1"}
			}
		},
		{
			"from": [-1, 1, 1.9],
			"to": [0, 10.1, 3],
			"rotation": {"angle": 0, "axis": "y", "origin": [0, 0, 7]},
			"faces": {
				"north": {"uv": [8.032, 9.5, 8.968, 9.032], "texture": "#1"},
				"east": {"uv": [8.032, 9.5, 8.968, 9.032], "texture": "#1"},
				"south": {"uv": [8.032, 9.5, 8.968, 9.032], "texture": "#1"},
				"west": {"uv": [8.032, 9.5, 8.968, 9.032], "texture": "#1"},
				"up": {"uv": [8.032, 8.5, 8.968, 10.5], "texture": "#1"},
				"down": {"uv": [0.032, 0.032, 15.968, 15.968], "texture": "#1"}
			}
		},
		{
			"from": [-1, 6.15, 17.73],
			"to": [-0.001, 8, 18.82],
			"rotation": {"angle": -45, "axis": "x", "origin": [0, 0, 7]},
			"faces": {
				"north": {"uv": [8.032, 9.5, 8.968, 9.032], "texture": "#1"},
				"east": {"uv": [8.032, 9.5, 8.968, 9.032], "texture": "#1"},
				"south": {"uv": [8.032, 9.5, 8.968, 9.032], "texture": "#1"},
				"west": {"uv": [8.032, 9.5, 8.968, 9.032], "texture": "#1"},
				"up": {"uv": [8.032, 10.99, 8.999, 9.032], "texture": "#1"},
				"down": {"uv": [0.032, 0.032, 15.968, 15.968], "texture": "#1"}
			}
		},
		{
			"from": [-1, 7.35, 14.53],
			"to": [-0.001, 10.2, 15.62],
			"rotation": {"angle": -22.5, "axis": "x", "origin": [0, 0, 7]},
			"faces": {
				"north": {"uv": [8.032, 9.5, 8.968, 9.032], "texture": "#1"},
				"east": {"uv": [8.032, 9.5, 8.968, 9.032], "texture": "#1"},
				"south": {"uv": [8.032, 9.5, 8.968, 9.032], "texture": "#1"},
				"west": {"uv": [8.032, 9.5, 8.968, 9.032], "texture": "#1"},
				"up": {"uv": [8.032, 10.99, 8.999, 9.032], "texture": "#1"},
				"down": {"uv": [0.032, 0.032, 15.968, 15.968], "texture": "#1"}
			}
		},
		{
			"from": [-1, 12.83, 2.3],
			"to": [-0.001, 13.92, 4.15],
			"rotation": {"angle": 22.5, "axis": "x", "origin": [0, 0, 7]},
			"faces": {
				"north": {"uv": [8.032, 9.5, 8.968, 9.032], "texture": "#1"},
				"east": {"uv": [8.032, 9.5, 8.968, 9.032], "texture": "#1"},
				"south": {"uv": [11.032, 8.5, 11.996, 10.5], "rotation": 180, "texture": "#1"},
				"west": {"uv": [8.032, 9.5, 8.968, 9.032], "texture": "#1"},
				"up": {"uv": [8.032, 9.5, 8.968, 9.032], "texture": "#1"},
				"down": {"uv": [8.032, 9.5, 8.968, 9.032], "texture": "#1"}
			}
		},
		{
			"from": [-1, 7.35, -1.62],
			"to": [-0.001, 10.2, -0.53],
			"rotation": {"angle": 22.5, "axis": "x", "origin": [0, 0, 7]},
			"faces": {
				"north": {"uv": [8.032, 9.5, 8.968, 9.032], "texture": "#1"},
				"east": {"uv": [8.032, 9.5, 8.968, 9.032], "texture": "#1"},
				"south": {"uv": [8.032, 9.5, 8.968, 9.032], "texture": "#1"},
				"west": {"uv": [8.032, 9.5, 8.968, 9.032], "texture": "#1"},
				"up": {"uv": [8.032, 11.968, 8.999, 9.032], "texture": "#1"},
				"down": {"uv": [0.032, 0.032, 15.968, 15.968], "texture": "#1"}
			}
		},
		{
			"from": [-1, 6.15, -4.82],
			"to": [-0.001, 8, -3.73],
			"rotation": {"angle": 45, "axis": "x", "origin": [0, 0, 7]},
			"faces": {
				"north": {"uv": [8.032, 9.5, 8.968, 9.032], "texture": "#1"},
				"east": {"uv": [8.032, 9.5, 8.968, 9.032], "texture": "#1"},
				"south": {"uv": [8.032, 9.5, 8.968, 9.032], "texture": "#1"},
				"west": {"uv": [8.032, 9.5, 8.968, 9.032], "texture": "#1"},
				"up": {"uv": [8.032, 11.968, 8.999, 9.032], "texture": "#1"},
				"down": {"uv": [0.032, 0.032, 15.968, 15.968], "texture": "#1"}
			}
		},
		{
			"from": [-1, 12.83, 9.85],
			"to": [-0.001, 13.92, 11.7],
			"rotation": {"angle": -22.5, "axis": "x", "origin": [0, 0, 7]},
			"faces": {
				"north": {"uv": [8.032, 9.5, 8.968, 9.032], "texture": "#1"},
				"east": {"uv": [8.032, 9.5, 8.968, 9.032], "texture": "#1"},
				"south": {"uv": [11.032, 11.85, 11.996, 9.032], "rotation": 180, "texture": "#1"},
				"west": {"uv": [8.032, 9.5, 8.968, 9.032], "texture": "#1"},
				"up": {"uv": [8.032, 9.5, 8.968, 9.032], "texture": "#1"},
				"down": {"uv": [8.032, 9.5, 8.968, 9.032], "texture": "#1"}
			}
		},
		{
			"from": [-1, 13.53, 6.05],
			"to": [-0.001, 14.72, 8],
			"rotation": {"angle": 0, "axis": "x", "origin": [0, 0, 7]},
			"faces": {
				"north": {"uv": [8.032, 9.5, 8.968, 9.032], "texture": "#1"},
				"east": {"uv": [8.032, 9.5, 8.968, 9.032], "texture": "#1"},
				"south": {"uv": [11.032, 11.85, 11.996, 9.032], "rotation": 180, "texture": "#1"},
				"west": {"uv": [8.032, 9.5, 8.968, 9.032], "texture": "#1"},
				"up": {"uv": [8.032, 9.5, 8.968, 9.032], "texture": "#1"},
				"down": {"uv": [8.032, 9.5, 8.968, 9.032], "texture": "#1"}
			}
		}
	],
	"display": {
		"thirdperson_righthand": {
			"rotation": [0, 0, -6.75],
			"translation": [-4.75, 0, 3],
			"scale": [1.3, 1.3, 1.3]
		},
		"thirdperson_lefthand": {
			"rotation": [0.06, 4.38, -1.84],
			"translation": [-7.25, 0.25, 3.5],
			"scale": [1.25, 1.58008, 1.43945]
		}
	}
}