{
	"credit": "Made with Blockbench",
	"textures": {
		"1": "block/gold_block",
		"2": "item/gold_earrings",
		"particle": "item/gold_earrings"
	},
	"elements": [
		{
			"name": "earring_left",
			"from": [1.45, 8.7, 7.2],
			"to": [1.75, 9.6, 7.4],
			"rotation": {"angle": 0, "axis": "y", "origin": [-1.6, 8.9, 7]},
			"faces": {
				"north": {"uv": [2.032, 5.032, 2.375, 5.75], "texture": "#2"},
				"east": {"uv": [5.032, 3.032, 5.25, 3.75], "texture": "#2"},
				"south": {"uv": [5.032, 2.032, 5.375, 2.75], "texture": "#2"},
				"west": {"uv": [3.032, 5.032, 3.25, 5.75], "texture": "#2"},
				"up": {"uv": [4.375, 5.25, 4.032, 5.032], "texture": "#2"},
				"down": {"uv": [4.375, 5.032, 4.032, 5.25], "texture": "#2"}
			}
		},
		{
			"name": "earring_left",
			"from": [1.32, 8.4, 6.6],
			"to": [1.87, 8.7, 8],
			"rotation": {"angle": 0, "axis": "y", "origin": [-1.8, 8.6, 6.6]},
			"faces": {
				"north": {"uv": [4.032, 8.032, 4.5, 8.25], "texture": "#2"},
				"east": {"uv": [1.032, 2.032, 2.375, 2.25], "texture": "#2"},
				"south": {"uv": [8.032, 4.032, 8.5, 4.25], "texture": "#2"},
				"west": {"uv": [3.032, 0.032, 4.375, 0.25], "texture": "#2"},
				"up": {"uv": [0.5, 1.375, 0.032, 0.032], "texture": "#2"},
				"down": {"uv": [1.5, 0.032, 1.032, 1.375], "texture": "#2"}
			}
		},
		{
			"name": "earring_left",
			"from": [1.52, 7.5, 6.75],
			"to": [1.72, 8.4, 6.85],
			"rotation": {"angle": 0, "axis": "y", "origin": [-1.8, 7.6, 6.1]},
			"faces": {
				"north": {"uv": [3.032, 2.032, 3.375, 2.625], "texture": "#2"},
				"east": {"uv": [3.232, 3.482, 3.325, 4.075], "texture": "#2"},
				"south": {"uv": [3.032, 4.032, 3.375, 4.625], "texture": "#2"},
				"west": {"uv": [2.482, 5.532, 2.025, 4.125], "texture": "#2"},
				"up": {"uv": [0.375, 5.125, 0.032, 5.032], "texture": "#2"},
				"down": {"uv": [5.375, 0.032, 5.032, 0.125], "texture": "#2"}
			}
		},
		{
			"name": "earring_left",
			"from": [1.52, 7.5, 7.25],
			"to": [1.72, 8.4, 7.35],
			"rotation": {"angle": 0, "axis": "y", "origin": [-1.8, 7.6, 6.6]},
			"faces": {
				"north": {"uv": [0.032, 4.032, 0.5, 4.625], "texture": "#2"},
				"east": {"uv": [3.232, 2.482, 3.325, 3.075], "texture": "#2"},
				"south": {"uv": [1.032, 4.032, 1.5, 4.625], "texture": "#2"},
				"west": {"uv": [1.032, 9.032, 1.125, 9.625], "texture": "#2"},
				"up": {"uv": [9.5, 6.125, 9.032, 6.032], "texture": "#2"},
				"down": {"uv": [7.5, 9.032, 7.032, 9.125], "texture": "#2"}
			}
		},
		{
			"name": "earring_left",
			"from": [1.52, 7.5, 7.75],
			"to": [1.72, 8.4, 7.85],
			"rotation": {"angle": 0, "axis": "y", "origin": [-1.8, 7.6, 7.1]},
			"faces": {
				"north": {"uv": [2.032, 4.032, 2.5, 4.625], "texture": "#2"},
				"east": {"uv": [3.032, 3.032, 3.125, 3.625], "texture": "#2"},
				"south": {"uv": [4.032, 2.032, 4.5, 2.625], "texture": "#2"},
				"west": {"uv": [2.032, 9.032, 2.125, 9.625], "texture": "#2"},
				"up": {"uv": [9.5, 7.125, 9.032, 7.032], "texture": "#2"},
				"down": {"uv": [9.5, 9.182, 9.032, 9.275], "texture": "#2"}
			}
		},
		{
			"name": "earring_left",
			"from": [1.32, 7, 6.6],
			"to": [1.92, 7.5, 7],
			"rotation": {"angle": 0, "axis": "y", "origin": [-1.8, 7.5, 6.1]},
			"faces": {
				"north": {"uv": [0.032, 0.032, 15.968, 15.968], "texture": "#1"},
				"east": {"uv": [0.032, 0.032, 15.968, 15.968], "texture": "#1"},
				"south": {"uv": [0.032, 0.032, 15.968, 15.968], "texture": "#1"},
				"west": {"uv": [0.032, 0.032, 15.968, 15.968], "texture": "#1"},
				"up": {"uv": [0.032, 0.032, 15.968, 15.968], "texture": "#1"},
				"down": {"uv": [0.032, 0.032, 15.968, 15.968], "texture": "#1"}
			}
		},
		{
			"name": "earring_left",
			"from": [1.32, 9.5, 7.05],
			"to": [1.92, 10, 7.55],
			"rotation": {"angle": 0, "axis": "y", "origin": [-1.8, 9.5, 6.6]},
			"faces": {
				"north": {"uv": [0.032, 0.032, 15.968, 15.968], "texture": "#1"},
				"east": {"uv": [0.032, 0.032, 15.968, 15.968], "texture": "#1"},
				"south": {"uv": [0.032, 0.032, 15.968, 15.968], "texture": "#1"},
				"west": {"uv": [0.032, 0.032, 15.968, 15.968], "texture": "#1"},
				"up": {"uv": [0.032, 0.032, 15.968, 15.968], "texture": "#1"},
				"down": {"uv": [0.032, 0.032, 15.968, 15.968], "texture": "#1"}
			}
		},
		{
			"name": "earring_left",
			"from": [1.32, 7, 7.1],
			"to": [1.92, 7.5, 7.5],
			"rotation": {"angle": 0, "axis": "y", "origin": [-1.8, 7.5, 6.6]},
			"faces": {
				"north": {"uv": [0.032, 0.032, 15.968, 15.968], "texture": "#1"},
				"east": {"uv": [0.032, 0.032, 15.968, 15.968], "texture": "#1"},
				"south": {"uv": [0.032, 0.032, 15.968, 15.968], "texture": "#1"},
				"west": {"uv": [0.032, 0.032, 15.968, 15.968], "texture": "#1"},
				"up": {"uv": [0.032, 0.032, 15.968, 15.968], "texture": "#1"},
				"down": {"uv": [0.032, 0.032, 15.968, 15.968], "texture": "#1"}
			}
		},
		{
			"name": "earring_left",
			"from": [1.32, 7, 7.6],
			"to": [1.92, 7.5, 8],
			"rotation": {"angle": 0, "axis": "y", "origin": [-1.8, 7.5, 7.1]},
			"faces": {
				"north": {"uv": [0.032, 0.032, 15.968, 15.968], "texture": "#1"},
				"east": {"uv": [0.032, 0.032, 15.968, 15.968], "texture": "#1"},
				"south": {"uv": [0.032, 0.032, 15.968, 15.968], "texture": "#1"},
				"west": {"uv": [0.032, 0.032, 15.968, 15.968], "texture": "#1"},
				"up": {"uv": [0.032, 0.032, 15.968, 15.968], "texture": "#1"},
				"down": {"uv": [0.032, 0.032, 15.968, 15.968], "texture": "#1"}
			}
		},
		{
			"name": "earring_right",
			"from": [14.8, 8.7, 7.2],
			"to": [15.1, 9.6, 7.4],
			"rotation": {"angle": 0, "axis": "y", "origin": [16.4, 8.9, 7]},
			"faces": {
				"north": {"uv": [3.4, 4.1, 2.993, 5.768], "texture": "#2"},
				"east": {"uv": [2.35, 4, 2.068, 5.718], "texture": "#2"},
				"south": {"uv": [3.4, 3.8, 3.043, 5.518], "texture": "#2"},
				"west": {"uv": [3.4, 2.85, 3.118, 4.568], "texture": "#2"},
				"up": {"uv": [10.843, 8.218, 15, 7], "texture": "#2"},
				"down": {"uv": [11.843, 6, 16, 7.218], "texture": "#2"}
			}
		},
		{
			"name": "earring_right",
			"from": [14.7, 8.4, 6.6],
			"to": [15.25, 8.7, 8],
			"rotation": {"angle": 0, "axis": "y", "origin": [16.4, 8.6, 6.6]},
			"faces": {
				"north": {"uv": [5.032, 8.032, 5.5, 8.25], "texture": "#2"},
				"east": {"uv": [1.032, 3.032, 2.375, 3.25], "texture": "#2"},
				"south": {"uv": [8.032, 5.032, 8.5, 5.25], "texture": "#2"},
				"west": {"uv": [3.032, 1.032, 4.375, 1.25], "texture": "#2"},
				"up": {"uv": [0.5, 3.375, 0.032, 2.032], "texture": "#2"},
				"down": {"uv": [2.5, 0.032, 2.032, 1.375], "texture": "#2"}
			}
		},
		{
			"name": "earring_right",
			"from": [14.9, 7.5, 6.75],
			"to": [15.1, 8.4, 6.85],
			"rotation": {"angle": 0, "axis": "y", "origin": [16.4, 7.6, 6.1]},
			"faces": {
				"north": {"uv": [5.032, 1.282, 5.45, 1.875], "texture": "#2"},
				"east": {"uv": [5.032, 2.032, 5.125, 2.625], "texture": "#2"},
				"south": {"uv": [2.032, 5.032, 2.5, 5.625], "texture": "#2"},
				"west": {"uv": [3.032, 9.032, 3.125, 9.625], "texture": "#2"},
				"up": {"uv": [9.5, 8.125, 9.032, 8.032], "texture": "#2"},
				"down": {"uv": [9.5, 9.032, 9.032, 9.125], "texture": "#2"}
			}
		},
		{
			"name": "earring_right",
			"from": [14.9, 7.5, 7.25],
			"to": [15.1, 8.4, 7.35],
			"rotation": {"angle": 0, "axis": "y", "origin": [16.4, 7.6, 6.6]},
			"faces": {
				"north": {"uv": [5.032, 2.032, 5.5, 2.625], "texture": "#2"},
				"east": {"uv": [5.032, 2.532, 5.125, 3.125], "texture": "#2"},
				"south": {"uv": [3.032, 5.032, 3.5, 5.625], "texture": "#2"},
				"west": {"uv": [4.032, 9.032, 4.325, 9.775], "texture": "#2"},
				"up": {"uv": [0.5, 10.125, 0.032, 10.032], "texture": "#2"},
				"down": {"uv": [10.5, 0.032, 10.032, 0.125], "texture": "#2"}
			}
		},
		{
			"name": "earring_right",
			"from": [14.9, 7.5, 7.75],
			"to": [15.1, 8.4, 7.85],
			"rotation": {"angle": 0, "axis": "y", "origin": [16.5, 7.6, 7.1]},
			"faces": {
				"north": {"uv": [5.032, 3.032, 5.5, 3.625], "texture": "#2"},
				"east": {"uv": [5.032, 2.532, 5.125, 3.125], "texture": "#2"},
				"south": {"uv": [4.032, 5.032, 4.5, 5.625], "texture": "#2"},
				"west": {"uv": [5.032, 9.032, 5.325, 9.775], "texture": "#2"},
				"up": {"uv": [1.5, 9.625, 1.032, 9.532], "texture": "#2"},
				"down": {"uv": [5.45, 1.382, 4.982, 1.475], "texture": "#2"}
			}
		},
		{
			"name": "earring_right",
			"from": [14.7, 7, 6.6],
			"to": [15.3, 7.5, 7],
			"rotation": {"angle": 0, "axis": "y", "origin": [16.4, 7.5, 6.1]},
			"faces": {
				"north": {"uv": [0.032, 0.032, 15.968, 15.968], "texture": "#1"},
				"east": {"uv": [0.032, 0.032, 15.968, 15.968], "texture": "#1"},
				"south": {"uv": [0.032, 0.032, 15.968, 15.968], "texture": "#1"},
				"west": {"uv": [0.032, 0.032, 15.968, 15.968], "texture": "#1"},
				"up": {"uv": [0.032, 0.032, 15.968, 15.968], "texture": "#1"},
				"down": {"uv": [0.032, 0.032, 15.968, 15.968], "texture": "#1"}
			}
		},
		{
			"name": "earring_right",
			"from": [14.7, 7, 7.1],
			"to": [15.3, 7.5, 7.5],
			"rotation": {"angle": 0, "axis": "y", "origin": [16.4, 7.5, 6.6]},
			"faces": {
				"north": {"uv": [0.032, 0.032, 15.968, 15.968], "texture": "#1"},
				"east": {"uv": [0.032, 0.032, 15.968, 15.968], "texture": "#1"},
				"south": {"uv": [0.032, 0.032, 15.968, 15.968], "texture": "#1"},
				"west": {"uv": [0.032, 0.032, 15.968, 15.968], "texture": "#1"},
				"up": {"uv": [0.032, 0.032, 15.968, 15.968], "texture": "#1"},
				"down": {"uv": [0.032, 0.032, 15.968, 15.968], "texture": "#1"}
			}
		},
		{
			"name": "earring_right",
			"from": [14.7, 7, 7.6],
			"to": [15.3, 7.5, 8],
			"rotation": {"angle": 0, "axis": "y", "origin": [16.4, 7.5, 7.1]},
			"faces": {
				"north": {"uv": [0.032, 0.032, 15.968, 15.968], "texture": "#1"},
				"east": {"uv": [0.032, 0.032, 15.968, 15.968], "texture": "#1"},
				"south": {"uv": [0.032, 0.032, 15.968, 15.968], "texture": "#1"},
				"west": {"uv": [0.032, 0.032, 15.968, 15.968], "texture": "#1"},
				"up": {"uv": [0.032, 0.032, 15.968, 15.968], "texture": "#1"},
				"down": {"uv": [0.032, 0.032, 15.968, 15.968], "texture": "#1"}
			}
		},
		{
			"name": "earring_right",
			"from": [14.62, 9.5, 7.05],
			"to": [15.22, 10, 7.55],
			"rotation": {"angle": 0, "axis": "y", "origin": [11.5, 9.5, 6.6]},
			"faces": {
				"north": {"uv": [0.032, 0.032, 15.968, 15.968], "texture": "#1"},
				"east": {"uv": [0.032, 0.032, 15.968, 15.968], "texture": "#1"},
				"south": {"uv": [0.032, 0.032, 15.968, 15.968], "texture": "#1"},
				"west": {"uv": [0.032, 0.032, 15.968, 15.968], "texture": "#1"},
				"up": {"uv": [0.032, 0.032, 15.968, 15.968], "texture": "#1"},
				"down": {"uv": [0.032, 0.032, 15.968, 15.968], "texture": "#1"}
			}
		}
	],
	"display": {
		"thirdperson_righthand": {
			"rotation": [5, -84, -36],
			"translation": [-0.25, 0.5, 1.75],
			"scale": [0, 1, 1]
		},
		"thirdperson_lefthand": {
			"rotation": [51.15, 0.85, 2.93],
			"translation": [-5.75, -1.25, 12],
			"scale": [0.64844, 1.01, 1]
		},
		"firstperson_righthand": {
			"rotation": [-34, -123, 16],
			"translation": [2.5, -1.75, 0]
		},
		"firstperson_lefthand": {
			"rotation": [43, 84, -91],
			"translation": [-0.75, -1.5, 0]
		},
		"gui": {
			"rotation": [0, -77, -7],
			"translation": [-0.5, -1.75, 0],
			"scale": [1.87, 1.8, 1.95]
		},
		"head": {
			"rotation": [-5, 0, 0],
			"translation": [-0.25, -4.75, -0.75]
		},
		"fixed": {
			"rotation": [0, -90, 0],
			"translation": [-1, -0.25, 9.25],
			"scale": [1.42, 1.61, 1.49]
		}
	},
	"groups": [
		{
			"name": "root",
			"origin": [8, 8, 8],
			"color": 0,
			"nbt": "{}",
			"children": [
				{
					"name": "left_earring",
					"origin": [8, 8, 8],
					"color": 0,
					"nbt": "{}",
					"children": [0, 1, 2, 3, 4, 5, 6, 7, 8]
				},
				{
					"name": "right_earring",
					"origin": [8, 8, 8],
					"color": 0,
					"nbt": "{}",
					"children": [9, 10, 11, 12, 13, 14, 15, 16, 17]
				}
			]
		}
	]
}