{
	"credit": "Made with Blockbench",
	"textures": {
		"0": "block/anvil",
		"particle": "block/anvil"
	},
	"elements": [
		{
			"from": [6, 0, 7],
			"to": [9, 0.5, 8],
			"faces": {
				"north": {"uv": [0, 0, 3, 0.5], "texture": "#0"},
				"east": {"uv": [0, 0, 1, 0.5], "texture": "#0"},
				"south": {"uv": [0, 0, 3, 0.5], "texture": "#0"},
				"west": {"uv": [0, 0, 1, 0.5], "texture": "#0"},
				"up": {"uv": [0, 0, 3, 1], "texture": "#0"},
				"down": {"uv": [0, 0, 3, 1], "texture": "#0"}
			}
		},
		{
			"from": [9.5, 4.7, 7],
			"to": [10, 5.7, 8],
			"rotation": {"angle": 0, "axis": "y", "origin": [0, 16, 0]},
			"faces": {
				"north": {"uv": [0, 1.5, 0.5, 2.5], "texture": "#0"},
				"east": {"uv": [0, 1.5, 1, 2.5], "texture": "#0"},
				"south": {"uv": [0, 1.5, 0.5, 2.5], "texture": "#0"},
				"west": {"uv": [0, 1.5, 1, 2.5], "texture": "#0"},
				"up": {"uv": [0, 2, 0.5, 3], "texture": "#0"},
				"down": {"uv": [0, 2, 0.5, 3], "texture": "#0"}
			}
		},
		{
			"from": [9, 5.2, 7],
			"to": [9.5, 6, 8],
			"rotation": {"angle": 0, "axis": "y", "origin": [0, 16, 0]},
			"faces": {
				"north": {"uv": [0, 1.5, 0.5, 2.3], "texture": "#0"},
				"east": {"uv": [0, 1.5, 1, 2.3], "texture": "#0"},
				"south": {"uv": [0, 1.5, 0.5, 2.3], "texture": "#0"},
				"west": {"uv": [0, 1.5, 1, 2.3], "texture": "#0"},
				"up": {"uv": [0, 2, 0.5, 3], "texture": "#0"},
				"down": {"uv": [0, 2, 0.5, 3], "texture": "#0"}
			}
		},
		{
			"from": [6, 5.5, 7],
			"to": [9, 6, 8],
			"rotation": {"angle": 0, "axis": "y", "origin": [0, 16, 0]},
			"faces": {
				"north": {"uv": [0, 1.5, 3, 2], "texture": "#0"},
				"east": {"uv": [0, 1.5, 1, 2], "texture": "#0"},
				"south": {"uv": [0, 1.5, 3, 2], "texture": "#0"},
				"west": {"uv": [0, 1.5, 1, 2], "texture": "#0"},
				"up": {"uv": [0, 2, 3, 3], "texture": "#0"},
				"down": {"uv": [0, 2, 3, 3], "texture": "#0"}
			}
		},
		{
			"from": [9, 0, 7],
			"to": [9.5, 0.8, 8],
			"faces": {
				"north": {"uv": [0, 0, 0.5, 0.8], "texture": "#0"},
				"east": {"uv": [0, 0, 1, 0.8], "texture": "#0"},
				"south": {"uv": [0, 0, 0.5, 0.8], "texture": "#0"},
				"west": {"uv": [0, 0, 1, 0.8], "texture": "#0"},
				"up": {"uv": [0, 0, 0.5, 1], "texture": "#0"},
				"down": {"uv": [0, 0, 0.5, 1], "texture": "#0"}
			}
		},
		{
			"from": [9.5, 0.3, 7],
			"to": [10, 1.3, 8],
			"faces": {
				"north": {"uv": [0, 0, 0.5, 1], "texture": "#0"},
				"east": {"uv": [0, 0, 1, 1], "texture": "#0"},
				"south": {"uv": [0, 0, 0.5, 1], "texture": "#0"},
				"west": {"uv": [0, 0, 1, 1], "texture": "#0"},
				"up": {"uv": [0, 0, 0.5, 1], "texture": "#0"},
				"down": {"uv": [0, 0, 0.5, 1], "texture": "#0"}
			}
		},
		{
			"from": [10, 0.8, 7],
			"to": [10.5, 5.2, 8],
			"faces": {
				"north": {"uv": [0, 0, 0.5, 4.4], "texture": "#0"},
				"east": {"uv": [0, 0, 1, 4.4], "texture": "#0"},
				"south": {"uv": [0, 0, 0.5, 4.4], "texture": "#0"},
				"west": {"uv": [0, 0, 1, 4.4], "texture": "#0"},
				"up": {"uv": [0, 0, 0.5, 1], "texture": "#0"},
				"down": {"uv": [0, 0, 0.5, 1], "texture": "#0"}
			}
		},
		{
			"from": [5.5, 5.2, 7],
			"to": [6, 6, 8],
			"rotation": {"angle": 0, "axis": "y", "origin": [16, 16, 0]},
			"faces": {
				"north": {"uv": [0.5, 1.5, 1, 2.3], "texture": "#0"},
				"east": {"uv": [1, 1.5, 2, 2.3], "texture": "#0"},
				"south": {"uv": [0.5, 1.5, 1, 2.3], "texture": "#0"},
				"west": {"uv": [1, 1.5, 2, 2.3], "texture": "#0"},
				"up": {"uv": [0.5, 2, 1, 3], "texture": "#0"},
				"down": {"uv": [0.5, 2, 1, 3], "texture": "#0"}
			}
		},
		{
			"from": [5, 4.7, 7],
			"to": [5.5, 5.7, 8],
			"rotation": {"angle": 0, "axis": "y", "origin": [16, 16, 0]},
			"faces": {
				"north": {"uv": [0.5, 1.5, 1, 2.5], "texture": "#0"},
				"east": {"uv": [1, 1.5, 2, 2.5], "texture": "#0"},
				"south": {"uv": [0.5, 1.5, 1, 2.5], "texture": "#0"},
				"west": {"uv": [1, 1.5, 2, 2.5], "texture": "#0"},
				"up": {"uv": [0.5, 2, 1, 3], "texture": "#0"},
				"down": {"uv": [0.5, 2, 1, 3], "texture": "#0"}
			}
		},
		{
			"from": [5.5, 0, 7],
			"to": [6, 0.8, 8],
			"rotation": {"angle": 0, "axis": "y", "origin": [16, 0, 0]},
			"faces": {
				"north": {"uv": [0.5, 0, 1, 0.8], "texture": "#0"},
				"east": {"uv": [1, 0, 2, 0.8], "texture": "#0"},
				"south": {"uv": [0.5, 0, 1, 0.8], "texture": "#0"},
				"west": {"uv": [1, 0, 2, 0.8], "texture": "#0"},
				"up": {"uv": [0.5, 0, 1, 1], "texture": "#0"},
				"down": {"uv": [0.5, 0, 1, 1], "texture": "#0"}
			}
		},
		{
			"from": [5, 0.3, 7],
			"to": [5.5, 1.3, 8],
			"rotation": {"angle": 0, "axis": "y", "origin": [16, 0, 0]},
			"faces": {
				"north": {"uv": [0.5, 0, 1, 1], "texture": "#0"},
				"east": {"uv": [1, 0, 2, 1], "texture": "#0"},
				"south": {"uv": [0.5, 0, 1, 1], "texture": "#0"},
				"west": {"uv": [1, 0, 2, 1], "texture": "#0"},
				"up": {"uv": [0.5, 0, 1, 1], "texture": "#0"},
				"down": {"uv": [0.5, 0, 1, 1], "texture": "#0"}
			}
		},
		{
			"from": [4.5, 0.8, 7],
			"to": [5, 5.2, 8],
			"rotation": {"angle": 0, "axis": "y", "origin": [16, 0, 0]},
			"faces": {
				"north": {"uv": [0.5, 0, 1, 4.4], "texture": "#0"},
				"east": {"uv": [1, 0, 2, 4.4], "texture": "#0"},
				"south": {"uv": [0.5, 0, 1, 4.4], "texture": "#0"},
				"west": {"uv": [1, 0, 2, 4.4], "texture": "#0"},
				"up": {"uv": [0.5, 0, 1, 1], "texture": "#0"},
				"down": {"uv": [0.5, 0, 1, 1], "texture": "#0"}
			}
		},
		{
			"from": [-6, 0, 7],
			"to": [-3, 0.5, 8],
			"faces": {
				"north": {"uv": [0, 0, 3, 0.5], "texture": "#0"},
				"east": {"uv": [0, 0, 1, 0.5], "texture": "#0"},
				"south": {"uv": [0, 0, 3, 0.5], "texture": "#0"},
				"west": {"uv": [0, 0, 1, 0.5], "texture": "#0"},
				"up": {"uv": [0, 0, 3, 1], "texture": "#0"},
				"down": {"uv": [0, 0, 3, 1], "texture": "#0"}
			}
		},
		{
			"from": [-2.5, 4.7, 7],
			"to": [-2, 5.7, 8],
			"rotation": {"angle": 0, "axis": "x", "origin": [0, 16, 0]},
			"faces": {
				"north": {"uv": [0, 1.5, 0.5, 2.5], "texture": "#0"},
				"east": {"uv": [0, 1.5, 1, 2.5], "texture": "#0"},
				"south": {"uv": [0, 1.5, 0.5, 2.5], "texture": "#0"},
				"west": {"uv": [0, 1.5, 1, 2.5], "texture": "#0"},
				"up": {"uv": [0, 2, 0.5, 3], "texture": "#0"},
				"down": {"uv": [0, 2, 0.5, 3], "texture": "#0"}
			}
		},
		{
			"from": [-3, 5.2, 7],
			"to": [-2.5, 6, 8],
			"rotation": {"angle": 0, "axis": "x", "origin": [0, 16, 0]},
			"faces": {
				"north": {"uv": [0, 1.5, 0.5, 2.3], "texture": "#0"},
				"east": {"uv": [0, 1.5, 1, 2.3], "texture": "#0"},
				"south": {"uv": [0, 1.5, 0.5, 2.3], "texture": "#0"},
				"west": {"uv": [0, 1.5, 1, 2.3], "texture": "#0"},
				"up": {"uv": [0, 2, 0.5, 3], "texture": "#0"},
				"down": {"uv": [0, 2, 0.5, 3], "texture": "#0"}
			}
		},
		{
			"from": [-6, 5.5, 7],
			"to": [-3, 6, 8],
			"rotation": {"angle": 0, "axis": "x", "origin": [0, 16, 0]},
			"faces": {
				"north": {"uv": [0, 1.5, 3, 2], "texture": "#0"},
				"east": {"uv": [0, 1.5, 1, 2], "texture": "#0"},
				"south": {"uv": [0, 1.5, 3, 2], "texture": "#0"},
				"west": {"uv": [0, 1.5, 1, 2], "texture": "#0"},
				"up": {"uv": [0, 2, 3, 3], "texture": "#0"},
				"down": {"uv": [0, 2, 3, 3], "texture": "#0"}
			}
		},
		{
			"from": [-3, 0, 7],
			"to": [-2.5, 0.8, 8],
			"faces": {
				"north": {"uv": [0, 0, 0.5, 0.8], "texture": "#0"},
				"east": {"uv": [0, 0, 1, 0.8], "texture": "#0"},
				"south": {"uv": [0, 0, 0.5, 0.8], "texture": "#0"},
				"west": {"uv": [0, 0, 1, 0.8], "texture": "#0"},
				"up": {"uv": [0, 0, 0.5, 1], "texture": "#0"},
				"down": {"uv": [0, 0, 0.5, 1], "texture": "#0"}
			}
		},
		{
			"from": [-2.5, 0.3, 7],
			"to": [-2, 1.3, 8],
			"faces": {
				"north": {"uv": [0, 0, 0.5, 1], "texture": "#0"},
				"east": {"uv": [0, 0, 1, 1], "texture": "#0"},
				"south": {"uv": [0, 0, 0.5, 1], "texture": "#0"},
				"west": {"uv": [0, 0, 1, 1], "texture": "#0"},
				"up": {"uv": [0, 0, 0.5, 1], "texture": "#0"},
				"down": {"uv": [0, 0, 0.5, 1], "texture": "#0"}
			}
		},
		{
			"from": [-2, 0.8, 7],
			"to": [-1.5, 5.2, 8],
			"faces": {
				"north": {"uv": [0, 0, 0.5, 4.4], "texture": "#0"},
				"east": {"uv": [0, 0, 1, 4.4], "texture": "#0"},
				"south": {"uv": [0, 0, 0.5, 4.4], "texture": "#0"},
				"west": {"uv": [0, 0, 1, 4.4], "texture": "#0"},
				"up": {"uv": [0, 0, 0.5, 1], "texture": "#0"},
				"down": {"uv": [0, 0, 0.5, 1], "texture": "#0"}
			}
		},
		{
			"from": [-6.5, 5.2, 7],
			"to": [-6, 6, 8],
			"rotation": {"angle": 0, "axis": "x", "origin": [16, 16, 0]},
			"faces": {
				"north": {"uv": [0.5, 1.5, 1, 2.3], "texture": "#0"},
				"east": {"uv": [1, 1.5, 2, 2.3], "texture": "#0"},
				"south": {"uv": [0.5, 1.5, 1, 2.3], "texture": "#0"},
				"west": {"uv": [1, 1.5, 2, 2.3], "texture": "#0"},
				"up": {"uv": [0.5, 2, 1, 3], "texture": "#0"},
				"down": {"uv": [0.5, 2, 1, 3], "texture": "#0"}
			}
		},
		{
			"from": [-7, 4.7, 7],
			"to": [-6.5, 5.7, 8],
			"rotation": {"angle": 0, "axis": "x", "origin": [16, 16, 0]},
			"faces": {
				"north": {"uv": [0.5, 1.5, 1, 2.5], "texture": "#0"},
				"east": {"uv": [1, 1.5, 2, 2.5], "texture": "#0"},
				"south": {"uv": [0.5, 1.5, 1, 2.5], "texture": "#0"},
				"west": {"uv": [1, 1.5, 2, 2.5], "texture": "#0"},
				"up": {"uv": [0.5, 2, 1, 3], "texture": "#0"},
				"down": {"uv": [0.5, 2, 1, 3], "texture": "#0"}
			}
		},
		{
			"from": [-6.5, 0, 7],
			"to": [-6, 0.8, 8],
			"rotation": {"angle": 0, "axis": "x", "origin": [16, 0, 0]},
			"faces": {
				"north": {"uv": [0.5, 0, 1, 0.8], "texture": "#0"},
				"east": {"uv": [1, 0, 2, 0.8], "texture": "#0"},
				"south": {"uv": [0.5, 0, 1, 0.8], "texture": "#0"},
				"west": {"uv": [1, 0, 2, 0.8], "texture": "#0"},
				"up": {"uv": [0.5, 0, 1, 1], "texture": "#0"},
				"down": {"uv": [0.5, 0, 1, 1], "texture": "#0"}
			}
		},
		{
			"from": [-7, 0.3, 7],
			"to": [-6.5, 1.3, 8],
			"rotation": {"angle": 0, "axis": "x", "origin": [16, 0, 0]},
			"faces": {
				"north": {"uv": [0.5, 0, 1, 1], "texture": "#0"},
				"east": {"uv": [1, 0, 2, 1], "texture": "#0"},
				"south": {"uv": [0.5, 0, 1, 1], "texture": "#0"},
				"west": {"uv": [1, 0, 2, 1], "texture": "#0"},
				"up": {"uv": [0.5, 0, 1, 1], "texture": "#0"},
				"down": {"uv": [0.5, 0, 1, 1], "texture": "#0"}
			}
		},
		{
			"from": [-7.5, 0.8, 7],
			"to": [-7, 5.2, 8],
			"rotation": {"angle": 0, "axis": "x", "origin": [16, 0, 0]},
			"faces": {
				"north": {"uv": [0.5, 0, 1, 4.4], "texture": "#0"},
				"east": {"uv": [1, 0, 2, 4.4], "texture": "#0"},
				"south": {"uv": [0.5, 0, 1, 4.4], "texture": "#0"},
				"west": {"uv": [1, 0, 2, 4.4], "texture": "#0"},
				"up": {"uv": [0.5, 0, 1, 1], "texture": "#0"},
				"down": {"uv": [0.5, 0, 1, 1], "texture": "#0"}
			}
		},
		{
			"name": "chains_hanger_0",
			"from": [-1.5, 4.1, 7.1],
			"to": [0.1, 4.6, 7.6],
			"rotation": {"angle": 0, "axis": "x", "origin": [5.6, -3.6, 7.1]},
			"faces": {
				"north": {"uv": [14, 0, 8, 2], "texture": "#0"},
				"east": {"uv": [12, 0, 14, 2], "texture": "#0"},
				"south": {"uv": [8, 0, 14, 2], "texture": "#0"},
				"west": {"uv": [8, 0, 10, 2], "texture": "#0"},
				"up": {"uv": [8, 0, 14, 2], "texture": "#0"},
				"down": {"uv": [8, 0, 14, 2], "texture": "#0"}
			}
		},
		{
			"name": "chains_hanger_3",
			"from": [-1.5, 2.8, 7.1],
			"to": [-1, 4.1, 7.6],
			"rotation": {"angle": 0, "axis": "x", "origin": [5.6, -3.4, 7.1]},
			"faces": {
				"north": {"uv": [10, 2, 8, 8], "texture": "#0"},
				"east": {"uv": [8, 2, 10, 8], "texture": "#0"},
				"south": {"uv": [8, 2, 10, 8], "texture": "#0"},
				"west": {"uv": [8, 2, 10, 8], "texture": "#0"},
				"up": {"uv": [8, 2, 10, 4], "texture": "#0"},
				"down": {"uv": [8, 6, 10, 8], "texture": "#0"}
			}
		},
		{
			"name": "chains_hanger_4",
			"from": [-0.4, 2.8, 7.1],
			"to": [0.1, 4.1, 7.6],
			"rotation": {"angle": 0, "axis": "x", "origin": [5.6, -3.4, 7.1]},
			"faces": {
				"north": {"uv": [14, 2, 12, 8], "texture": "#0"},
				"east": {"uv": [12, 2, 14, 8], "texture": "#0"},
				"south": {"uv": [12, 2, 14, 8], "texture": "#0"},
				"west": {"uv": [12, 2, 14, 8], "texture": "#0"},
				"up": {"uv": [12, 2, 14, 4], "texture": "#0"},
				"down": {"uv": [12, 6, 14, 8], "texture": "#0"}
			}
		},
		{
			"name": "chains_hanger_10",
			"from": [-1, 2.8, 7.1],
			"to": [-0.4, 3.3, 7.6],
			"rotation": {"angle": 0, "axis": "x", "origin": [5.6, -3.4, 7.1]},
			"faces": {
				"north": {"uv": [12, 6, 10, 8], "texture": "#0"},
				"east": {"uv": [10, 6, 12, 8], "texture": "#0"},
				"south": {"uv": [10, 6, 12, 8], "texture": "#0"},
				"west": {"uv": [10, 6, 12, 8], "texture": "#0"},
				"up": {"uv": [10, 6, 12, 8], "texture": "#0"},
				"down": {"uv": [10, 6, 12, 8], "texture": "#0"}
			}
		},
		{
			"name": "chains_hanger_0",
			"from": [0.1, 4.21522, 4.07346],
			"to": [1.5, 4.71522, 4.57346],
			"rotation": {"angle": 22.5, "axis": "x", "origin": [7.1, -3.48478, 4.07346]},
			"faces": {
				"north": {"uv": [14, 0, 8, 2], "texture": "#0"},
				"east": {"uv": [12, 0, 14, 2], "texture": "#0"},
				"south": {"uv": [8, 0, 14, 2], "texture": "#0"},
				"west": {"uv": [8, 0, 10, 2], "texture": "#0"},
				"up": {"uv": [8, 0, 14, 2], "texture": "#0"},
				"down": {"uv": [8, 0, 14, 2], "texture": "#0"}
			}
		},
		{
			"name": "chains_hanger_3",
			"from": [0.1, 2.9, 4.15],
			"to": [0.5, 4.2, 4.65],
			"rotation": {"angle": 22.5, "axis": "x", "origin": [7.1, -3.3, 4.15]},
			"faces": {
				"north": {"uv": [10, 2, 8, 8], "texture": "#0"},
				"east": {"uv": [8, 2, 10, 8], "texture": "#0"},
				"south": {"uv": [8, 2, 10, 8], "texture": "#0"},
				"west": {"uv": [8, 2, 10, 8], "texture": "#0"},
				"up": {"uv": [8, 2, 10, 4], "texture": "#0"},
				"down": {"uv": [8, 6, 10, 8], "texture": "#0"}
			}
		},
		{
			"name": "chains_hanger_4",
			"from": [1.1, 2.9, 4.15],
			"to": [1.5, 4.2, 4.65],
			"rotation": {"angle": 22.5, "axis": "x", "origin": [7.1, -3.3, 4.15]},
			"faces": {
				"north": {"uv": [14, 2, 12, 8], "texture": "#0"},
				"east": {"uv": [12, 2, 14, 8], "texture": "#0"},
				"south": {"uv": [12, 2, 14, 8], "texture": "#0"},
				"west": {"uv": [12, 2, 14, 8], "texture": "#0"},
				"up": {"uv": [12, 2, 14, 4], "texture": "#0"},
				"down": {"uv": [12, 6, 14, 8], "texture": "#0"}
			}
		},
		{
			"name": "chains_hanger_10",
			"from": [0.5, 2.9, 4.15],
			"to": [1.1, 3.4, 4.65],
			"rotation": {"angle": 22.5, "axis": "x", "origin": [7.1, -3.3, 4.15]},
			"faces": {
				"north": {"uv": [12, 6, 10, 8], "texture": "#0"},
				"east": {"uv": [10, 6, 12, 8], "texture": "#0"},
				"south": {"uv": [10, 6, 12, 8], "texture": "#0"},
				"west": {"uv": [10, 6, 12, 8], "texture": "#0"},
				"up": {"uv": [10, 6, 12, 8], "texture": "#0"},
				"down": {"uv": [10, 6, 12, 8], "texture": "#0"}
			}
		},
		{
			"name": "chains_hanger_0",
			"from": [1.5, 5.76131, 8.33869],
			"to": [3.1, 6.26131, 8.83869],
			"rotation": {"angle": 22.5, "axis": "x", "origin": [8.6, 6.26131, 0.63869]},
			"faces": {
				"north": {"uv": [8, 0, 14, 2], "rotation": 180, "texture": "#0"},
				"east": {"uv": [12, 0, 14, 2], "rotation": 270, "texture": "#0"},
				"south": {"uv": [8, 0, 14, 2], "texture": "#0"},
				"west": {"uv": [8, 0, 10, 2], "rotation": 90, "texture": "#0"},
				"up": {"uv": [14, 0, 8, 2], "rotation": 180, "texture": "#0"},
				"down": {"uv": [8, 0, 14, 2], "texture": "#0"}
			}
		},
		{
			"name": "chains_hanger_3",
			"from": [1.5, 5.68478, 7.02346],
			"to": [2, 6.18478, 8.32346],
			"rotation": {"angle": 22.5, "axis": "x", "origin": [8.6, 6.18478, 0.82346]},
			"faces": {
				"north": {"uv": [8, 6, 10, 8], "rotation": 180, "texture": "#0"},
				"east": {"uv": [8, 2, 10, 8], "rotation": 270, "texture": "#0"},
				"south": {"uv": [8, 2, 10, 4], "texture": "#0"},
				"west": {"uv": [8, 2, 10, 8], "rotation": 90, "texture": "#0"},
				"up": {"uv": [10, 2, 8, 8], "rotation": 180, "texture": "#0"},
				"down": {"uv": [8, 2, 10, 8], "texture": "#0"}
			}
		},
		{
			"name": "chains_hanger_4",
			"from": [2.6, 5.68478, 7.02346],
			"to": [3.1, 6.18478, 8.32346],
			"rotation": {"angle": 22.5, "axis": "x", "origin": [8.6, 6.18478, 0.82346]},
			"faces": {
				"north": {"uv": [12, 6, 14, 8], "rotation": 180, "texture": "#0"},
				"east": {"uv": [12, 2, 14, 8], "rotation": 270, "texture": "#0"},
				"south": {"uv": [12, 2, 14, 4], "texture": "#0"},
				"west": {"uv": [12, 2, 14, 8], "rotation": 90, "texture": "#0"},
				"up": {"uv": [14, 2, 12, 8], "rotation": 180, "texture": "#0"},
				"down": {"uv": [12, 2, 14, 8], "texture": "#0"}
			}
		},
		{
			"name": "chains_hanger_10",
			"from": [2, 5.68478, 7.02346],
			"to": [2.6, 6.18478, 7.52346],
			"rotation": {"angle": 22.5, "axis": "x", "origin": [8.6, 6.18478, 0.82346]},
			"faces": {
				"north": {"uv": [10, 6, 12, 8], "rotation": 180, "texture": "#0"},
				"east": {"uv": [10, 6, 12, 8], "rotation": 270, "texture": "#0"},
				"south": {"uv": [10, 6, 12, 8], "texture": "#0"},
				"west": {"uv": [10, 6, 12, 8], "rotation": 90, "texture": "#0"},
				"up": {"uv": [12, 6, 10, 8], "rotation": 180, "texture": "#0"},
				"down": {"uv": [10, 6, 12, 8], "texture": "#0"}
			}
		},
		{
			"name": "chains_hanger_0",
			"from": [3.1, 4.11522, 9.97654],
			"to": [4.5, 4.61522, 10.47654],
			"rotation": {"angle": -22.5, "axis": "x", "origin": [10.1, -3.58478, 9.97654]},
			"faces": {
				"north": {"uv": [14, 0, 8, 2], "texture": "#0"},
				"east": {"uv": [12, 0, 14, 2], "texture": "#0"},
				"south": {"uv": [8, 0, 14, 2], "texture": "#0"},
				"west": {"uv": [8, 0, 10, 2], "texture": "#0"},
				"up": {"uv": [8, 0, 14, 2], "texture": "#0"},
				"down": {"uv": [8, 0, 14, 2], "texture": "#0"}
			}
		},
		{
			"name": "chains_hanger_3",
			"from": [3.1, 2.8, 9.9],
			"to": [3.5, 4.1, 10.4],
			"rotation": {"angle": -22.5, "axis": "x", "origin": [10.1, -3.4, 9.9]},
			"faces": {
				"north": {"uv": [10, 2, 8, 8], "texture": "#0"},
				"east": {"uv": [8, 2, 10, 8], "texture": "#0"},
				"south": {"uv": [8, 2, 10, 8], "texture": "#0"},
				"west": {"uv": [8, 2, 10, 8], "texture": "#0"},
				"up": {"uv": [8, 2, 10, 4], "texture": "#0"},
				"down": {"uv": [8, 6, 10, 8], "texture": "#0"}
			}
		},
		{
			"name": "chains_hanger_4",
			"from": [4.1, 2.8, 9.9],
			"to": [4.5, 4.1, 10.4],
			"rotation": {"angle": -22.5, "axis": "x", "origin": [10.1, -3.4, 9.9]},
			"faces": {
				"north": {"uv": [14, 2, 12, 8], "texture": "#0"},
				"east": {"uv": [12, 2, 14, 8], "texture": "#0"},
				"south": {"uv": [12, 2, 14, 8], "texture": "#0"},
				"west": {"uv": [12, 2, 14, 8], "texture": "#0"},
				"up": {"uv": [12, 2, 14, 4], "texture": "#0"},
				"down": {"uv": [12, 6, 14, 8], "texture": "#0"}
			}
		},
		{
			"name": "chains_hanger_10",
			"from": [3.5, 2.8, 9.9],
			"to": [4.1, 3.3, 10.4],
			"rotation": {"angle": -22.5, "axis": "x", "origin": [10.1, -3.4, 9.9]},
			"faces": {
				"north": {"uv": [12, 6, 10, 8], "texture": "#0"},
				"east": {"uv": [10, 6, 12, 8], "texture": "#0"},
				"south": {"uv": [10, 6, 12, 8], "texture": "#0"},
				"west": {"uv": [10, 6, 12, 8], "texture": "#0"},
				"up": {"uv": [10, 6, 12, 8], "texture": "#0"},
				"down": {"uv": [10, 6, 12, 8], "texture": "#0"}
			}
		}
	],
	"display": {
		"thirdperson_righthand": {
			"translation": [0.5, 3, 2.5]
		},
		"thirdperson_lefthand": {
			"rotation": [-137.98, -78.7, -135.2],
			"translation": [1.25, 1.5, -10.25],
			"scale": [0.8, 0.8, 0.5]
		}
	},
	"groups": [
		{
			"name": "cuff1",
			"origin": [8, 8, 8],
			"color": 0,
			"nbt": "{}",
			"children": [0, 1, 2, 3, 4, 5, 6, 7, 8, 9, 10, 11]
		},
		{
			"name": "cuff2",
			"origin": [8, 8, 8],
			"color": 0,
			"nbt": "{}",
			"children": [12, 13, 14, 15, 16, 17, 18, 19, 20, 21, 22, 23]
		},
		{
			"name": "chains",
			"origin": [8, 8, 8],
			"color": 0,
			"nbt": "{}",
			"children": [
				{
					"name": "c1",
					"origin": [0, 0, 0],
					"color": 0,
					"nbt": "{}",
					"children": [24, 25, 26, 27]
				},
				{
					"name": "c2",
					"origin": [0, 0, 0],
					"color": 0,
					"nbt": "{}",
					"children": [28, 29, 30, 31]
				},
				{
					"name": "c3",
					"origin": [0, 0, 0],
					"color": 0,
					"nbt": "{}",
					"children": [32, 33, 34, 35]
				},
				{
					"name": "c4",
					"origin": [0, 0, 0],
					"color": 0,
					"nbt": "{}",
					"children": [36, 37, 38, 39]
				}
			]
		}
	]
}