{
	"credit": "Made with Blockbench",
	"texture_size": [64, 64],
	"textures": {
		"3": "item/harp"
	},
	"elements": [
		{
			"from": [2.3, 14.5, 16],
			"to": [5.7, 15.5, 18],
			"faces": {
				"north": {"uv": [8.5, 9.5, 9.25, 9.75], "texture": "#3"},
				"east": {"uv": [8, 9.5, 8.5, 9.75], "texture": "#3"},
				"south": {"uv": [9.75, 9.5, 10.5, 9.75], "texture": "#3"},
				"west": {"uv": [9.25, 9.5, 9.75, 9.75], "texture": "#3"},
				"up": {"uv": [9.25, 9.5, 8.5, 9], "texture": "#3"},
				"down": {"uv": [10, 9, 9.25, 9.5], "texture": "#3"}
			}
		},
		{
			"from": [0, 20, -1],
			"to": [8, 21, 3],
			"faces": {
				"north": {"uv": [4.5, 1, 6.5, 1.25], "texture": "#3"},
				"east": {"uv": [3.5, 1, 4.5, 1.25], "texture": "#3"},
				"south": {"uv": [7.5, 1, 9.5, 1.25], "texture": "#3"},
				"west": {"uv": [6.5, 1, 7.5, 1.25], "texture": "#3"},
				"up": {"uv": [6.5, 1, 4.5, 0], "texture": "#3"},
				"down": {"uv": [8.5, 0, 6.5, 1], "texture": "#3"}
			}
		},
		{
			"from": [1, 19, 0],
			"to": [7, 20, 5],
			"faces": {
				"north": {"uv": [4.75, 2.5, 6.25, 2.75], "texture": "#3"},
				"east": {"uv": [3.5, 2.5, 4.75, 2.75], "texture": "#3"},
				"south": {"uv": [7.5, 2.5, 9, 2.75], "texture": "#3"},
				"west": {"uv": [6.25, 2.5, 7.5, 2.75], "texture": "#3"},
				"up": {"uv": [6.25, 2.5, 4.75, 1.25], "texture": "#3"},
				"down": {"uv": [7.75, 1.25, 6.25, 2.5], "texture": "#3"}
			}
		},
		{
			"from": [1, 18, 4],
			"to": [7, 19, 7],
			"faces": {
				"north": {"uv": [7.25, 3.5, 8.75, 3.75], "texture": "#3"},
				"east": {"uv": [6.5, 3.5, 7.25, 3.75], "texture": "#3"},
				"south": {"uv": [9.5, 3.5, 11, 3.75], "texture": "#3"},
				"west": {"uv": [8.75, 3.5, 9.5, 3.75], "texture": "#3"},
				"up": {"uv": [8.75, 3.5, 7.25, 2.75], "texture": "#3"},
				"down": {"uv": [10.25, 2.75, 8.75, 3.5], "texture": "#3"}
			}
		},
		{
			"from": [1, 17, 6],
			"to": [7, 18, 9],
			"faces": {
				"north": {"uv": [5.5, 7, 7, 7.25], "texture": "#3"},
				"east": {"uv": [4.75, 7, 5.5, 7.25], "texture": "#3"},
				"south": {"uv": [7.75, 7, 9.25, 7.25], "texture": "#3"},
				"west": {"uv": [7, 7, 7.75, 7.25], "texture": "#3"},
				"up": {"uv": [7, 7, 5.5, 6.25], "texture": "#3"},
				"down": {"uv": [8.5, 6.25, 7, 7], "texture": "#3"}
			}
		},
		{
			"from": [1.5, 15.5, 13],
			"to": [6.6, 16.5, 15],
			"faces": {
				"north": {"uv": [9, 0.5, 10.25, 0.75], "texture": "#3"},
				"east": {"uv": [8.5, 0.5, 9, 0.75], "texture": "#3"},
				"south": {"uv": [10.75, 0.5, 12, 0.75], "texture": "#3"},
				"west": {"uv": [10.25, 0.5, 10.75, 0.75], "texture": "#3"},
				"up": {"uv": [10.25, 0.5, 9, 0], "texture": "#3"},
				"down": {"uv": [11.5, 0, 10.25, 0.5], "texture": "#3"}
			}
		},
		{
			"from": [2, 15.5, 15],
			"to": [6.2, 16.5, 17],
			"faces": {
				"north": {"uv": [9, 6.75, 10, 7], "texture": "#3"},
				"east": {"uv": [8.5, 6.75, 9, 7], "texture": "#3"},
				"south": {"uv": [10.5, 6.75, 11.5, 7], "texture": "#3"},
				"west": {"uv": [10, 6.75, 10.5, 7], "texture": "#3"},
				"up": {"uv": [10, 6.75, 9, 6.25], "texture": "#3"},
				"down": {"uv": [11, 6.25, 10, 6.75], "texture": "#3"}
			}
		},
		{
			"from": [1.2, 15, 11],
			"to": [6.8, 16, 13],
			"faces": {
				"north": {"uv": [7.5, 8.75, 8.75, 9], "texture": "#3"},
				"east": {"uv": [7, 8.75, 7.5, 9], "texture": "#3"},
				"south": {"uv": [9.25, 8.75, 10.5, 9], "texture": "#3"},
				"west": {"uv": [8.75, 8.75, 9.25, 9], "texture": "#3"},
				"up": {"uv": [8.75, 8.75, 7.5, 8.25], "texture": "#3"},
				"down": {"uv": [10, 8.25, 8.75, 8.75], "texture": "#3"}
			}
		},
		{
			"from": [1, 16, 8],
			"to": [7, 17, 11],
			"faces": {
				"north": {"uv": [1.75, 6.75, 3.25, 7], "texture": "#3"},
				"east": {"uv": [1, 6.75, 1.75, 7], "texture": "#3"},
				"south": {"uv": [4, 6.75, 5.5, 7], "texture": "#3"},
				"west": {"uv": [3.25, 6.75, 4, 7], "texture": "#3"},
				"up": {"uv": [3.25, 6.75, 1.75, 6], "texture": "#3"},
				"down": {"uv": [4.75, 6, 3.25, 6.75], "texture": "#3"}
			}
		},
		{
			"from": [2.3, 9, 16],
			"to": [5.7, 14.5, 18],
			"faces": {
				"north": {"uv": [2.5, 8.75, 3.25, 10], "texture": "#3"},
				"east": {"uv": [2, 8.75, 2.5, 10], "texture": "#3"},
				"south": {"uv": [3.75, 8.75, 4.5, 10], "texture": "#3"},
				"west": {"uv": [3.25, 8.75, 3.75, 10], "texture": "#3"},
				"up": {"uv": [3.25, 8.75, 2.5, 8.25], "texture": "#3"},
				"down": {"uv": [4, 8.25, 3.25, 8.75], "texture": "#3"}
			}
		},
		{
			"from": [2.4, 21, 0.3],
			"to": [5.5, 22, 1.7],
			"faces": {
				"north": {"uv": [3.75, 3, 4.5, 3.25], "texture": "#3"},
				"east": {"uv": [3.5, 3, 3.75, 3.25], "texture": "#3"},
				"south": {"uv": [4.75, 3, 5.5, 3.25], "texture": "#3"},
				"west": {"uv": [4.5, 3, 4.75, 3.25], "texture": "#3"},
				"up": {"uv": [4.5, 3, 3.75, 2.75], "texture": "#3"},
				"down": {"uv": [5.25, 2.75, 4.5, 3], "texture": "#3"}
			}
		},
		{
			"from": [1, 2, 0],
			"to": [7, 19, 1.5],
			"faces": {
				"north": {"uv": [0.25, 0.25, 1.75, 4.5], "texture": "#3"},
				"east": {"uv": [0, 0.25, 0.25, 4.5], "texture": "#3"},
				"south": {"uv": [2, 0.25, 3.5, 4.5], "texture": "#3"},
				"west": {"uv": [1.75, 0.25, 2, 4.5], "texture": "#3"},
				"up": {"uv": [1.75, 0.25, 0.25, 0], "texture": "#3"},
				"down": {"uv": [3.25, 0, 1.75, 0.25], "texture": "#3"}
			}
		},
		{
			"from": [1, 0, 0],
			"to": [7, 2, 5],
			"faces": {
				"north": {"uv": [3.5, 4.5, 5, 5], "texture": "#3"},
				"east": {"uv": [2.25, 4.5, 3.5, 5], "texture": "#3"},
				"south": {"uv": [6.25, 4.5, 7.75, 5], "texture": "#3"},
				"west": {"uv": [5, 4.5, 6.25, 5], "texture": "#3"},
				"up": {"uv": [5, 4.5, 3.5, 3.25], "texture": "#3"},
				"down": {"uv": [6.5, 3.25, 5, 4.5], "texture": "#3"}
			}
		},
		{
			"from": [1, 2, 4],
			"to": [7, 3, 7],
			"faces": {
				"north": {"uv": [5.5, 6, 7, 6.25], "texture": "#3"},
				"east": {"uv": [4.75, 6, 5.5, 6.25], "texture": "#3"},
				"south": {"uv": [7.75, 6, 9.25, 6.25], "texture": "#3"},
				"west": {"uv": [7, 6, 7.75, 6.25], "texture": "#3"},
				"up": {"uv": [7, 6, 5.5, 5.25], "texture": "#3"},
				"down": {"uv": [8.5, 5.25, 7, 6], "texture": "#3"}
			}
		},
		{
			"from": [1, 3, 6],
			"to": [7, 4, 9],
			"faces": {
				"north": {"uv": [1.75, 5.75, 3.25, 6], "texture": "#3"},
				"east": {"uv": [1, 5.75, 1.75, 6], "texture": "#3"},
				"south": {"uv": [4, 5.75, 5.5, 6], "texture": "#3"},
				"west": {"uv": [3.25, 5.75, 4, 6], "texture": "#3"},
				"up": {"uv": [3.25, 5.75, 1.75, 5], "texture": "#3"},
				"down": {"uv": [4.75, 5, 3.25, 5.75], "texture": "#3"}
			}
		},
		{
			"from": [1.2, 4, 8],
			"to": [6.8, 5, 11],
			"faces": {
				"north": {"uv": [2.75, 8, 4, 8.25], "texture": "#3"},
				"east": {"uv": [2, 8, 2.75, 8.25], "texture": "#3"},
				"south": {"uv": [4.75, 8, 6, 8.25], "texture": "#3"},
				"west": {"uv": [4, 8, 4.75, 8.25], "texture": "#3"},
				"up": {"uv": [4, 8, 2.75, 7.25], "texture": "#3"},
				"down": {"uv": [5.25, 7.25, 4, 8], "texture": "#3"}
			}
		},
		{
			"from": [1.3, 5, 10],
			"to": [6.7, 6, 13],
			"faces": {
				"north": {"uv": [7.75, 5, 9, 5.25], "texture": "#3"},
				"east": {"uv": [7, 5, 7.75, 5.25], "texture": "#3"},
				"south": {"uv": [9.75, 5, 11, 5.25], "texture": "#3"},
				"west": {"uv": [9, 5, 9.75, 5.25], "texture": "#3"},
				"up": {"uv": [9, 5, 7.75, 4.25], "texture": "#3"},
				"down": {"uv": [10.25, 4.25, 9, 5], "texture": "#3"}
			}
		},
		{
			"from": [1.7, 6, 12],
			"to": [6.3, 7, 15],
			"faces": {
				"north": {"uv": [8.5, 2, 9.5, 2.25], "texture": "#3"},
				"east": {"uv": [7.75, 2, 8.5, 2.25], "texture": "#3"},
				"south": {"uv": [10.25, 2, 11.25, 2.25], "texture": "#3"},
				"west": {"uv": [9.5, 2, 10.25, 2.25], "texture": "#3"},
				"up": {"uv": [9.5, 2, 8.5, 1.25], "texture": "#3"},
				"down": {"uv": [10.5, 1.25, 9.5, 2], "texture": "#3"}
			}
		},
		{
			"from": [1.9, 7, 14],
			"to": [6.1, 8, 16],
			"faces": {
				"north": {"uv": [9, 5.75, 10, 6], "texture": "#3"},
				"east": {"uv": [8.5, 5.75, 9, 6], "texture": "#3"},
				"south": {"uv": [10.5, 5.75, 11.5, 6], "texture": "#3"},
				"west": {"uv": [10, 5.75, 10.5, 6], "texture": "#3"},
				"up": {"uv": [10, 5.75, 9, 5.25], "texture": "#3"},
				"down": {"uv": [11, 5.25, 10, 5.75], "texture": "#3"}
			}
		},
		{
			"from": [1.8, 8, 15],
			"to": [6.2, 9, 18],
			"faces": {
				"north": {"uv": [7.75, 8, 8.75, 8.25], "texture": "#3"},
				"east": {"uv": [7, 8, 7.75, 8.25], "texture": "#3"},
				"south": {"uv": [9.5, 8, 10.5, 8.25], "texture": "#3"},
				"west": {"uv": [8.75, 8, 9.5, 8.25], "texture": "#3"},
				"up": {"uv": [8.75, 8, 7.75, 7.25], "texture": "#3"},
				"down": {"uv": [9.75, 7.25, 8.75, 8], "texture": "#3"}
			}
		},
		{
			"from": [3.3, 2.01, 2],
			"to": [4.3, 19.01, 3],
			"faces": {
				"north": {"uv": [0.25, 4.75, 0.5, 9], "texture": "#3"},
				"east": {"uv": [0, 4.75, 0.25, 9], "texture": "#3"},
				"south": {"uv": [0.75, 4.75, 1, 9], "texture": "#3"},
				"west": {"uv": [0.5, 4.75, 0.75, 9], "texture": "#3"},
				"up": {"uv": [0.5, 4.75, 0.25, 4.5], "texture": "#3"},
				"down": {"uv": [0.75, 4.5, 0.5, 4.75], "texture": "#3"}
			}
		},
		{
			"from": [3.2, 3, 4],
			"to": [4.2, 18.01, 5],
			"faces": {
				"north": {"uv": [1.25, 7.25, 1.5, 11], "texture": "#3"},
				"east": {"uv": [1, 7.25, 1.25, 11], "texture": "#3"},
				"south": {"uv": [1.75, 7.25, 2, 11], "texture": "#3"},
				"west": {"uv": [1.5, 7.25, 1.75, 11], "texture": "#3"},
				"up": {"uv": [1.5, 7.25, 1.25, 7], "texture": "#3"},
				"down": {"uv": [1.75, 7, 1.5, 7.25], "texture": "#3"}
			}
		},
		{
			"from": [3.2, 4, 6.01],
			"to": [4.2, 17.01, 7.01],
			"faces": {
				"north": {"uv": [6.25, 7.5, 6.5, 10.75], "texture": "#3"},
				"east": {"uv": [6, 7.5, 6.25, 10.75], "texture": "#3"},
				"south": {"uv": [6.75, 7.5, 7, 10.75], "texture": "#3"},
				"west": {"uv": [6.5, 7.5, 6.75, 10.75], "texture": "#3"},
				"up": {"uv": [6.5, 7.5, 6.25, 7.25], "texture": "#3"},
				"down": {"uv": [6.75, 7.25, 6.5, 7.5], "texture": "#3"}
			}
		},
		{
			"from": [3.7, 5, 8],
			"to": [4.7, 16.01, 9],
			"faces": {
				"north": {"uv": [4.75, 8.5, 5, 11.25], "texture": "#3"},
				"east": {"uv": [4.5, 8.5, 4.75, 11.25], "texture": "#3"},
				"south": {"uv": [5.25, 8.5, 5.5, 11.25], "texture": "#3"},
				"west": {"uv": [5, 8.5, 5.25, 11.25], "texture": "#3"},
				"up": {"uv": [5, 8.5, 4.75, 8.25], "texture": "#3"},
				"down": {"uv": [5.25, 8.25, 5, 8.5], "texture": "#3"}
			}
		},
		{
			"from": [3.7, 6, 10],
			"to": [4.7, 16.01, 11],
			"faces": {
				"north": {"uv": [0.25, 9.25, 0.5, 11.75], "texture": "#3"},
				"east": {"uv": [0, 9.25, 0.25, 11.75], "texture": "#3"},
				"south": {"uv": [0.75, 9.25, 1, 11.75], "texture": "#3"},
				"west": {"uv": [0.5, 9.25, 0.75, 11.75], "texture": "#3"},
				"up": {"uv": [0.5, 9.25, 0.25, 9], "texture": "#3"},
				"down": {"uv": [0.75, 9, 0.5, 9.25], "texture": "#3"}
			}
		},
		{
			"from": [3.7, 7, 11.999],
			"to": [4.7, 15.51, 12.999],
			"faces": {
				"north": {"uv": [7.25, 9.25, 7.5, 11.25], "texture": "#3"},
				"east": {"uv": [7, 9.25, 7.25, 11.25], "texture": "#3"},
				"south": {"uv": [7.75, 9.25, 8, 11.25], "texture": "#3"},
				"west": {"uv": [7.5, 9.25, 7.75, 11.25], "texture": "#3"},
				"up": {"uv": [7.5, 9.25, 7.25, 9], "texture": "#3"},
				"down": {"uv": [7.75, 9, 7.5, 9.25], "texture": "#3"}
			}
		},
		{
			"from": [3.7, 8, 14],
			"to": [4.7, 15.51, 15],
			"faces": {
				"north": {"uv": [8.25, 10, 8.5, 11.75], "texture": "#3"},
				"east": {"uv": [8, 10, 8.25, 11.75], "texture": "#3"},
				"south": {"uv": [8.75, 10, 9, 11.75], "texture": "#3"},
				"west": {"uv": [8.5, 10, 8.75, 11.75], "texture": "#3"},
				"up": {"uv": [8.5, 10, 8.25, 9.75], "texture": "#3"},
				"down": {"uv": [8.75, 9.75, 8.5, 10], "texture": "#3"}
			}
		}
	],
	"display": {
		"thirdperson_righthand": {
			"translation": [1.75, -3.25, -0.25]
		},
		"thirdperson_lefthand": {
			"translation": [-6, 0, 0]
		},
		"firstperson_righthand": {
			"translation": [5.75, 3.25, 2]
		},
		"firstperson_lefthand": {
			"translation": [0, 1.25, 0]
		},
		"ground": {
			"translation": [0, 6, 0]
		},
		"gui": {
			"rotation": [3, -67, 0],
			"translation": [1.5, -2.25, 0],
			"scale": [0.6, 0.73, 0.75]
		},
		"head": {
			"rotation": [62, -120, 83],
			"translation": [-2, -9.25, 12],
			"scale": [1.01, 2.59, 2.99]
		},
		"fixed": {
			"rotation": [-90, -79, 0],
			"translation": [-12.75, 16, -23.5],
			"scale": [3, 3, 3]
		}
	},
	"groups": [
		{
			"name": "harp",
			"origin": [8, 8, 8],
			"color": 0,
			"nbt": "{}",
			"children": [
				{
					"name": "exterior",
					"origin": [8, 8, 8],
					"color": 0,
					"nbt": "{}",
					"children": [
						{
							"name": "group",
							"origin": [0, 0, 0],
							"color": 0,
							"nbt": "{}",
							"children": [0, 1, 2, 3, 4, 5, 6, 7, 8, 9, 10, 11]
						},
						{
							"name": "group",
							"origin": [8, 8, 8],
							"color": 0,
							"nbt": "{}",
							"children": [12, 13, 14, 15, 16, 17, 18, 19]
						}
					]
				},
				{
					"name": "strings",
					"origin": [0, 0, 0],
					"color": 0,
					"nbt": "{}",
					"children": [20, 21, 22, 23, 24, 25, 26]
				}
			]
		}
	]
}