{
	"credit": "Made with Blockbench",
	"textures": {
		"1": "item/hoplon_base0",
		"2": "item/hoplon_border0",
		"3": "item/hoplon_pattern0",
		"4": "item/hoplon_handle",
		"particle": "item/hoplon_base0"
	},
	"elements": [
		{
			"name": "Shield Base",
			"from": [0, 0, 7.01],
			"to": [16, 16, 7.74],
			"faces": {
				"north": {"uv": [2.5, 2.5, 13.5, 13.5], "texture": "#1"}
			}
		},
		{
			"name": "Patten",
			"from": [0, 0, 7.24],
			"to": [16, 16, 7.978],
			"faces": {
				"south": {"uv": [2.5, 2.5, 13.5, 13.5], "texture": "#3"}
			}
		},
		{
			"from": [5.9558, 0.05225, 7.002],
			"to": [9.9558, 1.05225, 8.002],
			"faces": {
				"north": {"uv": [8, 8.5, 9, 9.5], "rotation": 270, "texture": "#2"},
				"east": {"uv": [8, 8.5, 9, 9.5], "rotation": 270, "texture": "#2"},
				"south": {"uv": [8, 8.5, 9, 9.5], "rotation": 270, "texture": "#2"},
				"west": {"uv": [8, 8.5, 9, 9.5], "rotation": 270, "texture": "#2"},
				"up": {"uv": [8, 8.5, 9, 9.5], "rotation": 270, "texture": "#2"},
				"down": {"uv": [8, 8.5, 8.5, 9.5], "rotation": 270, "texture": "#2"}
			}
		},
		{
			"from": [-0.04464, 6.05198, 7.002],
			"to": [0.94889, 10.05198, 8.002],
			"faces": {
				"north": {"uv": [8, 8.5, 9, 9.5], "rotation": 180, "texture": "#2"},
				"east": {"uv": [8, 8.5, 9, 9.5], "texture": "#2"},
				"south": {"uv": [8, 8.5, 9, 9.5], "texture": "#2"},
				"west": {"uv": [8, 8.5, 8.5, 9.5], "rotation": 270, "texture": "#2"},
				"up": {"uv": [8, 8.5, 9, 9.5], "rotation": 180, "texture": "#2"},
				"down": {"uv": [8, 8.5, 9, 9.5], "rotation": 180, "texture": "#2"}
			}
		},
		{
			"from": [5.95557, 0.05209, 7.001],
			"to": [9.95557, 1.05209, 8.001],
			"rotation": {"angle": -45, "axis": "z", "origin": [7.95557, 8.05209, 7.5082]},
			"faces": {
				"north": {"uv": [8, 8.5, 9, 9.5], "rotation": 270, "texture": "#2"},
				"east": {"uv": [8, 8.5, 9, 9.5], "rotation": 270, "texture": "#2"},
				"south": {"uv": [8, 8.5, 9, 9.5], "rotation": 270, "texture": "#2"},
				"west": {"uv": [8, 8.5, 9, 9.5], "rotation": 270, "texture": "#2"},
				"up": {"uv": [8, 8.5, 9, 9.5], "rotation": 270, "texture": "#2"},
				"down": {"uv": [8, 8.5, 8.5, 9.5], "rotation": 270, "texture": "#2"}
			}
		},
		{
			"from": [10.30142, 14.79332, 7],
			"to": [12.7289, 15.79332, 8],
			"rotation": {"angle": -22.5, "axis": "z", "origin": [10.77786, 16.79332, 7.53098]},
			"faces": {
				"north": {"uv": [8, 8.5, 9, 9.5], "rotation": 90, "texture": "#2"},
				"east": {"uv": [8, 8.5, 9, 9.5], "rotation": 90, "texture": "#2"},
				"south": {"uv": [8, 8.5, 9, 9.5], "rotation": 90, "texture": "#2"},
				"west": {"uv": [8, 8.5, 9, 9.5], "rotation": 90, "texture": "#2"},
				"up": {"uv": [8, 8.5, 8.5, 9.5], "rotation": 270, "texture": "#2"},
				"down": {"uv": [8, 8.5, 9, 9.5], "rotation": 90, "texture": "#2"}
			}
		},
		{
			"from": [14.13223, 10.28583, 7],
			"to": [15.13223, 12.71333, 8],
			"rotation": {"angle": 22.5, "axis": "z", "origin": [16.13223, 12.23686, 7.51687]},
			"faces": {
				"north": {"uv": [8, 8.5, 9, 9.5], "texture": "#2"},
				"east": {"uv": [8, 8.5, 8.5, 9.5], "rotation": 270, "texture": "#2"},
				"south": {"uv": [8, 8.5, 9, 9.5], "rotation": 180, "texture": "#2"},
				"west": {"uv": [8, 8.5, 9, 9.5], "rotation": 180, "texture": "#2"},
				"up": {"uv": [8, 8.5, 9, 9.5], "rotation": 270, "texture": "#2"},
				"down": {"uv": [8, 8.5, 9, 9.5], "texture": "#2"}
			}
		},
		{
			"from": [4.4442, -1.34299, 7],
			"to": [6.87167, -0.34299, 8],
			"rotation": {"angle": -22.5, "axis": "z", "origin": [9.92064, 1.65701, 7.51973]},
			"faces": {
				"north": {"uv": [8, 8.5, 9, 9.5], "rotation": 270, "texture": "#2"},
				"east": {"uv": [8, 8.5, 9, 9.5], "rotation": 270, "texture": "#2"},
				"south": {"uv": [8, 8.5, 9, 9.5], "rotation": 270, "texture": "#2"},
				"west": {"uv": [8, 8.5, 9, 9.5], "rotation": 270, "texture": "#2"},
				"up": {"uv": [8, 8.5, 9, 9.5], "rotation": 270, "texture": "#2"},
				"down": {"uv": [8, 8.5, 8.5, 9.5], "rotation": 270, "texture": "#2"}
			}
		},
		{
			"from": [-0.09057, 4.80889, 7],
			"to": [0.90943, 7.23639, 8],
			"rotation": {"angle": 22.5, "axis": "z", "origin": [2.90943, 6.75993, 7.5308]},
			"faces": {
				"north": {"uv": [8, 8.5, 9, 9.5], "rotation": 180, "texture": "#2"},
				"east": {"uv": [8, 8.5, 9, 9.5], "texture": "#2"},
				"south": {"uv": [8, 8.5, 9, 9.5], "texture": "#2"},
				"west": {"uv": [8, 8.5, 8.5, 9.5], "rotation": 270, "texture": "#2"},
				"up": {"uv": [8, 8.5, 9, 9.5], "rotation": 180, "texture": "#2"},
				"down": {"uv": [8, 8.5, 9, 9.5], "rotation": 180, "texture": "#2"}
			}
		},
		{
			"from": [5.95522, 15.05189, 7.001],
			"to": [9.95522, 16.05189, 8.001],
			"rotation": {"angle": 45, "axis": "z", "origin": [7.95522, 8.05189, 7.50144]},
			"faces": {
				"north": {"uv": [8, 8.5, 9, 9.5], "rotation": 90, "texture": "#2"},
				"east": {"uv": [8, 8.5, 9, 9.5], "rotation": 90, "texture": "#2"},
				"south": {"uv": [8, 8.5, 9, 9.5], "rotation": 90, "texture": "#2"},
				"west": {"uv": [8, 8.5, 9, 9.5], "rotation": 90, "texture": "#2"},
				"up": {"uv": [8, 8.5, 8.5, 9.5], "rotation": 270, "texture": "#2"},
				"down": {"uv": [8, 8.5, 9, 9.5], "rotation": 90, "texture": "#2"}
			}
		},
		{
			"from": [14.13182, 3.38801, 7],
			"to": [15.13182, 5.81551, 8],
			"rotation": {"angle": -22.5, "axis": "z", "origin": [16.13699, 3.86445, 7.49108]},
			"faces": {
				"north": {"uv": [8, 8.5, 9, 9.5], "texture": "#2"},
				"east": {"uv": [8, 8.5, 8.5, 9.5], "rotation": 270, "texture": "#2"},
				"south": {"uv": [8, 8.5, 9, 9.5], "rotation": 180, "texture": "#2"},
				"west": {"uv": [8, 8.5, 9, 9.5], "rotation": 180, "texture": "#2"},
				"up": {"uv": [8, 8.5, 9, 9.5], "rotation": 270, "texture": "#2"},
				"down": {"uv": [8, 8.5, 9, 9.5], "texture": "#2"}
			}
		},
		{
			"from": [8.39098, 1.91972, 7],
			"to": [10.81845, 2.91972, 8],
			"rotation": {"angle": 22.5, "axis": "z", "origin": [13.86742, 4.91972, 7.50649]},
			"faces": {
				"north": {"uv": [8, 8.5, 9, 9.5], "rotation": 270, "texture": "#2"},
				"east": {"uv": [8, 8.5, 9, 9.5], "rotation": 270, "texture": "#2"},
				"south": {"uv": [8, 8.5, 9, 9.5], "rotation": 270, "texture": "#2"},
				"west": {"uv": [8, 8.5, 9, 9.5], "rotation": 270, "texture": "#2"},
				"up": {"uv": [8, 8.5, 9, 9.5], "rotation": 270, "texture": "#2"},
				"down": {"uv": [8, 8.5, 8.5, 9.5], "rotation": 270, "texture": "#2"}
			}
		},
		{
			"from": [4.44159, 14.45744, 7],
			"to": [6.86906, 15.45744, 8],
			"rotation": {"angle": 22.5, "axis": "z", "origin": [4.91803, 13.45744, 7.50162]},
			"faces": {
				"north": {"uv": [8, 8.5, 9, 9.5], "rotation": 90, "texture": "#2"},
				"east": {"uv": [8, 8.5, 9, 9.5], "rotation": 90, "texture": "#2"},
				"south": {"uv": [8, 8.5, 9, 9.5], "rotation": 90, "texture": "#2"},
				"west": {"uv": [8, 8.5, 9, 9.5], "rotation": 90, "texture": "#2"},
				"up": {"uv": [8, 8.5, 8.5, 9.5], "rotation": 270, "texture": "#2"},
				"down": {"uv": [8, 8.5, 9, 9.5], "rotation": 90, "texture": "#2"}
			}
		},
		{
			"from": [-0.01504, 9.24828, 7],
			"to": [0.98496, 11.67578, 8],
			"rotation": {"angle": -22.5, "axis": "z", "origin": [1.99013, 9.72472, 7.50736]},
			"faces": {
				"north": {"uv": [8, 8.5, 9, 9.5], "rotation": 180, "texture": "#2"},
				"east": {"uv": [8, 8.5, 9, 9.5], "texture": "#2"},
				"south": {"uv": [8, 8.5, 9, 9.5], "texture": "#2"},
				"west": {"uv": [8, 8.5, 8.5, 9.5], "rotation": 270, "texture": "#2"},
				"up": {"uv": [8, 8.5, 9, 9.5], "rotation": 180, "texture": "#2"},
				"down": {"uv": [8, 8.5, 9, 9.5], "rotation": 180, "texture": "#2"}
			}
		},
		{
			"from": [5.95509, 15.05179, 7.002],
			"to": [9.95509, 16.05179, 8.002],
			"faces": {
				"north": {"uv": [8, 8.5, 9, 9.5], "rotation": 90, "texture": "#2"},
				"east": {"uv": [8, 8.5, 9, 9.5], "rotation": 90, "texture": "#2"},
				"south": {"uv": [8, 8.5, 9, 9.5], "rotation": 90, "texture": "#2"},
				"west": {"uv": [8, 8.5, 9, 9.5], "rotation": 90, "texture": "#2"},
				"up": {"uv": [8, 8.5, 8.5, 9.5], "rotation": 270, "texture": "#2"},
				"down": {"uv": [8, 8.5, 9, 9.5], "rotation": 90, "texture": "#2"}
			}
		},
		{
			"from": [13.73317, 11.82992, 7.001],
			"to": [17.73317, 12.82992, 8.001],
			"rotation": {"angle": -45, "axis": "z", "origin": [15.73317, 15.82992, 7.53116]},
			"faces": {
				"north": {"uv": [8, 8.5, 9, 9.5], "rotation": 90, "texture": "#2"},
				"east": {"uv": [8, 8.5, 9, 9.5], "rotation": 90, "texture": "#2"},
				"south": {"uv": [8, 8.5, 9, 9.5], "rotation": 90, "texture": "#2"},
				"west": {"uv": [8, 8.5, 9, 9.5], "rotation": 90, "texture": "#2"},
				"up": {"uv": [8, 8.5, 8.5, 9.5], "rotation": 270, "texture": "#2"},
				"down": {"uv": [8, 8.5, 9, 9.5], "rotation": 90, "texture": "#2"}
			}
		},
		{
			"from": [14.96144, 6.05166, 7.002],
			"to": [15.95497, 10.05166, 8.002],
			"faces": {
				"north": {"uv": [8, 8.5, 9, 9.5], "texture": "#2"},
				"east": {"uv": [8, 8.5, 8.5, 9.5], "rotation": 270, "texture": "#2"},
				"south": {"uv": [8, 8.5, 9, 9.5], "rotation": 180, "texture": "#2"},
				"west": {"uv": [8, 8.5, 9, 9.5], "rotation": 180, "texture": "#2"},
				"up": {"uv": [8, 8.5, 9, 9.5], "rotation": 270, "texture": "#2"},
				"down": {"uv": [8, 8.5, 9, 9.5], "texture": "#2"}
			}
		},
		{
			"from": [16.56264, 4.44584, 7.001],
			"to": [20.56264, 5.44584, 8.001],
			"rotation": {"angle": 45, "axis": "z", "origin": [18.56264, -2.55416, 7.5]},
			"faces": {
				"north": {"uv": [8, 8.5, 9, 9.5], "rotation": 270, "texture": "#2"},
				"east": {"uv": [8, 8.5, 9, 9.5], "rotation": 270, "texture": "#2"},
				"south": {"uv": [8, 8.5, 9, 9.5], "rotation": 270, "texture": "#2"},
				"west": {"uv": [8, 8.5, 9, 9.5], "rotation": 270, "texture": "#2"},
				"up": {"uv": [8, 8.5, 9, 9.5], "rotation": 270, "texture": "#2"},
				"down": {"uv": [8, 8.5, 8.5, 9.5], "rotation": 270, "texture": "#2"}
			}
		},
		{
			"from": [9.18519, 6.12284, 6.5],
			"to": [11.18519, 9.12284, 7],
			"rotation": {"angle": -22.5, "axis": "z", "origin": [9.18519, 6.02284, 5]},
			"faces": {
				"north": {"uv": [8, 5, 10, 7], "texture": "#4"},
				"east": {"uv": [0, 10, 1, 12], "texture": "#4"},
				"south": {"uv": [7, 8, 9, 10], "texture": "#4"},
				"west": {"uv": [10, 0, 11, 2], "texture": "#4"},
				"up": {"uv": [12, 5, 10, 4], "texture": "#4"},
				"down": {"uv": [12, 5, 10, 6], "texture": "#4"}
			}
		},
		{
			"from": [9.07039, 5.74567, 3.2],
			"to": [11.07039, 6.14567, 7],
			"rotation": {"angle": -22.5, "axis": "z", "origin": [9.07039, 5.74567, 5]},
			"faces": {
				"north": {"uv": [10, 6, 12, 7], "texture": "#4"},
				"east": {"uv": [7, 10, 9, 11], "texture": "#4"},
				"south": {"uv": [11, 0, 13, 1], "texture": "#4"},
				"west": {"uv": [1, 11, 3, 12], "texture": "#4"},
				"up": {"uv": [3, 11, 1, 9], "texture": "#4"},
				"down": {"uv": [11, 2, 9, 4], "texture": "#4"}
			}
		},
		{
			"from": [9.3, 6.1, 3.2],
			"to": [11.3, 9.1, 3.7],
			"rotation": {"angle": -22.5, "axis": "z", "origin": [9.3, 6.3, 1.7]},
			"faces": {
				"north": {"uv": [3, 9, 5, 11], "texture": "#4"},
				"east": {"uv": [11, 1, 12, 3], "texture": "#4"},
				"south": {"uv": [5, 9, 7, 11], "texture": "#4"},
				"west": {"uv": [3, 11, 4, 13], "texture": "#4"},
				"up": {"uv": [13, 4, 11, 3], "texture": "#4"},
				"down": {"uv": [6, 11, 4, 12], "texture": "#4"}
			}
		},
		{
			"from": [10.37151, 8.88686, 3.2],
			"to": [12.37151, 9.28686, 7],
			"rotation": {"angle": -22.5, "axis": "z", "origin": [10.37151, 8.88686, 5]},
			"faces": {
				"north": {"uv": [6, 11, 8, 12], "texture": "#4"},
				"east": {"uv": [11, 7, 13, 8], "texture": "#4"},
				"south": {"uv": [8, 11, 10, 12], "texture": "#4"},
				"west": {"uv": [11, 8, 13, 9], "texture": "#4"},
				"up": {"uv": [11, 9, 9, 7], "texture": "#4"},
				"down": {"uv": [11, 9, 9, 11], "texture": "#4"}
			}
		},
		{
			"from": [4.18519, 9.12284, 6.4],
			"to": [6.18519, 10.92284, 7],
			"rotation": {"angle": -22.5, "axis": "z", "origin": [4.18519, 9.02284, 5]},
			"faces": {
				"north": {"uv": [0, 4, 2, 6], "texture": "#4"},
				"east": {"uv": [6, 2, 7, 4], "texture": "#4"},
				"south": {"uv": [4, 0, 6, 2], "texture": "#4"},
				"west": {"uv": [4, 6, 5, 8], "texture": "#4"},
				"up": {"uv": [8, 5, 6, 4], "texture": "#4"},
				"down": {"uv": [7, 6, 5, 7], "texture": "#4"}
			}
		},
		{
			"from": [4.07039, 8.74567, 1.5],
			"to": [6.07039, 9.14567, 7],
			"rotation": {"angle": -22.5, "axis": "z", "origin": [4.07039, 8.74567, 5]},
			"faces": {
				"north": {"uv": [6, 5, 8, 6], "texture": "#4"},
				"east": {"uv": [7, 2, 9, 3], "texture": "#4"},
				"south": {"uv": [7, 3, 9, 4], "texture": "#4"},
				"west": {"uv": [5, 7, 7, 8], "texture": "#4"},
				"up": {"uv": [4, 6, 2, 4], "texture": "#4"},
				"down": {"uv": [6, 2, 4, 4], "texture": "#4"}
			}
		},
		{
			"from": [4.3, 9.1, 1.5],
			"to": [6.3, 10.9, 2],
			"rotation": {"angle": -22.5, "axis": "z", "origin": [4.3, 9.3, 0]},
			"faces": {
				"north": {"uv": [4, 4, 6, 6], "texture": "#4"},
				"east": {"uv": [7, 6, 8, 8], "texture": "#4"},
				"south": {"uv": [0, 6, 2, 8], "texture": "#4"},
				"west": {"uv": [0, 8, 1, 10], "texture": "#4"},
				"up": {"uv": [10, 1, 8, 0], "texture": "#4"},
				"down": {"uv": [3, 8, 1, 9], "texture": "#4"}
			}
		},
		{
			"from": [4.91229, 10.77821, 1.5],
			"to": [6.91229, 11.17821, 7],
			"rotation": {"angle": -22.5, "axis": "z", "origin": [4.91229, 10.77821, 5]},
			"faces": {
				"north": {"uv": [8, 1, 10, 2], "texture": "#4"},
				"east": {"uv": [3, 8, 5, 9], "texture": "#4"},
				"south": {"uv": [8, 4, 10, 5], "texture": "#4"},
				"west": {"uv": [5, 8, 7, 9], "texture": "#4"},
				"up": {"uv": [8, 2, 6, 0], "texture": "#4"},
				"down": {"uv": [4, 6, 2, 8], "texture": "#4"}
			}
		}
	],
	"display": {
		"thirdperson_righthand": {
			"rotation": [-168.5, 89, -169],
			"translation": [3.75, -1.75, 5.75],
			"scale": [1.25, 1.25, 1]
		},
		"thirdperson_lefthand": {
			"rotation": [47, 91, 102],
			"translation": [3.75, -1, 5.25],
			"scale": [1.25, 1.25, 1]
		},
		"firstperson_righthand": {
			"rotation": [9, -180, -4],
			"translation": [2.75, -3.5, -3],
			"scale": [1.5, 1.5, 1.1]
		},
		"firstperson_lefthand": {
			"rotation": [42, -180, -19],
			"translation": [4.75, -3, -6.75],
			"scale": [1.5, 1.5, 1.1]
		},
		"ground": {
			"translation": [0, 2, 0],
			"scale": [1, 1, 0.5]
		},
		"gui": {
			"rotation": [15, -25, -5],
			"translation": [0, 0, -10]
		},
		"head": {
			"rotation": [180, 0, 0],
			"translation": [0, 0, -7.5]
		},
		"fixed": {
			"rotation": [0.5, 180.1, 0],
			"translation": [0, 0, -1],
			"scale": [2, 2, 2]
		}
	},
	"groups": [
		0,
		1,
		{
			"name": "Border",
			"origin": [8, 8, 8],
			"color": 0,
			"nbt": "{}",
			"children": [2, 3, 4, 5, 6, 7, 8, 9, 10, 11, 12, 13, 14, 15, 16, 17]
		},
		{
			"name": "handle",
			"origin": [10, 8, 5],
			"color": 0,
			"nbt": "{}",
			"children": [18, 19, 20, 21]
		},
		{
			"name": "handle2",
			"origin": [10, 8, 5],
			"color": 0,
			"nbt": "{}",
			"children": [22, 23, 24, 25]
		}
	]
}