{
	"credit": "Made with Blockbench",
	"textures": {
		"0": "block/coarse_dirt_1",
		"1": "block/stone_bricks_4",
		"2": "block/stone_bricks_3",
		"particle": "block/coarse_dirt_1"
	},
	"elements": [
		{
			"from": [0, 0, 0],
			"to": [4.5, 10, 16],
			"faces": {
				"north": {"uv": [0.032, 0.032, 3.968, 15.968], "texture": "#2"},
				"east": {"uv": [0.032, 0.032, 15.968, 15.968], "texture": "#2"},
				"south": {"uv": [0.032, 0.032, 3.968, 15.968], "texture": "#2"},
				"west": {"uv": [0.032, 0.032, 15.968, 15.968], "texture": "#1"},
				"up": {"uv": [1.032, 0.032, 4.968, 15.968], "rotation": 180, "texture": "#2"},
				"down": {"uv": [0.032, 0.032, 3.968, 15.968], "texture": "#1"}
			}
		},
		{
			"from": [4.5, 8.9, 10],
			"to": [7, 10, 16],
			"faces": {
				"north": {"uv": [0.032, 0.032, 2.968, 0.968], "rotation": 180, "texture": "#1"},
				"east": {"uv": [0.032, 0.032, 0.968, 5.968], "rotation": 90, "texture": "#2"},
				"south": {"uv": [0.032, 0.032, 2.968, 0.968], "texture": "#1"},
				"west": {"uv": [0.032, 0.032, 0.968, 5.968], "rotation": 270, "texture": "#1"},
				"up": {"uv": [0.032, 0.032, 5.968, 2.968], "rotation": 270, "texture": "#2"},
				"down": {"uv": [0.032, 0.032, 2.968, 5.968], "rotation": 180, "texture": "#1"}
			}
		},
		{
			"from": [4.5, 7, 10],
			"to": [5.9998, 8.9, 16],
			"faces": {
				"north": {"uv": [0.032, 0.032, 2.968, 0.968], "rotation": 180, "texture": "#1"},
				"east": {"uv": [0.032, 0.032, 0.968, 5.968], "rotation": 90, "texture": "#2"},
				"south": {"uv": [13.968, 4.968, 10.032, 2.032], "texture": "#1"},
				"west": {"uv": [0.032, 0.032, 0.968, 5.968], "rotation": 270, "texture": "#1"},
				"up": {"uv": [0.032, 0.032, 5.968, 2.968], "rotation": 270, "texture": "#2"},
				"down": {"uv": [0.032, 0.032, 2.968, 5.968], "rotation": 180, "texture": "#1"}
			}
		},
		{
			"from": [10, 7, 10],
			"to": [11.4998, 8.9, 16],
			"faces": {
				"north": {"uv": [0.032, 0.032, 2.968, 0.968], "rotation": 180, "texture": "#1"},
				"east": {"uv": [0.032, 0.032, 0.968, 5.968], "rotation": 90, "texture": "#2"},
				"south": {"uv": [13.968, 4.968, 10.032, 2.032], "texture": "#1"},
				"west": {"uv": [0.032, 0.032, 0.968, 5.968], "rotation": 270, "texture": "#1"},
				"up": {"uv": [0.032, 0.032, 5.968, 2.968], "rotation": 270, "texture": "#2"},
				"down": {"uv": [0.032, 0.032, 2.968, 5.968], "rotation": 180, "texture": "#1"}
			}
		},
		{
			"from": [9, 8.9, 10],
			"to": [11.5, 10, 16],
			"faces": {
				"north": {"uv": [0.032, 0.032, 2.968, 0.968], "rotation": 180, "texture": "#1"},
				"east": {"uv": [0.032, 0.032, 0.968, 5.968], "rotation": 90, "texture": "#2"},
				"south": {"uv": [0.032, 0.032, 2.968, 0.968], "texture": "#1"},
				"west": {"uv": [0.032, 0.032, 0.968, 5.968], "rotation": 270, "texture": "#1"},
				"up": {"uv": [10.064, 0.032, 16, 2.968], "rotation": 270, "texture": "#2"},
				"down": {"uv": [0.032, 0.032, 2.968, 5.968], "rotation": 180, "texture": "#1"}
			}
		},
		{
			"from": [8, 0, 13.998],
			"to": [9.999, 3, 15.998],
			"rotation": {"angle": 45, "axis": "z", "origin": [0, 0, 0]},
			"faces": {
				"north": {"uv": [0.032, 0.032, 1.968, 2.968], "texture": "#2"},
				"east": {"uv": [0.032, 0.032, 1.968, 2.968], "texture": "#2"},
				"south": {"uv": [0.032, 0.032, 1.968, 2.968], "texture": "#1"},
				"west": {"uv": [0.032, 0.032, 1.968, 2.968], "texture": "#1"},
				"up": {"uv": [0.032, 0.032, 1.968, 1.968], "texture": "#2"},
				"down": {"uv": [0.032, 0.032, 1.968, 1.968], "texture": "#1"}
			}
		},
		{
			"from": [1.3, 11, 13.999],
			"to": [3.299, 13, 15.979],
			"rotation": {"angle": -45, "axis": "z", "origin": [0, 0, 0]},
			"faces": {
				"north": {"uv": [0.032, 0.032, 1.968, 1.968], "texture": "#1"},
				"east": {"uv": [0.032, 0.032, 1.968, 1.968], "texture": "#2"},
				"south": {"uv": [0.032, 0.032, 1.968, 1.968], "texture": "#1"},
				"west": {"uv": [0.032, 0.032, 1.968, 1.968], "texture": "#1"},
				"up": {"uv": [0.032, 0.032, 1.968, 1.968], "texture": "#2"},
				"down": {"uv": [0.032, 0.032, 1.968, 1.968], "texture": "#1"}
			}
		},
		{
			"from": [4.5, 0, 0],
			"to": [11.5, 10, 5],
			"faces": {
				"north": {"uv": [0.032, 0.032, 7.968, 15.968], "texture": "#1"},
				"east": {"uv": [0.032, 0.032, 4.968, 15.968], "texture": "#2"},
				"south": {"uv": [0.032, 0.032, 7.968, 15.968], "texture": "#1"},
				"west": {"uv": [0.032, 0.032, 4.968, 15.968], "texture": "#1"},
				"up": {"uv": [1.032, 15.968, 7.968, 11.032], "texture": "#2"},
				"down": {"uv": [0.032, 0.032, 7.968, 4.968], "texture": "#1"}
			}
		},
		{
			"from": [4.5, 0, 14],
			"to": [11.5, 7, 16],
			"faces": {
				"north": {"uv": [0.032, 0.032, 7.968, 6.968], "texture": "#2"},
				"east": {"uv": [0.032, 0.032, 1.968, 6.968], "texture": "#2"},
				"south": {"uv": [2.032, 4.8, 16, 16], "texture": "#2"},
				"west": {"uv": [0.032, 0.032, 1.968, 6.968], "texture": "#1"},
				"up": {"uv": [0.032, 0.032, 7.968, 1.968], "texture": "#2"},
				"down": {"uv": [0.032, 0.032, 7.968, 1.968], "texture": "#1"}
			}
		},
		{
			"from": [4, 0, 5],
			"to": [12, 1, 14],
			"faces": {
				"north": {"uv": [0.032, 0.032, 7.968, 1.968], "texture": "#0"},
				"east": {"uv": [0.032, 0.032, 5.968, 1.968], "texture": "#0"},
				"south": {"uv": [0.032, 0.032, 7.968, 1.968], "texture": "#0"},
				"west": {"uv": [0.032, 0.032, 5.968, 1.968], "texture": "#0"},
				"up": {"uv": [4.032, 6.032, 15.968, 15.968], "texture": "#0"},
				"down": {"uv": [0.032, 0.032, 7.968, 5.968], "texture": "#0"}
			}
		},
		{
			"from": [11.5, 0, 0],
			"to": [16, 10, 16],
			"faces": {
				"north": {"uv": [0.032, 0.032, 3.968, 15.968], "texture": "#2"},
				"east": {"uv": [0.032, 0.032, 15.968, 15.968], "texture": "#2"},
				"south": {"uv": [0.032, 0.032, 3.968, 15.968], "texture": "#2"},
				"west": {"uv": [0.032, 0.032, 15.968, 15.968], "texture": "#1"},
				"up": {"uv": [1.032, 0.032, 4.968, 15.968], "rotation": 180, "texture": "#2"},
				"down": {"uv": [0.032, 0.032, 3.968, 15.968], "texture": "#1"}
			}
		},
		{
			"from": [5.5, 0.498, -0.5],
			"to": [7.5, 9.9979, 1.5],
			"rotation": {"angle": -45, "axis": "y", "origin": [0, 0, 0]},
			"faces": {
				"north": {"uv": [0, 0, 2, 9.4999], "texture": "#2"},
				"east": {"uv": [0, 0, 3, 15.2], "texture": "#2"},
				"south": {"uv": [0, 0, 2, 9.4999], "texture": "#2"},
				"west": {"uv": [0, 0, 2, 9.4999], "texture": "#2"},
				"up": {"uv": [0, 3, 2, 5], "texture": "#2"},
				"down": {"uv": [0, 0, 2, 2], "texture": "#2"}
			}
		},
		{
			"from": [8.5, 0.498, -0.5],
			"to": [10.5, 9.9979, 1.5],
			"rotation": {"angle": 45, "axis": "y", "origin": [16, 0, 0]},
			"faces": {
				"north": {"uv": [2, 0, 0, 9.4999], "texture": "#2"},
				"east": {"uv": [2, 0, 0, 9.4999], "texture": "#2"},
				"south": {"uv": [0, 0, 3, 15.2], "texture": "#2"},
				"west": {"uv": [0, 0, 3, 15.2], "texture": "#2"},
				"up": {"uv": [2, 3, 0, 5], "texture": "#2"},
				"down": {"uv": [2, 0, 0, 2], "texture": "#2"}
			}
		}
	],
	"display": {
		"thirdperson_righthand": {
			"translation": [0, 2.5, 0],
			"scale": [0.4, 0.4, 0.4]
		},
		"thirdperson_lefthand": {
			"translation": [0, 2, 0],
			"scale": [0.4, 0.4, 0.4]
		},
		"firstperson_righthand": {
			"scale": [0.7, 0.7, 0.7]
		},
		"firstperson_lefthand": {
			"scale": [0.7, 0.7, 0.7]
		},
		"gui": {
			"rotation": [37, 27.75, 0],
			"translation": [0, -0.25, 0],
			"scale": [0.65234, 0.59258, 0.62891]
		},
		"fixed": {
			"rotation": [-90, 0, 0],
			"translation": [0, 0, -14],
			"scale": [2, 2, 2]
		}
	},
	"groups": [
		{
			"name": "group",
			"origin": [8, 8, 8],
			"color": 0,
			"nbt": "{}",
			"children": [0, 1, 2, 3, 4, 5, 6, 7, 8, 9, 10, 11, 12]
		}
	]
}