{
	"credit": "Made with Blockbench",
	"texture_size": [128, 128],
	"textures": {
		"5": "item/luxury_bed"
	},
	"elements": [
		{
			"from": [-8.2, 3, 0],
			"to": [23.8, 11, 16],
			"faces": {
				"north": {"uv": [4, 2, 8, 3], "texture": "#5"},
				"east": {"uv": [6.25, 4, 8.25, 5], "texture": "#5"},
				"south": {"uv": [4, 3, 8, 4], "texture": "#5"},
				"west": {"uv": [6.25, 5, 8.25, 6], "texture": "#5"},
				"up": {"uv": [4, 2, 0, 0], "texture": "#5"},
				"down": {"uv": [4, 2, 0, 4], "texture": "#5"}
			}
		},
		{
			"from": [-1.2, 11, 0],
			"to": [23.8, 11.3, 16],
			"faces": {
				"north": {"uv": [7, 6.25, 10.125, 6.3125], "texture": "#5"},
				"east": {"uv": [7.125, 1.875, 9.125, 1.9375], "texture": "#5"},
				"south": {"uv": [7, 6.375, 10.125, 6.4375], "texture": "#5"},
				"west": {"uv": [7.5, 1.125, 9.5, 1.1875], "texture": "#5"},
				"up": {"uv": [3.125, 6, 0, 4], "texture": "#5"},
				"down": {"uv": [7.125, 0, 4, 2], "texture": "#5"}
			}
		},
		{
			"from": [-1.2, 3.1, 16],
			"to": [23.8, 11.3, 16.3],
			"faces": {
				"north": {"uv": [0, 6, 3.125, 7], "texture": "#5"},
				"east": {"uv": [6.25, 7.5, 6.3125, 8.5], "texture": "#5"},
				"south": {"uv": [3.125, 6.25, 6.25, 7.25], "texture": "#5"},
				"west": {"uv": [6.375, 7.5, 6.4375, 8.5], "texture": "#5"},
				"up": {"uv": [10.125, 6.5625, 7, 6.5], "texture": "#5"},
				"down": {"uv": [10.125, 6.625, 7, 6.6875], "texture": "#5"}
			}
		},
		{
			"from": [-1.2, 3, -0.3],
			"to": [23.8, 11.3, 0],
			"rotation": {"angle": 0, "axis": "y", "origin": [0, 0, 16]},
			"faces": {
				"north": {"uv": [3.125, 4, 6.25, 5.0625], "texture": "#5"},
				"east": {"uv": [6, 7.25, 6.0625, 8.3125], "texture": "#5"},
				"south": {"uv": [3.125, 5.125, 6.25, 6.1875], "texture": "#5"},
				"west": {"uv": [6.125, 7.25, 6.1875, 8.3125], "texture": "#5"},
				"up": {"uv": [10.125, 6.8125, 7, 6.75], "texture": "#5"},
				"down": {"uv": [10.125, 6.875, 7, 6.9375], "texture": "#5"}
			}
		},
		{
			"from": [-7.7, 11, 2],
			"to": [-1.7, 13, 14],
			"faces": {
				"north": {"uv": [2.25, 7, 3, 7.25], "texture": "#5"},
				"east": {"uv": [0.75, 7, 2.25, 7.25], "texture": "#5"},
				"south": {"uv": [7, 7, 7.75, 7.25], "texture": "#5"},
				"west": {"uv": [7, 6, 8.5, 6.25], "texture": "#5"},
				"up": {"uv": [7, 7.5, 6.25, 6], "texture": "#5"},
				"down": {"uv": [0.75, 7, 0, 8.5], "texture": "#5"}
			}
		},
		{
			"from": [-8.2, 0, 0],
			"to": [-5.2, 3, 3],
			"rotation": {"angle": 0, "axis": "y", "origin": [0, 0, 0]},
			"faces": {
				"north": {"uv": [7.125, 0, 7.5, 0.375], "texture": "#5"},
				"east": {"uv": [7.125, 0.375, 7.5, 0.75], "texture": "#5"},
				"south": {"uv": [7.125, 0.75, 7.5, 1.125], "texture": "#5"},
				"west": {"uv": [7.125, 1.125, 7.5, 1.5], "texture": "#5"},
				"up": {"uv": [7.5, 1.875, 7.125, 1.5], "texture": "#5"},
				"down": {"uv": [1.125, 7.25, 0.75, 7.625], "texture": "#5"}
			}
		},
		{
			"from": [20.8, 0, 0],
			"to": [23.8, 3, 3],
			"rotation": {"angle": 0, "axis": "y", "origin": [16, 0, 0]},
			"faces": {
				"north": {"uv": [1.125, 7.25, 1.5, 7.625], "texture": "#5"},
				"east": {"uv": [1.5, 7.25, 1.875, 7.625], "texture": "#5"},
				"south": {"uv": [1.875, 7.25, 2.25, 7.625], "texture": "#5"},
				"west": {"uv": [2.25, 7.25, 2.625, 7.625], "texture": "#5"},
				"up": {"uv": [3, 7.625, 2.625, 7.25], "texture": "#5"},
				"down": {"uv": [3.375, 7.25, 3, 7.625], "texture": "#5"}
			}
		},
		{
			"from": [20.8, 0, 13],
			"to": [23.8, 3, 16],
			"rotation": {"angle": 0, "axis": "y", "origin": [16, 0, 16]},
			"faces": {
				"north": {"uv": [3.375, 7.25, 3.75, 7.625], "texture": "#5"},
				"east": {"uv": [3.75, 7.25, 4.125, 7.625], "texture": "#5"},
				"south": {"uv": [4.125, 7.25, 4.5, 7.625], "texture": "#5"},
				"west": {"uv": [4.5, 7.25, 4.875, 7.625], "texture": "#5"},
				"up": {"uv": [5.25, 7.625, 4.875, 7.25], "texture": "#5"},
				"down": {"uv": [5.625, 7.25, 5.25, 7.625], "texture": "#5"}
			}
		},
		{
			"from": [-8.2, 0, 13],
			"to": [-5.2, 3, 16],
			"rotation": {"angle": 0, "axis": "y", "origin": [0, 0, 16]},
			"faces": {
				"north": {"uv": [5.625, 7.25, 6, 7.625], "texture": "#5"},
				"east": {"uv": [7, 7.25, 7.375, 7.625], "texture": "#5"},
				"south": {"uv": [7.375, 7.25, 7.75, 7.625], "texture": "#5"},
				"west": {"uv": [7.5, 0, 7.875, 0.375], "texture": "#5"},
				"up": {"uv": [7.875, 0.75, 7.5, 0.375], "texture": "#5"},
				"down": {"uv": [7.875, 0.75, 7.5, 1.125], "texture": "#5"}
			}
		}
	],
	"display": {
		"thirdperson_righthand": {
			"rotation": [119.54, 67.49, -90.01],
			"translation": [0, 2.75, 0],
			"scale": [0.3, 0.3, 0.3]
		},
		"thirdperson_lefthand": {
			"rotation": [-75.3, -70.74, -135.32],
			"translation": [-0.5, 1.75, 0],
			"scale": [0.3, 0.3, 0.3]
		},
		"firstperson_righthand": {
			"rotation": [-172.25, -85.5, -180],
			"scale": [0.5, 0.5, 0.5]
		},
		"firstperson_lefthand": {
			"rotation": [0, 75.25, 0],
			"scale": [0.5, 0.5, 0.5]
		},
		"ground": {
			"scale": [0.5, 0.5, 0.5]
		},
		"gui": {
			"rotation": [38.75, -33.5, 0],
			"scale": [0.4, 0.5, 0.5]
		},
		"head": {
			"rotation": [122.29, -88.87, 65.02],
			"translation": [0, 5.75, 4],
			"scale": [1.5, 1, 2]
		},
		"fixed": {
			"rotation": [-90, 0, 0],
			"translation": [16, 0, -14],
			"scale": [2, 2, 2]
		}
	},
	"groups": [
		{
			"name": "group",
			"origin": [0, 0, 0],
			"color": 0,
			"nbt": "{}",
			"children": [0, 1, 2, 3, 4, 5, 6, 7, 8]
		}
	]
}