{
	"credit": "Made with Blockbench",
	"texture_size": [64, 64],
	"textures": {
		"4": "item/sarissa",
		"particle": "item/sarissa"
	},
	"elements": [
		{
			"name": "pikeblade",
			"from": [7.656, 3.25, 20.1],
			"to": [7.956, 3.35, 22],
			"rotation": {"angle": 0, "axis": "y", "origin": [0.8, 27.7, 17.7]},
			"faces": {
				"north": {"uv": [2.008, 2.508, 2.242, 2.742], "texture": "#4"},
				"east": {"uv": [2.008, 2.258, 2.492, 2.492], "texture": "#4"},
				"south": {"uv": [2.508, 2.258, 2.742, 2.492], "texture": "#4"},
				"west": {"uv": [2.258, 2.008, 2.742, 2.242], "texture": "#4"},
				"up": {"uv": [0.992, 2.742, 0.758, 2.258], "texture": "#4"},
				"down": {"uv": [2.742, 0.008, 2.508, 0.492], "texture": "#4"}
			}
		},
		{
			"name": "pike",
			"from": [7.55, 3, 19.6],
			"to": [7.65, 3.3, 20.1],
			"rotation": {"angle": 0, "axis": "y", "origin": [1, 13, 17]},
			"faces": {
				"north": {"uv": [2.758, 3.508, 2.992, 3.742], "texture": "#4"},
				"east": {"uv": [0.758, 3.758, 0.992, 3.992], "texture": "#4"},
				"south": {"uv": [2.508, 3.758, 2.742, 3.992], "texture": "#4"},
				"west": {"uv": [4.008, 3.758, 4.242, 3.992], "texture": "#4"},
				"up": {"uv": [4.492, 2.492, 4.258, 2.258], "texture": "#4"},
				"down": {"uv": [1.992, 5.008, 1.758, 5.242], "texture": "#4"}
			}
		},
		{
			"name": "pike",
			"from": [7.95, 3, 19.6],
			"to": [8.05, 3.3, 20.1],
			"rotation": {"angle": 0, "axis": "y", "origin": [1, 13, 17]},
			"faces": {
				"north": {"uv": [5.008, 1.758, 5.242, 1.992], "texture": "#4"},
				"east": {"uv": [2.008, 5.008, 2.242, 5.242], "texture": "#4"},
				"south": {"uv": [5.008, 2.008, 5.242, 2.242], "texture": "#4"},
				"west": {"uv": [2.758, 5.008, 2.992, 5.242], "texture": "#4"},
				"up": {"uv": [5.242, 2.992, 5.008, 2.758], "texture": "#4"},
				"down": {"uv": [3.742, 5.008, 3.508, 5.242], "texture": "#4"}
			}
		},
		{
			"name": "pike",
			"from": [7.65, 3.3, 19.6],
			"to": [7.95, 3.4, 20.1],
			"rotation": {"angle": 0, "axis": "y", "origin": [1, 12, 17]},
			"faces": {
				"north": {"uv": [5.008, 3.508, 5.242, 3.742], "texture": "#4"},
				"east": {"uv": [3.758, 5.008, 3.992, 5.242], "texture": "#4"},
				"south": {"uv": [5.008, 3.758, 5.242, 3.992], "texture": "#4"},
				"west": {"uv": [4.258, 5.008, 4.492, 5.242], "texture": "#4"},
				"up": {"uv": [4.742, 5.242, 4.508, 5.008], "texture": "#4"},
				"down": {"uv": [5.242, 4.508, 5.008, 4.742], "texture": "#4"}
			}
		},
		{
			"name": "pike",
			"from": [7.65, 2.9, 19.6],
			"to": [7.95, 3, 20.1],
			"rotation": {"angle": 0, "axis": "y", "origin": [1, 12, 17]},
			"faces": {
				"north": {"uv": [4.758, 5.008, 4.992, 5.242], "texture": "#4"},
				"east": {"uv": [5.008, 4.758, 5.242, 4.992], "texture": "#4"},
				"south": {"uv": [5.008, 5.008, 5.242, 5.242], "texture": "#4"},
				"west": {"uv": [5.258, 0.008, 5.492, 0.242], "texture": "#4"},
				"up": {"uv": [5.492, 0.492, 5.258, 0.258], "texture": "#4"},
				"down": {"uv": [5.492, 0.508, 5.258, 0.742], "texture": "#4"}
			}
		},
		{
			"name": "pikeblade",
			"from": [7.656, 2.95, 20.1],
			"to": [7.956, 3.05, 22],
			"rotation": {"angle": 0, "axis": "y", "origin": [0.8, 27.7, 17.7]},
			"faces": {
				"north": {"uv": [1.008, 5.258, 1.242, 5.492], "texture": "#4"},
				"east": {"uv": [3.508, 2.008, 3.992, 2.242], "texture": "#4"},
				"south": {"uv": [5.258, 1.508, 5.492, 1.742], "texture": "#4"},
				"west": {"uv": [2.258, 3.508, 2.742, 3.742], "texture": "#4"},
				"up": {"uv": [2.742, 0.992, 2.508, 0.508], "texture": "#4"},
				"down": {"uv": [0.992, 2.758, 0.758, 3.242], "texture": "#4"}
			}
		},
		{
			"name": "pikeblade",
			"from": [7.656, 3.45, 20.15],
			"to": [7.956, 3.55, 21.6],
			"rotation": {"angle": 0, "axis": "y", "origin": [0.8, 27.7, 17.7]},
			"faces": {
				"north": {"uv": [1.758, 5.258, 1.992, 5.492], "texture": "#4"},
				"east": {"uv": [5.258, 1.758, 5.492, 1.992], "texture": "#4"},
				"south": {"uv": [2.008, 5.258, 2.242, 5.492], "texture": "#4"},
				"west": {"uv": [5.258, 2.008, 5.492, 2.242], "texture": "#4"},
				"up": {"uv": [2.492, 5.492, 2.258, 5.258], "texture": "#4"},
				"down": {"uv": [5.492, 2.258, 5.258, 2.492], "texture": "#4"}
			}
		},
		{
			"name": "pikeblade",
			"from": [7.656, 2.75, 20.15],
			"to": [7.956, 2.85, 21.6],
			"rotation": {"angle": 0, "axis": "y", "origin": [0.8, 27.7, 17.7]},
			"faces": {
				"north": {"uv": [2.508, 5.258, 2.742, 5.492], "texture": "#4"},
				"east": {"uv": [5.258, 2.508, 5.492, 2.742], "texture": "#4"},
				"south": {"uv": [2.758, 5.258, 2.992, 5.492], "texture": "#4"},
				"west": {"uv": [5.258, 2.758, 5.492, 2.992], "texture": "#4"},
				"up": {"uv": [3.242, 5.492, 3.008, 5.258], "texture": "#4"},
				"down": {"uv": [5.492, 3.008, 5.258, 3.242], "texture": "#4"}
			}
		},
		{
			"name": "pikeblade",
			"from": [7.656, 3.55, 20.15],
			"to": [7.956, 3.65, 21.31],
			"rotation": {"angle": 0, "axis": "y", "origin": [0.8, 27.6, 17.7]},
			"faces": {
				"north": {"uv": [3.258, 5.258, 3.492, 5.492], "texture": "#4"},
				"east": {"uv": [5.258, 3.258, 5.492, 3.492], "texture": "#4"},
				"south": {"uv": [3.508, 5.258, 3.742, 5.492], "texture": "#4"},
				"west": {"uv": [5.258, 3.508, 5.492, 3.742], "texture": "#4"},
				"up": {"uv": [3.992, 5.492, 3.758, 5.258], "texture": "#4"},
				"down": {"uv": [5.492, 3.758, 5.258, 3.992], "texture": "#4"}
			}
		},
		{
			"name": "pikeblade",
			"from": [7.656, 2.35, 20.15],
			"to": [7.956, 2.45, 20.49],
			"rotation": {"angle": 0, "axis": "y", "origin": [0.8, -11.11, 16.6]},
			"faces": {
				"north": {"uv": [4.008, 5.258, 4.242, 5.492], "texture": "#4"},
				"east": {"uv": [4.258, 5.258, 4.492, 5.492], "texture": "#4"},
				"south": {"uv": [5.258, 4.258, 5.492, 4.492], "texture": "#4"},
				"west": {"uv": [4.508, 5.258, 4.742, 5.492], "texture": "#4"},
				"up": {"uv": [5.492, 4.742, 5.258, 4.508], "texture": "#4"},
				"down": {"uv": [4.992, 5.258, 4.758, 5.492], "texture": "#4"}
			}
		},
		{
			"name": "pikeblade",
			"from": [7.656, 2.45, 20.15],
			"to": [7.956, 2.55, 20.77],
			"rotation": {"angle": 0, "axis": "y", "origin": [0.8, -11.11, 17.4]},
			"faces": {
				"north": {"uv": [5.258, 4.758, 5.492, 4.992], "texture": "#4"},
				"east": {"uv": [5.008, 5.258, 5.242, 5.492], "texture": "#4"},
				"south": {"uv": [5.258, 5.008, 5.492, 5.242], "texture": "#4"},
				"west": {"uv": [5.258, 5.258, 5.492, 5.492], "texture": "#4"},
				"up": {"uv": [5.742, 0.242, 5.508, 0.008], "texture": "#4"},
				"down": {"uv": [5.742, 0.258, 5.508, 0.492], "texture": "#4"}
			}
		},
		{
			"name": "pikeblade",
			"from": [7.656, 2.55, 20.15],
			"to": [7.956, 2.65, 21.05],
			"rotation": {"angle": 0, "axis": "y", "origin": [0.8, -11.2, 17.7]},
			"faces": {
				"north": {"uv": [5.508, 0.508, 5.742, 0.742], "texture": "#4"},
				"east": {"uv": [1.008, 5.508, 1.242, 5.742], "texture": "#4"},
				"south": {"uv": [1.508, 5.508, 1.742, 5.742], "texture": "#4"},
				"west": {"uv": [5.508, 1.508, 5.742, 1.742], "texture": "#4"},
				"up": {"uv": [1.992, 5.742, 1.758, 5.508], "texture": "#4"},
				"down": {"uv": [5.742, 1.758, 5.508, 1.992], "texture": "#4"}
			}
		},
		{
			"name": "pikeblade",
			"from": [7.656, 2.65, 20.15],
			"to": [7.956, 2.75, 21.31],
			"rotation": {"angle": 0, "axis": "y", "origin": [0.8, -11.3, 17.7]},
			"faces": {
				"north": {"uv": [2.008, 5.508, 2.242, 5.742], "texture": "#4"},
				"east": {"uv": [5.508, 2.008, 5.742, 2.242], "texture": "#4"},
				"south": {"uv": [2.258, 5.508, 2.492, 5.742], "texture": "#4"},
				"west": {"uv": [5.508, 2.258, 5.742, 2.492], "texture": "#4"},
				"up": {"uv": [2.742, 5.742, 2.508, 5.508], "texture": "#4"},
				"down": {"uv": [5.742, 2.508, 5.508, 2.742], "texture": "#4"}
			}
		},
		{
			"name": "pikeblade",
			"from": [7.656, 3.65, 20.15],
			"to": [7.956, 3.75, 21.05],
			"rotation": {"angle": 0, "axis": "y", "origin": [0.8, 27.5, 17.7]},
			"faces": {
				"north": {"uv": [2.758, 5.508, 2.992, 5.742], "texture": "#4"},
				"east": {"uv": [5.508, 2.758, 5.742, 2.992], "texture": "#4"},
				"south": {"uv": [3.008, 5.508, 3.242, 5.742], "texture": "#4"},
				"west": {"uv": [5.508, 3.008, 5.742, 3.242], "texture": "#4"},
				"up": {"uv": [3.492, 5.742, 3.258, 5.508], "texture": "#4"},
				"down": {"uv": [5.742, 3.258, 5.508, 3.492], "texture": "#4"}
			}
		},
		{
			"name": "pikeblade",
			"from": [7.656, 3.75, 20.15],
			"to": [7.956, 3.85, 20.77],
			"rotation": {"angle": 0, "axis": "y", "origin": [0.8, 27.41, 17.4]},
			"faces": {
				"north": {"uv": [3.508, 5.508, 3.742, 5.742], "texture": "#4"},
				"east": {"uv": [5.508, 3.508, 5.742, 3.742], "texture": "#4"},
				"south": {"uv": [3.758, 5.508, 3.992, 5.742], "texture": "#4"},
				"west": {"uv": [5.508, 3.758, 5.742, 3.992], "texture": "#4"},
				"up": {"uv": [4.242, 5.742, 4.008, 5.508], "texture": "#4"},
				"down": {"uv": [4.492, 5.508, 4.258, 5.742], "texture": "#4"}
			}
		},
		{
			"name": "pikeblade",
			"from": [7.656, 3.85, 20.15],
			"to": [7.956, 3.95, 20.49],
			"rotation": {"angle": 0, "axis": "y", "origin": [0.8, 27.41, 16.6]},
			"faces": {
				"north": {"uv": [5.508, 4.258, 5.742, 4.492], "texture": "#4"},
				"east": {"uv": [4.508, 5.508, 4.742, 5.742], "texture": "#4"},
				"south": {"uv": [5.508, 4.508, 5.742, 4.742], "texture": "#4"},
				"west": {"uv": [4.758, 5.508, 4.992, 5.742], "texture": "#4"},
				"up": {"uv": [5.742, 4.992, 5.508, 4.758], "texture": "#4"},
				"down": {"uv": [5.242, 5.508, 5.008, 5.742], "texture": "#4"}
			}
		},
		{
			"name": "pikeblade",
			"from": [7.656, 3.35, 20.1],
			"to": [7.956, 3.45, 21.82],
			"rotation": {"angle": 0, "axis": "y", "origin": [0.8, 27.7, 17.7]},
			"faces": {
				"north": {"uv": [5.508, 5.008, 5.742, 5.242], "texture": "#4"},
				"east": {"uv": [3.508, 2.258, 3.992, 2.492], "texture": "#4"},
				"south": {"uv": [5.258, 5.508, 5.492, 5.742], "texture": "#4"},
				"west": {"uv": [3.508, 2.508, 3.992, 2.742], "texture": "#4"},
				"up": {"uv": [0.992, 3.742, 0.758, 3.258], "texture": "#4"},
				"down": {"uv": [4.242, 1.508, 4.008, 1.992], "texture": "#4"}
			}
		},
		{
			"name": "pikeblade",
			"from": [7.656, 2.85, 20.1],
			"to": [7.956, 2.95, 21.82],
			"rotation": {"angle": 0, "axis": "y", "origin": [0.8, 27.7, 17.7]},
			"faces": {
				"north": {"uv": [5.508, 5.258, 5.742, 5.492], "texture": "#4"},
				"east": {"uv": [2.008, 3.758, 2.492, 3.992], "texture": "#4"},
				"south": {"uv": [5.508, 5.508, 5.742, 5.742], "texture": "#4"},
				"west": {"uv": [4.008, 2.008, 4.492, 2.242], "texture": "#4"},
				"up": {"uv": [4.242, 2.742, 4.008, 2.258], "texture": "#4"},
				"down": {"uv": [4.242, 2.758, 4.008, 3.242], "texture": "#4"}
			}
		},
		{
			"name": "pikeblade",
			"from": [7.656, 3.05, 20.09],
			"to": [7.956, 3.25, 21.19],
			"rotation": {"angle": 0, "axis": "y", "origin": [0.8, 27.7, 17.7]},
			"faces": {
				"north": {"uv": [5.758, 0.008, 5.992, 0.242], "texture": "#4"},
				"east": {"uv": [5.758, 0.258, 5.992, 0.492], "texture": "#4"},
				"south": {"uv": [5.758, 0.508, 5.992, 0.742], "texture": "#4"},
				"west": {"uv": [1.008, 5.758, 1.242, 5.992], "texture": "#4"},
				"up": {"uv": [1.742, 5.992, 1.508, 5.758], "texture": "#4"},
				"down": {"uv": [5.992, 1.508, 5.758, 1.742], "texture": "#4"}
			}
		},
		{
			"name": "pikeblade",
			"from": [7.656, 3.05, 21.19],
			"to": [7.956, 3.25, 22.09],
			"rotation": {"angle": 0, "axis": "y", "origin": [0.8, 27.7, 17.7]},
			"faces": {
				"north": {"uv": [1.758, 5.758, 1.992, 5.992], "texture": "#4"},
				"east": {"uv": [5.758, 1.758, 5.992, 1.992], "texture": "#4"},
				"south": {"uv": [2.008, 5.758, 2.242, 5.992], "texture": "#4"},
				"west": {"uv": [5.758, 2.008, 5.992, 2.242], "texture": "#4"},
				"up": {"uv": [2.492, 5.992, 2.258, 5.758], "texture": "#4"},
				"down": {"uv": [5.992, 2.258, 5.758, 2.492], "texture": "#4"}
			}
		},
		{
			"name": "pike",
			"from": [7.65, 3, -15.9],
			"to": [7.95, 3.3, -14.9],
			"rotation": {"angle": 0, "axis": "y", "origin": [7.8, -13.3, -7.7]},
			"faces": {
				"north": {"uv": [2.508, 5.758, 2.742, 5.992], "texture": "#4"},
				"east": {"uv": [5.758, 2.508, 5.992, 2.742], "texture": "#4"},
				"south": {"uv": [2.758, 5.758, 2.992, 5.992], "texture": "#4"},
				"west": {"uv": [5.758, 2.758, 5.992, 2.992], "texture": "#4"},
				"up": {"uv": [3.242, 5.992, 3.008, 5.758], "texture": "#4"},
				"down": {"uv": [5.992, 3.008, 5.758, 3.242], "texture": "#4"}
			}
		},
		{
			"name": "pike",
			"from": [7.65, 2.8, -15.4],
			"to": [7.95, 3, -14.9],
			"rotation": {"angle": 0, "axis": "y", "origin": [7.8, -13.3, -7.7]},
			"faces": {
				"north": {"uv": [3.258, 5.758, 3.492, 5.992], "texture": "#4"},
				"east": {"uv": [5.758, 3.258, 5.992, 3.492], "texture": "#4"},
				"south": {"uv": [3.508, 5.758, 3.742, 5.992], "texture": "#4"},
				"west": {"uv": [5.758, 3.508, 5.992, 3.742], "texture": "#4"},
				"up": {"uv": [3.992, 5.992, 3.758, 5.758], "texture": "#4"},
				"down": {"uv": [5.992, 3.758, 5.758, 3.992], "texture": "#4"}
			}
		},
		{
			"name": "pike",
			"from": [7.65, 3.3, -15.4],
			"to": [7.95, 3.5, -14.9],
			"rotation": {"angle": 0, "axis": "y", "origin": [7.8, -13.3, -7.7]},
			"faces": {
				"north": {"uv": [4.008, 5.758, 4.242, 5.992], "texture": "#4"},
				"east": {"uv": [4.258, 5.758, 4.492, 5.992], "texture": "#4"},
				"south": {"uv": [5.758, 4.258, 5.992, 4.492], "texture": "#4"},
				"west": {"uv": [4.508, 5.758, 4.742, 5.992], "texture": "#4"},
				"up": {"uv": [5.992, 4.742, 5.758, 4.508], "texture": "#4"},
				"down": {"uv": [4.992, 5.758, 4.758, 5.992], "texture": "#4"}
			}
		},
		{
			"name": "pike",
			"from": [7.65, 3.3, -15.2],
			"to": [7.95, 3.5, -15.1],
			"rotation": {"angle": 0, "axis": "y", "origin": [7.8, -13.3, -7.7]},
			"faces": {
				"north": {"uv": [5.758, 4.758, 5.992, 4.992], "texture": "#4"},
				"east": {"uv": [5.008, 5.758, 5.242, 5.992], "texture": "#4"},
				"south": {"uv": [5.758, 5.008, 5.992, 5.242], "texture": "#4"},
				"west": {"uv": [5.258, 5.758, 5.492, 5.992], "texture": "#4"},
				"up": {"uv": [5.992, 5.492, 5.758, 5.258], "texture": "#4"},
				"down": {"uv": [5.742, 5.758, 5.508, 5.992], "texture": "#4"}
			}
		},
		{
			"name": "pike",
			"from": [7.65, 3.3, -12.9],
			"to": [7.95, 3.5, -12.4],
			"rotation": {"angle": 0, "axis": "y", "origin": [7.8, -13.3, -7.7]},
			"faces": {
				"north": {"uv": [5.758, 5.508, 5.992, 5.742], "texture": "#4"},
				"east": {"uv": [5.758, 5.758, 5.992, 5.992], "texture": "#4"},
				"south": {"uv": [6.008, 0.008, 6.242, 0.242], "texture": "#4"},
				"west": {"uv": [6.008, 0.258, 6.242, 0.492], "texture": "#4"},
				"up": {"uv": [6.242, 0.742, 6.008, 0.508], "texture": "#4"},
				"down": {"uv": [1.242, 6.008, 1.008, 6.242], "texture": "#4"}
			}
		},
		{
			"name": "pike",
			"from": [7.65, 2.8, -12.9],
			"to": [7.95, 3, -12.4],
			"rotation": {"angle": 0, "axis": "y", "origin": [7.8, -13.3, -7.7]},
			"faces": {
				"north": {"uv": [1.508, 6.008, 1.742, 6.242], "texture": "#4"},
				"east": {"uv": [6.008, 1.508, 6.242, 1.742], "texture": "#4"},
				"south": {"uv": [1.758, 6.008, 1.992, 6.242], "texture": "#4"},
				"west": {"uv": [6.008, 1.758, 6.242, 1.992], "texture": "#4"},
				"up": {"uv": [2.242, 6.242, 2.008, 6.008], "texture": "#4"},
				"down": {"uv": [6.242, 2.008, 6.008, 2.242], "texture": "#4"}
			}
		},
		{
			"name": "pike",
			"from": [7.65, 2.7, -15.3],
			"to": [7.95, 2.8, -14.9],
			"rotation": {"angle": 0, "axis": "y", "origin": [7.8, -13.3, -7.7]},
			"faces": {
				"north": {"uv": [2.258, 6.008, 2.492, 6.242], "texture": "#4"},
				"east": {"uv": [6.008, 2.258, 6.242, 2.492], "texture": "#4"},
				"south": {"uv": [2.508, 6.008, 2.742, 6.242], "texture": "#4"},
				"west": {"uv": [6.008, 2.508, 6.242, 2.742], "texture": "#4"},
				"up": {"uv": [2.992, 6.242, 2.758, 6.008], "texture": "#4"},
				"down": {"uv": [6.242, 2.758, 6.008, 2.992], "texture": "#4"}
			}
		},
		{
			"name": "pike",
			"from": [7.55, 3.5, -15.3],
			"to": [8.05, 3.6, -14.9],
			"rotation": {"angle": 0, "axis": "y", "origin": [7.8, -13.3, -7.7]},
			"faces": {
				"north": {"uv": [3.008, 6.008, 3.242, 6.242], "texture": "#4"},
				"east": {"uv": [6.008, 3.008, 6.242, 3.242], "texture": "#4"},
				"south": {"uv": [3.258, 6.008, 3.492, 6.242], "texture": "#4"},
				"west": {"uv": [6.008, 3.258, 6.242, 3.492], "texture": "#4"},
				"up": {"uv": [3.742, 6.242, 3.508, 6.008], "texture": "#4"},
				"down": {"uv": [6.242, 3.508, 6.008, 3.742], "texture": "#4"}
			}
		},
		{
			"name": "pike",
			"from": [7.95, 2.8, -15.4],
			"to": [8.1, 3.5, -14.9],
			"rotation": {"angle": 0, "axis": "y", "origin": [7.8, -13.3, -7.7]},
			"faces": {
				"north": {"uv": [3.758, 6.008, 3.992, 6.242], "texture": "#4"},
				"east": {"uv": [6.008, 3.758, 6.242, 3.992], "texture": "#4"},
				"south": {"uv": [4.008, 6.008, 4.242, 6.242], "texture": "#4"},
				"west": {"uv": [4.258, 6.008, 4.492, 6.242], "texture": "#4"},
				"up": {"uv": [6.242, 4.492, 6.008, 4.258], "texture": "#4"},
				"down": {"uv": [4.742, 6.008, 4.508, 6.242], "texture": "#4"}
			}
		},
		{
			"name": "pike",
			"from": [7.5, 2.8, -15.4],
			"to": [7.65, 3.5, -15],
			"rotation": {"angle": 0, "axis": "y", "origin": [7.8, -13.3, -7.7]},
			"faces": {
				"north": {"uv": [6.008, 4.508, 6.242, 4.742], "texture": "#4"},
				"east": {"uv": [4.758, 6.008, 4.992, 6.242], "texture": "#4"},
				"south": {"uv": [6.008, 4.758, 6.242, 4.992], "texture": "#4"},
				"west": {"uv": [5.008, 6.008, 5.242, 6.242], "texture": "#4"},
				"up": {"uv": [6.242, 5.242, 6.008, 5.008], "texture": "#4"},
				"down": {"uv": [5.492, 6.008, 5.258, 6.242], "texture": "#4"}
			}
		},
		{
			"name": "pike",
			"from": [7.5, 2.9, -12.9],
			"to": [7.65, 3.4, -12.4],
			"rotation": {"angle": 0, "axis": "y", "origin": [7.8, -13.3, -7.7]},
			"faces": {
				"north": {"uv": [6.008, 5.258, 6.242, 5.492], "texture": "#4"},
				"east": {"uv": [5.508, 6.008, 5.742, 6.242], "texture": "#4"},
				"south": {"uv": [6.008, 5.508, 6.242, 5.742], "texture": "#4"},
				"west": {"uv": [5.758, 6.008, 5.992, 6.242], "texture": "#4"},
				"up": {"uv": [6.242, 5.992, 6.008, 5.758], "texture": "#4"},
				"down": {"uv": [6.242, 6.008, 6.008, 6.242], "texture": "#4"}
			}
		},
		{
			"name": "pike",
			"from": [7.95, 2.9, -12.9],
			"to": [8.1, 3.4, -12.4],
			"rotation": {"angle": 0, "axis": "y", "origin": [7.8, -13.3, -7.7]},
			"faces": {
				"north": {"uv": [6.258, 0.008, 6.492, 0.242], "texture": "#4"},
				"east": {"uv": [6.258, 0.258, 6.492, 0.492], "texture": "#4"},
				"south": {"uv": [6.258, 0.508, 6.492, 0.742], "texture": "#4"},
				"west": {"uv": [6.258, 0.758, 6.492, 0.992], "texture": "#4"},
				"up": {"uv": [1.242, 6.492, 1.008, 6.258], "texture": "#4"},
				"down": {"uv": [6.492, 1.258, 6.258, 1.492], "texture": "#4"}
			}
		},
		{
			"name": "pike",
			"from": [7.65, 3.3, -6.3],
			"to": [7.95, 3.4, -5.8],
			"rotation": {"angle": 0, "axis": "y", "origin": [7.8, -7.3, -7.7]},
			"faces": {
				"north": {"uv": [1.508, 6.258, 1.742, 6.492], "texture": "#4"},
				"east": {"uv": [6.258, 1.508, 6.492, 1.742], "texture": "#4"},
				"south": {"uv": [1.758, 6.258, 1.992, 6.492], "texture": "#4"},
				"west": {"uv": [6.258, 1.758, 6.492, 1.992], "texture": "#4"},
				"up": {"uv": [2.242, 6.492, 2.008, 6.258], "texture": "#4"},
				"down": {"uv": [6.492, 2.008, 6.258, 2.242], "texture": "#4"}
			}
		},
		{
			"name": "pike",
			"from": [7.95, 3, -6.3],
			"to": [8.05, 3.3, -5.8],
			"rotation": {"angle": 0, "axis": "y", "origin": [7.8, -5.3, -7.7]},
			"faces": {
				"north": {"uv": [2.258, 6.258, 2.492, 6.492], "texture": "#4"},
				"east": {"uv": [6.258, 2.258, 6.492, 2.492], "texture": "#4"},
				"south": {"uv": [2.508, 6.258, 2.742, 6.492], "texture": "#4"},
				"west": {"uv": [6.258, 2.508, 6.492, 2.742], "texture": "#4"},
				"up": {"uv": [2.992, 6.492, 2.758, 6.258], "texture": "#4"},
				"down": {"uv": [6.492, 2.758, 6.258, 2.992], "texture": "#4"}
			}
		},
		{
			"name": "pike",
			"from": [7.55, 3, -6.3],
			"to": [7.65, 3.3, -5.8],
			"rotation": {"angle": 0, "axis": "y", "origin": [7.8, -5.3, -7.7]},
			"faces": {
				"north": {"uv": [3.008, 6.258, 3.242, 6.492], "texture": "#4"},
				"east": {"uv": [6.258, 3.008, 6.492, 3.242], "texture": "#4"},
				"south": {"uv": [3.258, 6.258, 3.492, 6.492], "texture": "#4"},
				"west": {"uv": [6.258, 3.258, 6.492, 3.492], "texture": "#4"},
				"up": {"uv": [3.742, 6.492, 3.508, 6.258], "texture": "#4"},
				"down": {"uv": [6.492, 3.508, 6.258, 3.742], "texture": "#4"}
			}
		},
		{
			"name": "pike",
			"from": [7.65, 2.9, -3.9],
			"to": [7.95, 3, -3.4],
			"rotation": {"angle": 0, "axis": "y", "origin": [7.8, -5.3, -7.7]},
			"faces": {
				"north": {"uv": [3.758, 6.258, 3.992, 6.492], "texture": "#4"},
				"east": {"uv": [6.258, 3.758, 6.492, 3.992], "texture": "#4"},
				"south": {"uv": [4.008, 6.258, 4.242, 6.492], "texture": "#4"},
				"west": {"uv": [4.258, 6.258, 4.492, 6.492], "texture": "#4"},
				"up": {"uv": [4.742, 6.492, 4.508, 6.258], "texture": "#4"},
				"down": {"uv": [5.242, 6.258, 5.008, 6.492], "texture": "#4"}
			}
		},
		{
			"name": "pike",
			"from": [7.95, 3, -3.9],
			"to": [8.05, 3.3, -3.4],
			"rotation": {"angle": 0, "axis": "y", "origin": [7.8, -5.3, -7.7]},
			"faces": {
				"north": {"uv": [5.258, 6.258, 5.492, 6.492], "texture": "#4"},
				"east": {"uv": [6.508, 1.258, 6.742, 1.492], "texture": "#4"},
				"south": {"uv": [1.508, 6.508, 1.742, 6.742], "texture": "#4"},
				"west": {"uv": [6.508, 1.508, 6.742, 1.742], "texture": "#4"},
				"up": {"uv": [1.992, 6.742, 1.758, 6.508], "texture": "#4"},
				"down": {"uv": [6.742, 1.758, 6.508, 1.992], "texture": "#4"}
			}
		},
		{
			"name": "pike",
			"from": [7.65, 3.3, -3.9],
			"to": [7.95, 3.4, -3.4],
			"rotation": {"angle": 0, "axis": "y", "origin": [7.8, -7.3, -7.7]},
			"faces": {
				"north": {"uv": [2.008, 6.508, 2.242, 6.742], "texture": "#4"},
				"east": {"uv": [6.508, 2.008, 6.742, 2.242], "texture": "#4"},
				"south": {"uv": [2.258, 6.508, 2.492, 6.742], "texture": "#4"},
				"west": {"uv": [6.508, 2.258, 6.742, 2.492], "texture": "#4"},
				"up": {"uv": [2.742, 6.742, 2.508, 6.508], "texture": "#4"},
				"down": {"uv": [6.742, 2.508, 6.508, 2.742], "texture": "#4"}
			}
		},
		{
			"name": "pike",
			"from": [7.55, 3, -3.9],
			"to": [7.65, 3.3, -3.4],
			"rotation": {"angle": 0, "axis": "y", "origin": [7.8, -5.3, -7.7]},
			"faces": {
				"north": {"uv": [2.758, 6.508, 2.992, 6.742], "texture": "#4"},
				"east": {"uv": [6.508, 2.758, 6.742, 2.992], "texture": "#4"},
				"south": {"uv": [3.008, 6.508, 3.242, 6.742], "texture": "#4"},
				"west": {"uv": [6.508, 3.008, 6.742, 3.242], "texture": "#4"},
				"up": {"uv": [3.492, 6.742, 3.258, 6.508], "texture": "#4"},
				"down": {"uv": [6.742, 3.258, 6.508, 3.492], "texture": "#4"}
			}
		},
		{
			"name": "pike",
			"from": [7.65, 2.9, -6.3],
			"to": [7.95, 3, -5.8],
			"rotation": {"angle": 0, "axis": "y", "origin": [7.8, -5.3, -7.7]},
			"faces": {
				"north": {"uv": [3.508, 6.508, 3.742, 6.742], "texture": "#4"},
				"east": {"uv": [6.508, 3.508, 6.742, 3.742], "texture": "#4"},
				"south": {"uv": [3.758, 6.508, 3.992, 6.742], "texture": "#4"},
				"west": {"uv": [6.508, 3.758, 6.742, 3.992], "texture": "#4"},
				"up": {"uv": [4.242, 6.742, 4.008, 6.508], "texture": "#4"},
				"down": {"uv": [4.492, 6.508, 4.258, 6.742], "texture": "#4"}
			}
		},
		{
			"from": [7.2, 2.85, -14.802],
			"to": [7.5, 3.45, -13.002],
			"rotation": {"angle": 0, "axis": "y", "origin": [7.8, -13.3, -7.7]},
			"faces": {
				"north": {"uv": [6.508, 4.258, 6.742, 4.492], "texture": "#4"},
				"east": {"uv": [4.258, 0.008, 4.742, 0.242], "texture": "#4"},
				"south": {"uv": [4.508, 6.508, 4.742, 6.742], "texture": "#4"},
				"west": {"uv": [4.258, 0.258, 4.742, 0.492], "texture": "#4"},
				"up": {"uv": [4.242, 3.742, 4.008, 3.258], "texture": "#4"},
				"down": {"uv": [1.242, 4.258, 1.008, 4.742], "texture": "#4"}
			}
		},
		{
			"from": [8.1, 2.85, -14.812],
			"to": [8.4, 3.45, -13.012],
			"rotation": {"angle": 0, "axis": "y", "origin": [7.8, -13.3, -7.7]},
			"faces": {
				"north": {"uv": [6.508, 4.508, 6.742, 4.742], "texture": "#4"},
				"east": {"uv": [4.258, 0.508, 4.742, 0.742], "texture": "#4"},
				"south": {"uv": [4.758, 6.508, 4.992, 6.742], "texture": "#4"},
				"west": {"uv": [1.508, 4.258, 1.992, 4.492], "texture": "#4"},
				"up": {"uv": [4.492, 1.992, 4.258, 1.508], "texture": "#4"},
				"down": {"uv": [4.242, 4.258, 4.008, 4.742], "texture": "#4"}
			}
		},
		{
			"from": [8.1, 2.85, -15.312],
			"to": [8.2, 3.45, -14.912],
			"rotation": {"angle": 0, "axis": "y", "origin": [7.8, -13.3, -7.7]},
			"faces": {
				"north": {"uv": [6.508, 4.758, 6.742, 4.992], "texture": "#4"},
				"east": {"uv": [5.008, 6.508, 5.242, 6.742], "texture": "#4"},
				"south": {"uv": [6.508, 5.008, 6.742, 5.242], "texture": "#4"},
				"west": {"uv": [5.258, 6.508, 5.492, 6.742], "texture": "#4"},
				"up": {"uv": [6.742, 5.492, 6.508, 5.258], "texture": "#4"},
				"down": {"uv": [5.742, 6.508, 5.508, 6.742], "texture": "#4"}
			}
		},
		{
			"from": [7.4, 2.85, -15.312],
			"to": [7.5, 3.45, -14.912],
			"rotation": {"angle": 0, "axis": "y", "origin": [7.8, -13.3, -7.7]},
			"faces": {
				"north": {"uv": [6.508, 5.508, 6.742, 5.742], "texture": "#4"},
				"east": {"uv": [5.758, 6.508, 5.992, 6.742], "texture": "#4"},
				"south": {"uv": [6.508, 5.758, 6.742, 5.992], "texture": "#4"},
				"west": {"uv": [6.008, 6.508, 6.242, 6.742], "texture": "#4"},
				"up": {"uv": [6.742, 6.242, 6.508, 6.008], "texture": "#4"},
				"down": {"uv": [6.742, 6.258, 6.508, 6.492], "texture": "#4"}
			}
		},
		{
			"from": [7.8, 2.85, -14.91],
			"to": [8.1, 3.15, -12.91],
			"rotation": {"angle": 0, "axis": "y", "origin": [7.8, -13.3, -7.7]},
			"faces": {
				"north": {"uv": [6.508, 6.508, 6.742, 6.742], "texture": "#4"},
				"east": {"uv": [2.008, 4.258, 2.492, 4.492], "texture": "#4"},
				"south": {"uv": [6.758, 0.008, 6.992, 0.242], "texture": "#4"},
				"west": {"uv": [4.258, 4.258, 4.742, 4.492], "texture": "#4"},
				"up": {"uv": [1.742, 4.992, 1.508, 4.508], "texture": "#4"},
				"down": {"uv": [2.992, 4.508, 2.758, 4.992], "texture": "#4"}
			}
		},
		{
			"from": [7.5, 2.85, -14.9],
			"to": [7.8, 3.15, -12.9],
			"rotation": {"angle": 0, "axis": "y", "origin": [7.8, -13.3, -7.7]},
			"faces": {
				"north": {"uv": [6.758, 0.258, 6.992, 0.492], "texture": "#4"},
				"east": {"uv": [4.508, 2.758, 4.992, 2.992], "texture": "#4"},
				"south": {"uv": [6.758, 0.508, 6.992, 0.742], "texture": "#4"},
				"west": {"uv": [3.008, 4.508, 3.492, 4.742], "texture": "#4"},
				"up": {"uv": [4.742, 3.492, 4.508, 3.008], "texture": "#4"},
				"down": {"uv": [3.742, 4.508, 3.508, 4.992], "texture": "#4"}
			}
		},
		{
			"from": [7.8, 2.55, -15],
			"to": [8.1, 2.75, -12.9],
			"rotation": {"angle": 0, "axis": "y", "origin": [7.8, -13.3, -7.7]},
			"faces": {
				"north": {"uv": [6.758, 0.758, 6.992, 0.992], "texture": "#4"},
				"east": {"uv": [4.508, 3.508, 4.992, 3.742], "texture": "#4"},
				"south": {"uv": [1.008, 6.758, 1.242, 6.992], "texture": "#4"},
				"west": {"uv": [4.508, 3.758, 4.992, 3.992], "texture": "#4"},
				"up": {"uv": [3.992, 4.992, 3.758, 4.508], "texture": "#4"},
				"down": {"uv": [4.492, 4.508, 4.258, 4.992], "texture": "#4"}
			}
		},
		{
			"from": [7.5, 2.55, -15],
			"to": [7.8, 2.75, -12.9],
			"rotation": {"angle": 0, "axis": "y", "origin": [7.8, -13.3, -7.7]},
			"faces": {
				"north": {"uv": [6.758, 1.258, 6.992, 1.492], "texture": "#4"},
				"east": {"uv": [4.508, 4.508, 4.992, 4.742], "texture": "#4"},
				"south": {"uv": [1.508, 6.758, 1.742, 6.992], "texture": "#4"},
				"west": {"uv": [4.758, 0.008, 5.242, 0.242], "texture": "#4"},
				"up": {"uv": [4.992, 0.742, 4.758, 0.258], "texture": "#4"},
				"down": {"uv": [1.242, 4.758, 1.008, 5.242], "texture": "#4"}
			}
		},
		{
			"from": [7.8, 3.65, -15],
			"to": [8.1, 3.75, -12.9],
			"rotation": {"angle": 0, "axis": "y", "origin": [7.8, 29.3, -7.7]},
			"faces": {
				"north": {"uv": [6.758, 1.508, 6.992, 1.742], "texture": "#4"},
				"east": {"uv": [4.758, 1.508, 5.242, 1.742], "texture": "#4"},
				"south": {"uv": [1.758, 6.758, 1.992, 6.992], "texture": "#4"},
				"west": {"uv": [1.758, 4.758, 2.242, 4.992], "texture": "#4"},
				"up": {"uv": [4.992, 2.242, 4.758, 1.758], "texture": "#4"},
				"down": {"uv": [2.492, 4.758, 2.258, 5.242], "texture": "#4"}
			}
		},
		{
			"from": [7.5, 3.65, -15],
			"to": [7.8, 3.75, -12.9],
			"rotation": {"angle": 0, "axis": "y", "origin": [7.8, 29.3, -7.7]},
			"faces": {
				"north": {"uv": [6.758, 1.758, 6.992, 1.992], "texture": "#4"},
				"east": {"uv": [4.758, 2.258, 5.242, 2.492], "texture": "#4"},
				"south": {"uv": [2.008, 6.758, 2.242, 6.992], "texture": "#4"},
				"west": {"uv": [4.758, 2.508, 5.242, 2.742], "texture": "#4"},
				"up": {"uv": [2.742, 5.242, 2.508, 4.758], "texture": "#4"},
				"down": {"uv": [3.242, 4.758, 3.008, 5.242], "texture": "#4"}
			}
		},
		{
			"from": [7.35, 2.65, -15.0001],
			"to": [8.25, 3.65, -12.8001],
			"rotation": {"angle": 0, "axis": "y", "origin": [7.8, 29.3, -7.7]},
			"faces": {
				"north": {"uv": [6.758, 2.008, 6.992, 2.242], "texture": "#4"},
				"east": {"uv": [4.758, 3.008, 5.242, 3.242], "texture": "#4"},
				"south": {"uv": [2.258, 6.758, 2.492, 6.992], "texture": "#4"},
				"west": {"uv": [4.758, 3.258, 5.242, 3.492], "texture": "#4"},
				"up": {"uv": [3.492, 5.242, 3.258, 4.758], "texture": "#4"},
				"down": {"uv": [4.242, 4.758, 4.008, 5.242], "texture": "#4"}
			}
		},
		{
			"name": "pike",
			"from": [7.65, 3, -14.9],
			"to": [7.95, 3.3, -5.9],
			"rotation": {"angle": 0, "axis": "y", "origin": [7.8, -13.3, -7.7]},
			"faces": {
				"north": {"uv": [6.758, 2.258, 6.992, 2.492], "texture": "#4"},
				"east": {"uv": [4.008, 0.758, 6.242, 0.992], "texture": "#4"},
				"south": {"uv": [2.508, 6.758, 2.742, 6.992], "texture": "#4"},
				"west": {"uv": [4.008, 1.258, 6.242, 1.492], "texture": "#4"},
				"up": {"uv": [0.992, 2.242, 0.758, 0.008], "texture": "#4"},
				"down": {"uv": [1.992, 0.008, 1.758, 2.242], "texture": "#4"}
			}
		},
		{
			"name": "pike",
			"from": [7.65, 3, -5.9],
			"to": [7.95, 3.3, -3.9],
			"rotation": {"angle": 0, "axis": "y", "origin": [7.8, -13.3, -7.7]},
			"faces": {
				"north": {"uv": [6.758, 2.508, 6.992, 2.742], "texture": "#4"},
				"east": {"uv": [4.758, 4.258, 5.242, 4.492], "texture": "#4"},
				"south": {"uv": [2.758, 6.758, 2.992, 6.992], "texture": "#4"},
				"west": {"uv": [4.508, 4.758, 4.992, 4.992], "texture": "#4"},
				"up": {"uv": [5.242, 0.742, 5.008, 0.258], "texture": "#4"},
				"down": {"uv": [1.742, 5.008, 1.508, 5.492], "texture": "#4"}
			}
		},
		{
			"name": "pike",
			"from": [7.65, 3, -3.9],
			"to": [7.95, 3.3, 20.1],
			"rotation": {"angle": 0, "axis": "y", "origin": [7.8, -12.9, -16.9]},
			"faces": {
				"north": {"uv": [6.758, 2.758, 6.992, 2.992], "texture": "#4"},
				"east": {"uv": [0.758, 4.008, 6.742, 4.242], "texture": "#4"},
				"south": {"uv": [3.008, 6.758, 3.242, 6.992], "texture": "#4"},
				"west": {"uv": [4.008, 1.008, 9.992, 1.242], "texture": "#4"},
				"up": {"uv": [0.992, 10.242, 0.758, 4.258], "texture": "#4"},
				"down": {"uv": [1.492, 4.258, 1.258, 10.242], "texture": "#4"}
			}
		}
	],
	"display": {
		"thirdperson_righthand": {
			"rotation": [-91.15, 7.02, 163.79],
			"translation": [-0.75, 37, 14.25],
			"scale": [3, 3, 3]
		},
		"thirdperson_lefthand": {
			"rotation": [-84.37, -11.68, -171.59],
			"translation": [-5, 35.5, 18.75],
			"scale": [3, 3, 3]
		},
		"firstperson_righthand": {
			"rotation": [-153.55, -1.79, -19.08],
			"translation": [20, -2.5, -47],
			"scale": [3, 3, 3]
		},
		"firstperson_lefthand": {
			"rotation": [-150.22, 1.07, -30.08],
			"translation": [17.75, 4.5, -41],
			"scale": [3, 3, 3]
		},
		"ground": {
			"rotation": [180, 0, 0],
			"translation": [0.5, -14.75, -9.75],
			"scale": [2, 2.5, 2]
		},
		"gui": {
			"rotation": [-121.01, 40.56, -19.52],
			"translation": [3.25, 0, 0],
			"scale": [1.25, 0.74609, 0.73242]
		},
		"head": {
			"rotation": [33.25, 0, 0],
			"translation": [2, -7, 15.25],
			"scale": [3, 3, 3]
		},
		"fixed": {
			"rotation": [-88.99, -7.96, 94.87],
			"translation": [-20.25, 14, -2.75],
			"scale": [3, 3, 3]
		}
	},
	"groups": [
		{
			"name": "group",
			"origin": [8, 8, 8],
			"color": 0,
			"nbt": "{}",
			"children": [
				0,
				1,
				2,
				3,
				4,
				5,
				6,
				7,
				8,
				9,
				10,
				11,
				12,
				13,
				14,
				15,
				16,
				17,
				18,
				19,
				20,
				21,
				22,
				23,
				24,
				25,
				26,
				27,
				28,
				29,
				30,
				31,
				32,
				33,
				34,
				35,
				36,
				37,
				38,
				39,
				40,
				41,
				42,
				43,
				44,
				45,
				46,
				47,
				48,
				49,
				50,
				51,
				52,
				53
			]
		}
	]
}