{
	"textures": {
		"0": "helmets/coolus",
		"1": "helmets/feathers"
	},
	"elements": [
		{
			"from": [0, -8, 0],
			"to": [16, 8, 16],
			"rotation": {"angle": 0, "axis": "y", "origin": [8, 0, 8]},
			"faces": {
				"north": {"uv": [4, 4, 8, 8], "texture": "#0"},
				"east": {"uv": [0, 4, 4, 8], "texture": "#0"},
				"south": {"uv": [12, 4, 16, 8], "texture": "#0"},
				"west": {"uv": [8, 4, 12, 8], "texture": "#0"},
				"up": {"uv": [4, 0, 8, 4], "rotation": 180, "texture": "#0"},
				"down": {"uv": [8, 0, 12, 4], "texture": "#0"}
			}
		},
		{
			"from": [16, 8, 16],
			"to": [0, -8, 0],
			"rotation": {"angle": 0, "axis": "x", "origin": [8, 0, 8]},
			"faces": {
				"north": {"uv": [16, 4, 12, 8], "rotation": 180, "texture": "#0"},
				"east": {"uv": [12, 4, 8, 8], "rotation": 180, "texture": "#0"},
				"south": {"uv": [8, 4, 4, 8], "rotation": 180, "texture": "#0"},
				"west": {"uv": [4, 4, 0, 8], "rotation": 180, "texture": "#0"},
				"up": {"uv": [12, 0, 8, 4], "texture": "#0"},
				"down": {"uv": [8, 0, 4, 4], "rotation": 180, "texture": "#0"}
			}
		},
		{
			"from": [-0.25, 0, -0.25],
			"to": [16.25, 1, 19.25],
			"rotation": {"angle": 0, "axis": "y", "origin": [8, 0, 8]},
			"faces": {
				"north": {"uv": [4, 5.75, 8, 6], "texture": "#0"},
				"east": {"uv": [0, 5.75, 5, 6], "texture": "#0"},
				"south": {"uv": [12, 5.75, 16, 6], "texture": "#0"},
				"west": {"uv": [8, 5.75, 13, 6], "texture": "#0"},
				"up": {"uv": [12, 11, 15.875, 16], "texture": "#0"},
				"down": {"uv": [12, 16, 16, 11], "texture": "#0"}
			}
		},
		{
			"from": [7.25, 8.5, 7.25],
			"to": [8.75, 9.75, 8.75],
			"rotation": {"angle": 0, "axis": "y", "origin": [8, 0, 8]},
			"faces": {
				"north": {"uv": [4, 0, 4.5, 0.5], "texture": "#0"},
				"east": {"uv": [4, 0, 4.5, 0.5], "texture": "#0"},
				"south": {"uv": [4, 0, 4.5, 0.5], "texture": "#0"},
				"west": {"uv": [4, 0, 4.5, 0.5], "texture": "#0"},
				"up": {"uv": [4, 0, 4.5, 0.5], "texture": "#0"},
				"down": {"uv": [4, 0, 4.5, 0.5], "texture": "#0"}
			}
		},
		{
			"from": [7.5, 8, 7.5],
			"to": [8.5, 9.5, 8.5],
			"rotation": {"angle": 0, "axis": "y", "origin": [8, 0, 8]},
			"faces": {
				"north": {"uv": [4, 0, 4.5, 0.5], "texture": "#0"},
				"east": {"uv": [4, 0, 4.5, 0.5], "texture": "#0"},
				"south": {"uv": [4, 0, 4.5, 0.5], "texture": "#0"},
				"west": {"uv": [4, 0, 4.5, 0.5], "texture": "#0"},
				"up": {"uv": [4, 0, 4.5, 0.5], "texture": "#0"},
				"down": {"uv": [4, 0, 4.5, 0.5], "texture": "#0"}
			}
		},
		{
			"from": [6.5, 8, 8],
			"to": [9.5, 24.5, 8.025],
			"rotation": {"angle": 0, "axis": "x", "origin": [7.97207, 15.99995, 8.02797]},
			"faces": {
				"north": {"uv": [1.75, 7.5, 3.25, 15.75], "texture": "#1"},
				"south": {"uv": [3.25, 7.5, 1.75, 15.75], "texture": "#1"}
			}
		},
		{
			"from": [-0.5, 8, 7],
			"to": [16.5, 24, 7.025],
			"rotation": {"angle": 0, "axis": "y", "origin": [8, 0, 8]},
			"faces": {
				"north": {"uv": [6.25, 6.25, 15.75, 15.75], "texture": "#1"},
				"south": {"uv": [15.75, 6.25, 6.25, 15.75], "texture": "#1"}
			}
		}
	],
	"display": {
		"thirdperson_righthand": {
			"rotation": [-0.75, 21.25, 0],
			"translation": [0.5, 2.75, -2.25],
			"scale": [0.5, 0.5, 0.5]
		},
		"thirdperson_lefthand": {
			"rotation": [-0.75, 21.25, 0],
			"translation": [0.5, 2.75, -2.25],
			"scale": [0.5, 0.5, 0.5]
		},
		"firstperson_righthand": {
			"rotation": [-32.5, 127, 13.75],
			"translation": [0, 5.75, 0],
			"scale": [0.4, 0.4, 0.4]
		},
		"firstperson_lefthand": {
			"rotation": [-32.5, 127, 13.75],
			"translation": [0, 5.75, 0],
			"scale": [0.4, 0.4, 0.4]
		},
		"ground": {
			"translation": [0, 4, 0],
			"scale": [0.5, 0.5, 0.5]
		},
		"gui": {
			"rotation": [30, 225, 0],
			"translation": [0, 2.75, 0],
			"scale": [0.5, 0.5, 0.5]
		},
		"head": {
			"translation": [0, 8, 0],
			"scale": [0.95, 0.95, 0.95]
		},
		"fixed": {
			"rotation": [-69.75, 0, 0],
			"translation": [0, 0, -10]
		}
	},
	"groups": [
		{
			"name": "coolus",
			"origin": [8, 8, 8],
			"children": [0, 1, 2, 3, 4]
		},
		{
			"name": "feathers",
			"origin": [8, 8, 8],
			"children": [
				{
					"name": "feathers",
					"origin": [8, 8, 8],
					"children": [5, 6]
				}
			]
		}
	]
}