{
	"textures": {
		"1": "helmets/feathers",
		"particle": "helmets/iberian"
	},
	"elements": [
		{
			"from": [6.5, 8, 8],
			"to": [9.5, 24.5, 8.025],
			"rotation": {"angle": 0, "axis": "x", "origin": [7.97207, 15.99995, 8.02797]},
			"faces": {
				"north": {"uv": [1.75, 7.5, 3.25, 15.75], "texture": "#1"},
				"south": {"uv": [3.25, 7.5, 1.75, 15.75], "texture": "#1"}
			}
		},
		{
			"from": [-0.5, 8, 7],
			"to": [16.5, 24, 7.025],
			"rotation": {"angle": 0, "axis": "y", "origin": [8, 0, 8]},
			"faces": {
				"north": {"uv": [6.25, 6.25, 15.75, 15.75], "texture": "#1"},
				"south": {"uv": [15.75, 6.25, 6.25, 15.75], "texture": "#1"}
			}
		}
	],
	"display": {
		"thirdperson_righthand": {
			"rotation": [-0.75, 21.25, 0],
			"translation": [0.5, 2.75, -2.25],
			"scale": [0.5, 0.5, 0.5]
		},
		"thirdperson_lefthand": {
			"rotation": [-0.75, 21.25, 0],
			"translation": [0.5, 2.75, -2.25],
			"scale": [0.5, 0.5, 0.5]
		},
		"firstperson_righthand": {
			"rotation": [-32.5, 127, 13.75],
			"translation": [0, 5.75, 0],
			"scale": [0.4, 0.4, 0.4]
		},
		"firstperson_lefthand": {
			"rotation": [-32.5, 127, 13.75],
			"translation": [0, 5.75, 0],
			"scale": [0.4, 0.4, 0.4]
		},
		"ground": {
			"translation": [0, 4, 0],
			"scale": [0.5, 0.5, 0.5]
		},
		"gui": {
			"rotation": [30, 225, 0],
			"translation": [0, 2.75, 0],
			"scale": [0.5, 0.5, 0.5]
		},
		"head": {
			"translation": [0, 8, 0],
			"scale": [0.95, 0.95, 0.95]
		},
		"fixed": {
			"rotation": [-69.75, 0, 0],
			"translation": [0, 0, -10]
		}
	},
	"groups": [
		{
			"name": "feathers",
			"origin": [8, 8, 8],
			"children": [0, 1]
		}
	]
}