{
	"textures": {
		"0": "helmets/iberian",
		"particle": "helmets/iberian"
	},
	"elements": [
		{
			"from": [0, -8, 0],
			"to": [16, 8, 16],
			"rotation": {"angle": 0, "axis": "y", "origin": [8, 0, 8]},
			"faces": {
				"north": {"uv": [4, 4, 8, 8], "texture": "#0"},
				"east": {"uv": [0, 4, 4, 8], "texture": "#0"},
				"south": {"uv": [12, 4, 16, 8], "texture": "#0"},
				"west": {"uv": [8, 4, 12, 8], "texture": "#0"},
				"up": {"uv": [4, 0, 8, 4], "rotation": 180, "texture": "#0"},
				"down": {"uv": [8, 0, 12, 4], "texture": "#0"}
			}
		},
		{
			"from": [16, 8, 16],
			"to": [0, -8, 0],
			"rotation": {"angle": 0, "axis": "x", "origin": [8, 0, 8]},
			"faces": {
				"north": {"uv": [16, 4, 12, 8], "rotation": 180, "texture": "#0"},
				"east": {"uv": [12, 4, 8, 8], "rotation": 180, "texture": "#0"},
				"south": {"uv": [8, 4, 4, 8], "rotation": 180, "texture": "#0"},
				"west": {"uv": [4, 4, 0, 8], "rotation": 180, "texture": "#0"},
				"down": {"uv": [8, 0, 4, 4], "rotation": 180, "texture": "#0"}
			}
		},
		{
			"from": [7.25, 8.5, 7.25],
			"to": [8.75, 9.75, 8.75],
			"rotation": {"angle": 0, "axis": "y", "origin": [8, 0, 8]},
			"faces": {
				"north": {"uv": [4, 0, 4.5, 0.5], "texture": "#0"},
				"east": {"uv": [4, 0, 4.5, 0.5], "texture": "#0"},
				"south": {"uv": [4, 0, 4.5, 0.5], "texture": "#0"},
				"west": {"uv": [4, 0, 4.5, 0.5], "texture": "#0"},
				"up": {"uv": [4, 0, 4.5, 0.5], "texture": "#0"},
				"down": {"uv": [4, 0, 4.5, 0.5], "texture": "#0"}
			}
		},
		{
			"from": [7.5, 8, 7.5],
			"to": [8.5, 9.5, 8.5],
			"rotation": {"angle": 0, "axis": "y", "origin": [8, 0, 8]},
			"faces": {
				"north": {"uv": [4, 0, 4.5, 0.5], "texture": "#0"},
				"east": {"uv": [4, 0, 4.5, 0.5], "texture": "#0"},
				"south": {"uv": [4, 0, 4.5, 0.5], "texture": "#0"},
				"west": {"uv": [4, 0, 4.5, 0.5], "texture": "#0"},
				"up": {"uv": [4, 0, 4.5, 0.5], "texture": "#0"},
				"down": {"uv": [4, 0, 4.5, 0.5], "texture": "#0"}
			}
		}
	],
	"display": {
		"thirdperson_righthand": {
			"rotation": [-0.75, 21.25, 0],
			"translation": [0.5, 2.75, -2.25],
			"scale": [0.5, 0.5, 0.5]
		},
		"thirdperson_lefthand": {
			"rotation": [-0.75, 21.25, 0],
			"translation": [0.5, 2.75, -2.25],
			"scale": [0.5, 0.5, 0.5]
		},
		"firstperson_righthand": {
			"rotation": [-32.5, 127, 13.75],
			"translation": [0, 5.75, 0],
			"scale": [0.4, 0.4, 0.4]
		},
		"firstperson_lefthand": {
			"rotation": [-32.5, 127, 13.75],
			"translation": [0, 5.75, 0],
			"scale": [0.4, 0.4, 0.4]
		},
		"ground": {
			"translation": [0, 4, 0],
			"scale": [0.5, 0.5, 0.5]
		},
		"gui": {
			"rotation": [30, 225, 0],
			"translation": [0, 2.75, 0],
			"scale": [0.5, 0.5, 0.5]
		},
		"head": {
			"translation": [0, 8, 0],
			"scale": [0.95, 0.95, 0.95]
		},
		"fixed": {
			"rotation": [-69.75, 0, 0],
			"translation": [0, 0, -10]
		}
	},
	"groups": [
		{
			"name": "coolus",
			"origin": [8, 8, 8],
			"children": [0, 1, 2, 3]
		}
	]
}