{
	"textures": {
		"0": "helmets/italo_corinthian",
		"2": "helmets/cheekguard",
		"particle": "helmets/italo_corinthian"
	},
	"elements": [
		{
			"from": [0, -8, 0],
			"to": [16, 8, 16],
			"faces": {
				"north": {"uv": [4, 4, 8, 8], "texture": "#0"},
				"east": {"uv": [0, 4, 4, 8], "texture": "#0"},
				"south": {"uv": [12, 4, 16, 8], "texture": "#0"},
				"west": {"uv": [8, 4, 12, 8], "texture": "#0"},
				"up": {"uv": [4, 0, 8, 4], "texture": "#0"},
				"down": {"uv": [8, 0, 12, 4], "texture": "#0"}
			}
		},
		{
			"from": [12, 4, 0.25],
			"to": [4, -1, 0],
			"rotation": {"angle": 0, "axis": "y", "origin": [16, 13, 8.25]},
			"faces": {
				"north": {"uv": [15.5, 10.75, 15.625, 10.875], "texture": "#0"},
				"east": {"uv": [15.5, 10.75, 15.625, 10.875], "texture": "#0"},
				"west": {"uv": [15.5, 10.75, 15.625, 10.875], "texture": "#0"},
				"up": {"uv": [15.5, 10.75, 15.625, 10.875], "texture": "#0"},
				"down": {"uv": [15.5, 10.75, 15.625, 10.875], "texture": "#0"}
			}
		},
		{
			"from": [16, 8, 16],
			"to": [0, -8, 0],
			"rotation": {"angle": 0, "axis": "x", "origin": [8, 0, 8]},
			"faces": {
				"north": {"uv": [16, 4, 12, 8], "rotation": 180, "texture": "#0"},
				"east": {"uv": [0, 4, 4, 8], "rotation": 180, "texture": "#0"},
				"south": {"uv": [8, 4, 4, 8], "rotation": 180, "texture": "#0"},
				"west": {"uv": [8, 4, 12, 8], "rotation": 180, "texture": "#0"},
				"up": {"uv": [8, 0, 12, 4], "texture": "#0"},
				"down": {"uv": [4, 0, 8, 4], "texture": "#0"}
			}
		},
		{
			"from": [0.25, -9, 0.5],
			"to": [15.75, 7, 16],
			"rotation": {"angle": -22.5, "axis": "x", "origin": [8.01396, 0.00002, 7.98601]},
			"faces": {
				"north": {"uv": [4, 4, 8, 8], "texture": "#2"},
				"east": {"uv": [0, 4, 4, 8], "texture": "#2"},
				"south": {"uv": [12, 4, 16, 8], "texture": "#2"},
				"west": {"uv": [8, 4, 12, 8], "texture": "#2"},
				"up": {"uv": [4, 0, 8, 4], "texture": "#2"},
				"down": {"uv": [8, 0, 12, 4], "texture": "#2"}
			}
		},
		{
			"from": [15.75, 11.89081, 9.05979],
			"to": [0.25, -4.10919, -6.44021],
			"rotation": {"angle": -22.5, "axis": "x", "origin": [23.5, 19.89081, 16.80979]},
			"faces": {
				"north": {"uv": [12, 4, 16, 8], "rotation": 180, "texture": "#2"},
				"east": {"uv": [0, 4, 4, 8], "rotation": 180, "texture": "#2"},
				"south": {"uv": [4, 4, 8, 8], "rotation": 180, "texture": "#2"},
				"west": {"uv": [8, 4, 12, 8], "rotation": 180, "texture": "#2"},
				"up": {"uv": [8, 0, 12, 4], "texture": "#2"},
				"down": {"uv": [4, 0, 8, 4], "texture": "#2"}
			}
		},
		{
			"from": [0, -4.9, 14.625],
			"to": [16, -3.9, 17.125],
			"rotation": {"angle": -22.5, "axis": "x", "origin": [8.01396, 0.00002, 7.98601]},
			"faces": {
				"east": {"uv": [0.5, 6.25, 0, 6.5], "texture": "#0"},
				"south": {"uv": [16, 6.25, 12, 6.5], "texture": "#0"},
				"west": {"uv": [11.5, 6.25, 11, 6.5], "texture": "#0"},
				"up": {"uv": [16, 6, 12, 6.5], "texture": "#0"},
				"down": {"uv": [16, 6, 12, 6.5], "texture": "#0"}
			}
		}
	],
	"display": {
		"thirdperson_righthand": {
			"rotation": [45, 21.25, 0],
			"translation": [0.5, 3.25, -1.75],
			"scale": [0.5, 0.5, 0.5]
		},
		"thirdperson_lefthand": {
			"rotation": [45, 21.25, 0],
			"translation": [0.5, 3.25, -1.75],
			"scale": [0.5, 0.5, 0.5]
		},
		"firstperson_righthand": {
			"rotation": [-32.5, 127, 13.75],
			"translation": [0, 5.75, 0],
			"scale": [0.4, 0.4, 0.4]
		},
		"firstperson_lefthand": {
			"rotation": [-32.5, 127, 13.75],
			"translation": [0, 5.75, 0],
			"scale": [0.4, 0.4, 0.4]
		},
		"ground": {
			"rotation": [25, 0, 0],
			"translation": [0, 4, 0],
			"scale": [0.5, 0.5, 0.5]
		},
		"gui": {
			"rotation": [-12, 225, -23.75],
			"translation": [0, 2.75, 0],
			"scale": [0.5, 0.5, 0.5]
		},
		"head": {
			"rotation": [23, 0, 0],
			"translation": [0, 7.95, 2.75],
			"scale": [0.97266, 0.97266, 1.01953]
		},
		"fixed": {
			"rotation": [-69.75, 0, 0],
			"translation": [0, 0, -10]
		}
	}
}