{
	"credit": "Made with Blockbench",
	"textures": {
		"0": "helmets/italo_corinthian",
		"2": "helmets/cheekguard",
		"4": "helmets/crest_aquamarine",
		"particle": "helmets/italo_corinthian"
	},
	"elements": [
		{
			"from": [0, -8, 0],
			"to": [16, 8, 16],
			"faces": {
				"north": {"uv": [4, 4, 8, 8], "texture": "#0"},
				"east": {"uv": [0, 4, 4, 8], "texture": "#0"},
				"south": {"uv": [12, 4, 16, 8], "texture": "#0"},
				"west": {"uv": [8, 4, 12, 8], "texture": "#0"},
				"up": {"uv": [4, 0, 8, 4], "texture": "#0"},
				"down": {"uv": [8, 0, 12, 4], "texture": "#0"}
			}
		},
		{
			"from": [12, 4, 0.25],
			"to": [4, -1, 0],
			"rotation": {"angle": 0, "axis": "y", "origin": [16, 13, 8.25]},
			"faces": {
				"north": {"uv": [15.5, 10.75, 15.625, 10.875], "texture": "#0"},
				"east": {"uv": [15.5, 10.75, 15.625, 10.875], "texture": "#0"},
				"west": {"uv": [15.5, 10.75, 15.625, 10.875], "texture": "#0"},
				"up": {"uv": [15.5, 10.75, 15.625, 10.875], "texture": "#0"},
				"down": {"uv": [15.5, 10.75, 15.625, 10.875], "texture": "#0"}
			}
		},
		{
			"from": [16, 8, 16],
			"to": [0, -8, 0],
			"rotation": {"angle": 0, "axis": "x", "origin": [8, 0, 8]},
			"faces": {
				"north": {"uv": [16, 4, 12, 8], "rotation": 180, "texture": "#0"},
				"east": {"uv": [0, 4, 4, 8], "rotation": 180, "texture": "#0"},
				"south": {"uv": [8, 4, 4, 8], "rotation": 180, "texture": "#0"},
				"west": {"uv": [8, 4, 12, 8], "rotation": 180, "texture": "#0"},
				"up": {"uv": [8, 0, 12, 4], "texture": "#0"},
				"down": {"uv": [4, 0, 8, 4], "texture": "#0"}
			}
		},
		{
			"from": [0.25, -9, 0.5],
			"to": [15.75, 7, 16],
			"rotation": {"angle": -22.5, "axis": "x", "origin": [8.01396, 0.00002, 7.98601]},
			"faces": {
				"north": {"uv": [4, 4, 8, 8], "texture": "#2"},
				"east": {"uv": [0, 4, 4, 8], "texture": "#2"},
				"south": {"uv": [12, 4, 16, 8], "texture": "#2"},
				"west": {"uv": [8, 4, 12, 8], "texture": "#2"},
				"up": {"uv": [4, 0, 8, 4], "texture": "#2"},
				"down": {"uv": [8, 0, 12, 4], "texture": "#2"}
			}
		},
		{
			"from": [15.75, 11.89081, 9.05979],
			"to": [0.25, -4.10919, -6.44021],
			"rotation": {"angle": -22.5, "axis": "x", "origin": [23.5, 19.89081, 16.80979]},
			"faces": {
				"north": {"uv": [12, 4, 16, 8], "rotation": 180, "texture": "#2"},
				"east": {"uv": [0, 4, 4, 8], "rotation": 180, "texture": "#2"},
				"south": {"uv": [4, 4, 8, 8], "rotation": 180, "texture": "#2"},
				"west": {"uv": [8, 4, 12, 8], "rotation": 180, "texture": "#2"},
				"up": {"uv": [8, 0, 12, 4], "texture": "#2"},
				"down": {"uv": [4, 0, 8, 4], "texture": "#2"}
			}
		},
		{
			"from": [0, -4.9, 14.625],
			"to": [16, -3.9, 17.125],
			"rotation": {"angle": -22.5, "axis": "x", "origin": [8.01396, 0.00002, 7.98601]},
			"faces": {
				"east": {"uv": [0.5, 6.25, 0, 6.5], "texture": "#0"},
				"south": {"uv": [16, 6.25, 12, 6.5], "texture": "#0"},
				"west": {"uv": [11.5, 6.25, 11, 6.5], "texture": "#0"},
				"up": {"uv": [16, 6, 12, 6.5], "texture": "#0"},
				"down": {"uv": [16, 6, 12, 6.5], "texture": "#0"}
			}
		},
		{
			"from": [0, 8, 8],
			"to": [4, 20, 8.025],
			"rotation": {"angle": 22.5, "axis": "y", "origin": [2.98954, 13.99124, 8.0192]},
			"faces": {
				"north": {"uv": [16, 0, 13.5, 8], "texture": "#4"},
				"south": {"uv": [13.5, 0, 16, 8], "texture": "#4"}
			}
		},
		{
			"from": [12, 8, 8],
			"to": [16, 20, 8.05],
			"rotation": {"angle": -22.5, "axis": "y", "origin": [12.98952, 14.00872, 8.00178]},
			"faces": {
				"north": {"uv": [13.5, 0, 16, 8], "texture": "#4"},
				"south": {"uv": [16, 0, 13.5, 8], "texture": "#4"}
			}
		},
		{
			"name": "crest_red_5",
			"from": [7.217, 11.5, 7.71],
			"to": [8.567, 20.5, 9.71],
			"rotation": {"angle": 0, "axis": "y", "origin": [7.892, 12.98, 7.25]},
			"faces": {
				"north": {"uv": [5.75, 9, 6, 13.5], "texture": "#4"},
				"east": {"uv": [5, 9, 6, 13.5], "texture": "#4"},
				"south": {"uv": [5, 9, 5.25, 13.5], "texture": "#4"},
				"west": {"uv": [5, 13.5, 6, 9], "rotation": 180, "texture": "#4"},
				"up": {"uv": [6, 9, 5, 9.25], "rotation": 90, "texture": "#4"},
				"down": {"uv": [5, 13.25, 6, 13.5], "rotation": 90, "texture": "#4"}
			}
		},
		{
			"name": "crest_red_6",
			"from": [7.217, 11.5, 3.71],
			"to": [8.567, 20.5, 6.71],
			"rotation": {"angle": 0, "axis": "y", "origin": [7.892, 12.98, 7.25]},
			"faces": {
				"north": {"uv": [7.75, 9, 8, 13.5], "texture": "#4"},
				"east": {"uv": [6.5, 9, 8, 13.5], "texture": "#4"},
				"south": {"uv": [6.5, 9, 6.75, 13.5], "texture": "#4"},
				"west": {"uv": [6.5, 13.5, 8, 9], "rotation": 180, "texture": "#4"},
				"up": {"uv": [8, 9, 6.5, 9.25], "rotation": 90, "texture": "#4"},
				"down": {"uv": [6.5, 13.25, 8, 13.5], "rotation": 90, "texture": "#4"}
			}
		},
		{
			"name": "crest_red_7",
			"from": [7.217, 10.5, 1.71],
			"to": [8.567, 20.5, 2.71],
			"rotation": {"angle": 0, "axis": "y", "origin": [7.892, 12.98, 7.25]},
			"faces": {
				"north": {"uv": [8.75, 9, 9, 14], "texture": "#4"},
				"east": {"uv": [8.5, 9, 9, 14], "texture": "#4"},
				"south": {"uv": [8.5, 9, 8.75, 14], "texture": "#4"},
				"west": {"uv": [8.5, 14, 9, 9], "rotation": 180, "texture": "#4"},
				"up": {"uv": [9, 9, 8.5, 9.25], "rotation": 90, "texture": "#4"},
				"down": {"uv": [8.5, 13.75, 9, 14], "rotation": 90, "texture": "#4"}
			}
		},
		{
			"name": "crest_red_8",
			"from": [7.217, 10.5, 9.71],
			"to": [8.567, 19.5, 10.71],
			"rotation": {"angle": 0, "axis": "y", "origin": [7.892, 12.98, 7.25]},
			"faces": {
				"north": {"uv": [4.75, 9.5, 5, 14], "texture": "#4"},
				"east": {"uv": [4.5, 9.5, 5, 14], "texture": "#4"},
				"south": {"uv": [4.5, 9.5, 4.75, 14], "texture": "#4"},
				"west": {"uv": [4.5, 14, 5, 9.5], "rotation": 180, "texture": "#4"},
				"up": {"uv": [5, 9.5, 4.5, 9.75], "rotation": 90, "texture": "#4"},
				"down": {"uv": [4.5, 13.75, 5, 14], "rotation": 90, "texture": "#4"}
			}
		},
		{
			"name": "crest_red_9",
			"from": [7.217, 11.5, 6.71],
			"to": [8.567, 19.5, 7.71],
			"rotation": {"angle": 0, "axis": "y", "origin": [7.892, 12.98, 7.25]},
			"faces": {
				"north": {"uv": [6.25, 9.5, 6.5, 13.5], "texture": "#4"},
				"east": {"uv": [6, 9.5, 6.5, 13.5], "texture": "#4"},
				"south": {"uv": [6, 9.5, 6.25, 13.5], "texture": "#4"},
				"west": {"uv": [6, 13.5, 6.5, 9.5], "rotation": 180, "texture": "#4"},
				"up": {"uv": [6.5, 9.5, 6, 9.75], "rotation": 90, "texture": "#4"},
				"down": {"uv": [6, 13.25, 6.5, 13.5], "rotation": 90, "texture": "#4"}
			}
		},
		{
			"name": "crest_red_10",
			"from": [7.217, 11.5, 2.71],
			"to": [8.567, 19.5, 3.71],
			"rotation": {"angle": 0, "axis": "y", "origin": [7.892, 13.98, 7.25]},
			"faces": {
				"north": {"uv": [8.25, 9.5, 8.5, 13.5], "texture": "#4"},
				"east": {"uv": [8, 9.5, 8.5, 13.5], "texture": "#4"},
				"south": {"uv": [8, 9.5, 8.25, 13.5], "texture": "#4"},
				"west": {"uv": [8, 13.5, 8.5, 9.5], "rotation": 180, "texture": "#4"},
				"up": {"uv": [8.5, 9.5, 8, 9.75], "rotation": 90, "texture": "#4"},
				"down": {"uv": [8, 13.25, 8.5, 13.5], "rotation": 90, "texture": "#4"}
			}
		},
		{
			"name": "crest_red_11",
			"from": [7.217, 10.5, -0.29],
			"to": [8.567, 19.5, 1.71],
			"rotation": {"angle": 0, "axis": "y", "origin": [7.892, 12.98, 7.25]},
			"faces": {
				"north": {"uv": [9.75, 9.5, 10, 14], "texture": "#4"},
				"east": {"uv": [9, 9.5, 10, 14], "texture": "#4"},
				"south": {"uv": [9, 9.5, 9.25, 14], "texture": "#4"},
				"west": {"uv": [9, 14, 10, 9.5], "rotation": 180, "texture": "#4"},
				"up": {"uv": [10, 9.5, 9, 9.75], "rotation": 90, "texture": "#4"},
				"down": {"uv": [9, 13.75, 10, 14], "rotation": 90, "texture": "#4"}
			}
		},
		{
			"name": "crest_red_12",
			"from": [7.217, 18.5, -1.29],
			"to": [8.567, 19.5, -0.29],
			"rotation": {"angle": 0, "axis": "y", "origin": [7.892, 12.98, 7.25]},
			"faces": {
				"north": {"uv": [10.25, 9.5, 10.5, 10], "texture": "#4"},
				"east": {"uv": [10, 9.5, 10.5, 10], "texture": "#4"},
				"south": {"uv": [10, 9.5, 10.25, 10], "texture": "#4"},
				"west": {"uv": [10, 10, 10.5, 9.5], "rotation": 180, "texture": "#4"},
				"up": {"uv": [10.5, 9.5, 10, 9.75], "rotation": 90, "texture": "#4"},
				"down": {"uv": [10, 9.75, 10.5, 10], "rotation": 90, "texture": "#4"}
			}
		},
		{
			"name": "crest_red_13",
			"from": [7.217, 9.5, 10.71],
			"to": [8.567, 18.5, 13.71],
			"rotation": {"angle": 0, "axis": "y", "origin": [7.892, 12.98, 7.25]},
			"faces": {
				"north": {"uv": [4.25, 10, 4.5, 14.5], "texture": "#4"},
				"east": {"uv": [3, 10, 4.5, 14.5], "texture": "#4"},
				"south": {"uv": [3, 10, 3.25, 14.5], "texture": "#4"},
				"west": {"uv": [3, 14.5, 4.5, 10], "rotation": 180, "texture": "#4"},
				"up": {"uv": [4.5, 10, 3, 10.25], "rotation": 90, "texture": "#4"},
				"down": {"uv": [3, 14.25, 4.5, 14.5], "rotation": 90, "texture": "#4"}
			}
		},
		{
			"name": "crest_red_14",
			"from": [7.217, 8.5, -2.29],
			"to": [8.567, 18.5, -1.29],
			"rotation": {"angle": 0, "axis": "y", "origin": [7.892, 12.98, 7.25]},
			"faces": {
				"north": {"uv": [10.75, 10, 11, 15], "texture": "#4"},
				"east": {"uv": [10.5, 10, 11, 15], "texture": "#4"},
				"south": {"uv": [10.5, 10, 10.75, 15], "texture": "#4"},
				"west": {"uv": [10.5, 15, 11, 10], "rotation": 180, "texture": "#4"},
				"up": {"uv": [11, 10, 10.5, 10.25], "rotation": 90, "texture": "#4"},
				"down": {"uv": [10.5, 14.75, 11, 15], "rotation": 90, "texture": "#4"}
			}
		},
		{
			"name": "crest_red_15",
			"from": [7.217, 8.5, 13.71],
			"to": [8.567, 17.5, 15.71],
			"rotation": {"angle": 0, "axis": "y", "origin": [7.892, 12.98, 7.25]},
			"faces": {
				"north": {"uv": [2.75, 10.5, 3, 15], "texture": "#4"},
				"east": {"uv": [2, 10.5, 3, 15], "texture": "#4"},
				"south": {"uv": [2, 10.5, 2.25, 15], "texture": "#4"},
				"west": {"uv": [2, 15, 3, 10.5], "rotation": 180, "texture": "#4"},
				"up": {"uv": [3, 10.5, 2, 10.75], "rotation": 90, "texture": "#4"},
				"down": {"uv": [2, 14.75, 3, 15], "rotation": 90, "texture": "#4"}
			}
		},
		{
			"name": "crest_red_16",
			"from": [7.217, 8.5, -1.29],
			"to": [8.567, 17.5, -0.29],
			"rotation": {"angle": 0, "axis": "y", "origin": [7.892, 12.98, 7.25]},
			"faces": {
				"north": {"uv": [10.25, 10.5, 10.5, 15], "texture": "#4"},
				"east": {"uv": [10, 10.5, 10.5, 15], "texture": "#4"},
				"south": {"uv": [10, 10.5, 10.25, 15], "texture": "#4"},
				"west": {"uv": [10, 15, 10.5, 10.5], "rotation": 180, "texture": "#4"},
				"up": {"uv": [10.5, 10.5, 10, 10.75], "rotation": 90, "texture": "#4"},
				"down": {"uv": [10, 14.75, 10.5, 15], "rotation": 90, "texture": "#4"}
			}
		},
		{
			"name": "crest_red_17",
			"from": [7.217, 8.5, -4.29],
			"to": [8.567, 17.5, -2.29],
			"rotation": {"angle": 0, "axis": "y", "origin": [7.892, 12.98, 7.25]},
			"faces": {
				"north": {"uv": [11.75, 10.5, 12, 15], "texture": "#4"},
				"east": {"uv": [11, 10.5, 12, 15], "texture": "#4"},
				"south": {"uv": [11, 10.5, 11.25, 15], "texture": "#4"},
				"west": {"uv": [11, 15, 12, 10.5], "rotation": 180, "texture": "#4"},
				"up": {"uv": [12, 10.5, 11, 10.75], "rotation": 90, "texture": "#4"},
				"down": {"uv": [11, 14.75, 12, 15], "rotation": 90, "texture": "#4"}
			}
		},
		{
			"name": "crest_red_18",
			"from": [7.217, 8.5, 15.71],
			"to": [8.567, 16.5, 16.71],
			"rotation": {"angle": 0, "axis": "y", "origin": [7.892, 12.98, 7.25]},
			"faces": {
				"north": {"uv": [1.75, 11, 2, 15], "texture": "#4"},
				"east": {"uv": [1.5, 11, 2, 15], "texture": "#4"},
				"south": {"uv": [1.5, 11, 1.75, 15], "texture": "#4"},
				"west": {"uv": [1.5, 15, 2, 11], "rotation": 180, "texture": "#4"},
				"up": {"uv": [2, 11, 1.5, 11.25], "rotation": 90, "texture": "#4"},
				"down": {"uv": [1.5, 14.75, 2, 15], "rotation": 90, "texture": "#4"}
			}
		},
		{
			"name": "crest_red_19",
			"from": [7.217, 8.5, -5.29],
			"to": [8.567, 16.5, -4.29],
			"rotation": {"angle": 0, "axis": "y", "origin": [7.892, 12.98, 7.25]},
			"faces": {
				"north": {"uv": [12.25, 11, 12.5, 15], "texture": "#4"},
				"east": {"uv": [12, 11, 12.5, 15], "texture": "#4"},
				"south": {"uv": [12, 11, 12.25, 15], "texture": "#4"},
				"west": {"uv": [12, 15, 12.5, 11], "rotation": 180, "texture": "#4"},
				"up": {"uv": [12.5, 11, 12, 11.25], "rotation": 90, "texture": "#4"},
				"down": {"uv": [12, 14.75, 12.5, 15], "rotation": 90, "texture": "#4"}
			}
		},
		{
			"name": "crest_red_20",
			"from": [7.217, 9.5, 16.71],
			"to": [8.567, 14.5, 17.71],
			"rotation": {"angle": 0, "axis": "y", "origin": [7.892, 12.98, 7.25]},
			"faces": {
				"north": {"uv": [1.25, 12, 1.5, 14.5], "texture": "#4"},
				"east": {"uv": [1, 12, 1.5, 14.5], "texture": "#4"},
				"south": {"uv": [1, 12, 1.25, 14.5], "texture": "#4"},
				"west": {"uv": [1, 14.5, 1.5, 12], "rotation": 180, "texture": "#4"},
				"up": {"uv": [1.5, 12, 1, 12.25], "rotation": 90, "texture": "#4"},
				"down": {"uv": [1, 14.25, 1.5, 14.5], "rotation": 90, "texture": "#4"}
			}
		},
		{
			"name": "crest_red_21",
			"from": [7.217, 9.5, -6.29],
			"to": [8.567, 14.5, -5.29],
			"rotation": {"angle": 0, "axis": "y", "origin": [7.892, 12.98, 7.25]},
			"faces": {
				"north": {"uv": [12.75, 12, 13, 14.5], "texture": "#4"},
				"east": {"uv": [12.5, 12, 13, 14.5], "texture": "#4"},
				"south": {"uv": [12.5, 12, 12.75, 14.5], "texture": "#4"},
				"west": {"uv": [12.5, 14.5, 13, 12], "rotation": 180, "texture": "#4"},
				"up": {"uv": [13, 12, 12.5, 12.25], "rotation": 90, "texture": "#4"},
				"down": {"uv": [12.5, 14.25, 13, 14.5], "rotation": 90, "texture": "#4"}
			}
		},
		{
			"name": "crest_red_22",
			"from": [7.217, 8.5, 17.71],
			"to": [8.567, 13.5, 18.71],
			"rotation": {"angle": 0, "axis": "y", "origin": [7.892, 12.98, 7.25]},
			"faces": {
				"north": {"uv": [0.75, 12.5, 1, 15], "texture": "#4"},
				"east": {"uv": [0.5, 12.5, 1, 15], "texture": "#4"},
				"south": {"uv": [0.5, 12.5, 0.75, 15], "texture": "#4"},
				"west": {"uv": [0.5, 15, 1, 12.5], "rotation": 180, "texture": "#4"},
				"up": {"uv": [1, 12.5, 0.5, 12.75], "rotation": 90, "texture": "#4"},
				"down": {"uv": [0.5, 14.75, 1, 15], "rotation": 90, "texture": "#4"}
			}
		},
		{
			"name": "crest_red_23",
			"from": [7.217, 8.5, -7.29],
			"to": [8.567, 13.5, -6.29],
			"rotation": {"angle": 0, "axis": "y", "origin": [7.892, 12.98, 7.25]},
			"faces": {
				"north": {"uv": [13.25, 12.5, 13.5, 15], "texture": "#4"},
				"east": {"uv": [13, 12.5, 13.5, 15], "texture": "#4"},
				"south": {"uv": [13, 12.5, 13.25, 15], "texture": "#4"},
				"west": {"uv": [13, 15, 13.5, 12.5], "rotation": 180, "texture": "#4"},
				"up": {"uv": [13.5, 12.5, 13, 12.75], "rotation": 90, "texture": "#4"},
				"down": {"uv": [13, 14.75, 13.5, 15], "rotation": 90, "texture": "#4"}
			}
		},
		{
			"name": "crest_red_24",
			"from": [7.217, 9.5, 18.71],
			"to": [8.567, 11.5, 19.71],
			"rotation": {"angle": 0, "axis": "y", "origin": [7.892, 12.98, 7.25]},
			"faces": {
				"north": {"uv": [0.25, 13.5, 0.5, 14.5], "texture": "#4"},
				"east": {"uv": [0, 13.5, 0.5, 14.5], "texture": "#4"},
				"south": {"uv": [0, 13.5, 0.25, 14.5], "texture": "#4"},
				"west": {"uv": [0, 14.5, 0.5, 13.5], "rotation": 180, "texture": "#4"},
				"up": {"uv": [0.5, 13.5, 0, 13.75], "rotation": 90, "texture": "#4"},
				"down": {"uv": [0, 14.25, 0.5, 14.5], "rotation": 90, "texture": "#4"}
			}
		},
		{
			"name": "crest_red_25",
			"from": [7.217, 10.5, 8.71],
			"to": [8.567, 11.5, 9.71],
			"rotation": {"angle": 0, "axis": "y", "origin": [7.892, 12.98, 7.25]},
			"faces": {
				"north": {"uv": [5.25, 13.5, 5.5, 14], "texture": "#4"},
				"east": {"uv": [5, 13.5, 5.5, 14], "texture": "#4"},
				"south": {"uv": [5, 13.5, 5.25, 14], "texture": "#4"},
				"west": {"uv": [5, 14, 5.5, 13.5], "rotation": 180, "texture": "#4"},
				"up": {"uv": [5.5, 13.5, 5, 13.75], "rotation": 90, "texture": "#4"},
				"down": {"uv": [5, 13.75, 5.5, 14], "rotation": 90, "texture": "#4"}
			}
		},
		{
			"name": "crest_red_26",
			"from": [7.317, 8.5, -0.29],
			"to": [8.467, 13.5, 1.71],
			"rotation": {"angle": -22.5, "axis": "x", "origin": [7.892, 12.98, 7.25]},
			"faces": {
				"north": {"uv": [7.25, 13.5, 7.5, 16], "texture": "#4"},
				"east": {"uv": [6.5, 13.5, 7.5, 16], "texture": "#4"},
				"south": {"uv": [6.5, 13.5, 6.75, 16], "texture": "#4"},
				"west": {"uv": [6.5, 16, 7.5, 13.5], "rotation": 180, "texture": "#4"},
				"up": {"uv": [7.5, 13.5, 6.5, 13.75], "rotation": 90, "texture": "#4"},
				"down": {"uv": [6.5, 15.75, 7.5, 16], "rotation": 90, "texture": "#4"}
			}
		},
		{
			"name": "crest_red_27",
			"from": [7.317, 6.5, 8.71],
			"to": [8.467, 10.5, 10.71],
			"rotation": {"angle": 0, "axis": "x", "origin": [7.892, 12.98, 7.25]},
			"faces": {
				"north": {"uv": [7.25, 13.5, 7.5, 16], "texture": "#4"},
				"east": {"uv": [6.5, 13.5, 7.5, 16], "texture": "#4"},
				"south": {"uv": [6.5, 13.5, 6.75, 16], "texture": "#4"},
				"west": {"uv": [6.5, 16, 7.5, 13.5], "rotation": 180, "texture": "#4"},
				"up": {"uv": [7.5, 13.5, 6.5, 13.75], "rotation": 90, "texture": "#4"},
				"down": {"uv": [6.5, 15.75, 7.5, 16], "rotation": 90, "texture": "#4"}
			}
		},
		{
			"name": "crest_red_27",
			"from": [7.217, 9.5, -0.29],
			"to": [8.567, 10.5, 0.71],
			"rotation": {"angle": 0, "axis": "y", "origin": [7.892, 12.98, 7.25]},
			"faces": {
				"north": {"uv": [9.75, 14, 10, 14.5], "texture": "#4"},
				"east": {"uv": [9.5, 14, 10, 14.5], "texture": "#4"},
				"south": {"uv": [9.5, 14, 9.75, 14.5], "texture": "#4"},
				"west": {"uv": [9.5, 14.5, 10, 14], "rotation": 180, "texture": "#4"},
				"up": {"uv": [10, 14, 9.5, 14.25], "rotation": 90, "texture": "#4"},
				"down": {"uv": [9.5, 14.25, 10, 14.5], "rotation": 90, "texture": "#4"}
			}
		},
		{
			"name": "crest_red_28",
			"from": [7.217, 9.5, -8.29],
			"to": [8.567, 10.5, -7.29],
			"rotation": {"angle": 0, "axis": "y", "origin": [7.892, 12.98, 7.25]},
			"faces": {
				"north": {"uv": [13.75, 14, 14, 14.5], "texture": "#4"},
				"east": {"uv": [13.5, 14, 14, 14.5], "texture": "#4"},
				"south": {"uv": [13.5, 14, 13.75, 14.5], "texture": "#4"},
				"west": {"uv": [13.5, 14.5, 14, 14], "rotation": 180, "texture": "#4"},
				"up": {"uv": [14, 14, 13.5, 14.25], "rotation": 90, "texture": "#4"},
				"down": {"uv": [13.5, 14.25, 14, 14.5], "rotation": 90, "texture": "#4"}
			}
		},
		{
			"name": "crest_red_29",
			"from": [7.217, 8.5, 11.71],
			"to": [8.567, 9.5, 13.71],
			"rotation": {"angle": 0, "axis": "y", "origin": [7.892, 12.98, 7.25]},
			"faces": {
				"north": {"uv": [3.75, 14.5, 4, 15], "texture": "#4"},
				"east": {"uv": [3, 14.5, 4, 15], "texture": "#4"},
				"south": {"uv": [3, 14.5, 3.25, 15], "texture": "#4"},
				"west": {"uv": [3, 15, 4, 14.5], "rotation": 180, "texture": "#4"},
				"up": {"uv": [4, 14.5, 3, 14.75], "rotation": 90, "texture": "#4"},
				"down": {"uv": [3, 14.75, 4, 15], "rotation": 90, "texture": "#4"}
			}
		}
	],
	"display": {
		"thirdperson_righthand": {
			"rotation": [45, 21.25, 0],
			"translation": [0.5, 3.25, -1.75],
			"scale": [0.5, 0.5, 0.5]
		},
		"thirdperson_lefthand": {
			"rotation": [45, 21.25, 0],
			"translation": [0.5, 3.25, -1.75],
			"scale": [0.5, 0.5, 0.5]
		},
		"firstperson_righthand": {
			"rotation": [-32.5, 127, 13.75],
			"translation": [0, 5.75, 0],
			"scale": [0.4, 0.4, 0.4]
		},
		"firstperson_lefthand": {
			"rotation": [-32.5, 127, 13.75],
			"translation": [0, 5.75, 0],
			"scale": [0.4, 0.4, 0.4]
		},
		"ground": {
			"rotation": [25, 0, 0],
			"translation": [0, 4, 0],
			"scale": [0.5, 0.5, 0.5]
		},
		"gui": {
			"rotation": [-12, 225, -23.75],
			"translation": [0, 2.75, 0],
			"scale": [0.5, 0.5, 0.5]
		},
		"head": {
			"rotation": [23, 0, 0],
			"translation": [0, 7.95, 2.75],
			"scale": [0.97266, 0.97266, 1.01953]
		},
		"fixed": {
			"rotation": [-69.75, 0, 0],
			"translation": [0, 0, -10]
		}
	},
	"groups": [
		0,
		1,
		2,
		3,
		4,
		5,
		{
			"name": "crest",
			"origin": [8, 8, 8],
			"color": 0,
			"nbt": "{}",
			"children": [
				6,
				7,
				{
					"name": "crest_red",
					"origin": [8, 8, 8],
					"color": 0,
					"nbt": "{}",
					"children": [8, 9, 10, 11, 12, 13, 14, 15, 16, 17, 18, 19, 20, 21, 22, 23, 24, 25, 26, 27, 28, 29, 30, 31, 32, 33]
				}
			]
		}
	]
}