{
	"textures": {
		"0": "helmets/coolus",
		"1": "helmets/feathers",
		"2": "helmets/cheekguard",
		"particle": "helmets/italo_corinthian",
		"1_0": "helmets/italo_corinthian"
	},
	"elements": [
		{
			"from": [6, 9.925, 7.25],
			"to": [10, 11.175, 8.75],
			"rotation": {"angle": 0, "axis": "y", "origin": [8, 1.425, 8]},
			"faces": {
				"north": {"uv": [4, 0, 4.5, 0.5], "texture": "#0"},
				"east": {"uv": [4, 0, 4.5, 0.5], "texture": "#0"},
				"south": {"uv": [4, 0, 4.5, 0.5], "texture": "#0"},
				"west": {"uv": [4, 0, 4.5, 0.5], "texture": "#0"},
				"up": {"uv": [4, 0, 4.5, 0.5], "texture": "#0"},
				"down": {"uv": [4, 0, 4.5, 0.5], "texture": "#0"}
			}
		},
		{
			"from": [7.5, 8.425, 7.5],
			"to": [8.5, 10.925, 8.5],
			"rotation": {"angle": 0, "axis": "y", "origin": [8, 1.425, 8]},
			"faces": {
				"north": {"uv": [4, 0, 4.5, 0.5], "texture": "#0"},
				"east": {"uv": [4, 0, 4.5, 0.5], "texture": "#0"},
				"south": {"uv": [4, 0, 4.5, 0.5], "texture": "#0"},
				"west": {"uv": [4, 0, 4.5, 0.5], "texture": "#0"},
				"up": {"uv": [4, 0, 4.5, 0.5], "texture": "#0"},
				"down": {"uv": [4, 0, 4.5, 0.5], "texture": "#0"}
			}
		},
		{
			"from": [6.5, 11.125, 8],
			"to": [9.5, 27.625, 8.025],
			"rotation": {"angle": 0, "axis": "x", "origin": [8, 11.175, 8.0125]},
			"faces": {
				"north": {"uv": [1.75, 7.5, 3.25, 15.75], "texture": "#1"},
				"south": {"uv": [3.25, 7.5, 1.75, 15.75], "texture": "#1"}
			}
		},
		{
			"from": [6.5, 11.125, 8.075],
			"to": [9.5, 27.625, 8.1],
			"rotation": {"angle": -22.5, "axis": "z", "origin": [8, 11.175, 8.0875]},
			"faces": {
				"north": {"uv": [1.75, 7.5, 3.25, 15.75], "texture": "#1"},
				"south": {"uv": [3.25, 7.5, 1.75, 15.75], "texture": "#1"}
			}
		},
		{
			"from": [6.5, 11.125, 8.075],
			"to": [9.5, 27.625, 8.1],
			"rotation": {"angle": 22.5, "axis": "z", "origin": [8, 11.175, 8.0875]},
			"faces": {
				"north": {"uv": [3.25, 7.5, 1.75, 15.75], "texture": "#1"},
				"south": {"uv": [1.75, 7.5, 3.25, 15.75], "texture": "#1"}
			}
		},
		{
			"from": [6.5, 11.125, 8],
			"to": [9.5, 27.625, 8.025],
			"rotation": {"angle": -45, "axis": "z", "origin": [8, 11.175, 8.0125]},
			"faces": {
				"north": {"uv": [1.75, 7.5, 3.25, 15.75], "texture": "#1"},
				"south": {"uv": [3.25, 7.5, 1.75, 15.75], "texture": "#1"}
			}
		},
		{
			"from": [6.5, 11.125, 8],
			"to": [9.5, 27.625, 8.025],
			"rotation": {"angle": 45, "axis": "z", "origin": [8, 11.175, 8.0125]},
			"faces": {
				"north": {"uv": [3.25, 7.5, 1.75, 15.75], "texture": "#1"},
				"south": {"uv": [1.75, 7.5, 3.25, 15.75], "texture": "#1"}
			}
		},
		{
			"from": [7.95, 9.675, 8.075],
			"to": [24.45, 12.675, 8.1],
			"rotation": {"angle": 22.5, "axis": "z", "origin": [8, 11.175, 8.0875]},
			"faces": {
				"north": {"uv": [1.75, 7.5, 3.25, 15.75], "rotation": 270, "texture": "#1"},
				"south": {"uv": [3.25, 7.5, 1.75, 15.75], "rotation": 90, "texture": "#1"}
			}
		},
		{
			"from": [-8.45, 9.675, 8.075],
			"to": [8.05, 12.675, 8.1],
			"rotation": {"angle": -22.5, "axis": "z", "origin": [8, 11.175, 8.0875]},
			"faces": {
				"north": {"uv": [1.75, 15.75, 3.25, 7.5], "rotation": 270, "texture": "#1"},
				"south": {"uv": [3.25, 15.75, 1.75, 7.5], "rotation": 90, "texture": "#1"}
			}
		},
		{
			"from": [7.95, 9.675, 8],
			"to": [24.45, 12.675, 8.025],
			"rotation": {"angle": 0, "axis": "z", "origin": [8, 11.175, 8.0125]},
			"faces": {
				"north": {"uv": [1.75, 7.5, 3.25, 15.75], "rotation": 270, "texture": "#1"},
				"south": {"uv": [3.25, 7.5, 1.75, 15.75], "rotation": 90, "texture": "#1"}
			}
		},
		{
			"from": [-8.45, 9.675, 8],
			"to": [8.05, 12.675, 8.025],
			"rotation": {"angle": 0, "axis": "z", "origin": [8, 11.175, 8.0125]},
			"faces": {
				"north": {"uv": [1.75, 15.75, 3.25, 7.5], "rotation": 270, "texture": "#1"},
				"south": {"uv": [3.25, 15.75, 1.75, 7.5], "rotation": 90, "texture": "#1"}
			}
		},
		{
			"from": [0, -8, 0],
			"to": [16, 8, 16],
			"rotation": {"angle": 22.5, "axis": "x", "origin": [8, -0.19863, 8.38475]},
			"faces": {
				"north": {"uv": [4, 4, 8, 8], "texture": "#1_0"},
				"east": {"uv": [0, 4, 4, 8], "texture": "#1_0"},
				"south": {"uv": [12, 4, 16, 8], "texture": "#1_0"},
				"west": {"uv": [8, 4, 12, 8], "texture": "#1_0"},
				"up": {"uv": [4, 0, 8, 4], "texture": "#1_0"},
				"down": {"uv": [8, 0, 12, 4], "texture": "#1_0"}
			}
		},
		{
			"from": [12, 4, 0.25],
			"to": [4, -1, 0],
			"rotation": {"angle": 22.5, "axis": "x", "origin": [8, -0.19863, 8.38475]},
			"faces": {
				"north": {"uv": [15.5, 10.75, 15.625, 10.875], "texture": "#1_0"},
				"east": {"uv": [15.5, 10.75, 15.625, 10.875], "texture": "#1_0"},
				"west": {"uv": [15.5, 10.75, 15.625, 10.875], "texture": "#1_0"},
				"up": {"uv": [15.5, 10.75, 15.625, 10.875], "texture": "#1_0"},
				"down": {"uv": [15.5, 10.75, 15.625, 10.875], "texture": "#1_0"}
			}
		},
		{
			"from": [16, 8, 16],
			"to": [0, -8, 0],
			"rotation": {"angle": 22.5, "axis": "x", "origin": [8, -0.19863, 8.38475]},
			"faces": {
				"north": {"uv": [16, 4, 12, 8], "rotation": 180, "texture": "#1_0"},
				"east": {"uv": [0, 4, 4, 8], "rotation": 180, "texture": "#1_0"},
				"south": {"uv": [8, 4, 4, 8], "rotation": 180, "texture": "#1_0"},
				"west": {"uv": [8, 4, 12, 8], "rotation": 180, "texture": "#1_0"},
				"up": {"uv": [8, 0, 12, 4], "texture": "#1_0"},
				"down": {"uv": [4, 0, 8, 4], "texture": "#1_0"}
			}
		},
		{
			"from": [0.25, -8.86253, 0.60637],
			"to": [15.75, 7.13747, 16.10637],
			"rotation": {"angle": 0, "axis": "x", "origin": [8, -0.19863, 8.38475]},
			"faces": {
				"north": {"uv": [4, 4, 8, 8], "texture": "#2"},
				"east": {"uv": [0, 4, 4, 8], "texture": "#2"},
				"south": {"uv": [12, 4, 16, 8], "texture": "#2"},
				"west": {"uv": [8, 4, 12, 8], "texture": "#2"},
				"up": {"uv": [4, 0, 8, 4], "texture": "#2"},
				"down": {"uv": [8, 0, 12, 4], "texture": "#2"}
			}
		},
		{
			"from": [15.75, 7.13747, 16.10637],
			"to": [0.25, -8.86253, 0.60637],
			"rotation": {"angle": 0, "axis": "x", "origin": [8, -0.19863, 8.38475]},
			"faces": {
				"north": {"uv": [12, 4, 16, 8], "rotation": 180, "texture": "#2"},
				"east": {"uv": [0, 4, 4, 8], "rotation": 180, "texture": "#2"},
				"south": {"uv": [4, 4, 8, 8], "rotation": 180, "texture": "#2"},
				"west": {"uv": [8, 4, 12, 8], "rotation": 180, "texture": "#2"},
				"up": {"uv": [8, 0, 12, 4], "texture": "#2"},
				"down": {"uv": [4, 0, 8, 4], "texture": "#2"}
			}
		},
		{
			"from": [0, -4.76253, 14.73137],
			"to": [16, -3.76253, 17.23137],
			"rotation": {"angle": 0, "axis": "x", "origin": [8, -0.19863, 8.38475]},
			"faces": {
				"east": {"uv": [0.5, 6.25, 0, 6.5], "texture": "#1_0"},
				"south": {"uv": [16, 6.25, 12, 6.5], "texture": "#1_0"},
				"west": {"uv": [11.5, 6.25, 11, 6.5], "texture": "#1_0"},
				"up": {"uv": [16, 6, 12, 6.5], "texture": "#1_0"},
				"down": {"uv": [16, 6, 12, 6.5], "texture": "#1_0"}
			}
		}
	],
	"display": {
		"thirdperson_righthand": {
			"rotation": [45, 21.25, 0],
			"translation": [0.5, 3.25, -1.75],
			"scale": [0.5, 0.5, 0.5]
		},
		"thirdperson_lefthand": {
			"rotation": [45, 21.25, 0],
			"translation": [0.5, 3.25, -1.75],
			"scale": [0.5, 0.5, 0.5]
		},
		"firstperson_righthand": {
			"rotation": [-32.5, 127, 13.75],
			"translation": [0, 5.75, 0],
			"scale": [0.4, 0.4, 0.4]
		},
		"firstperson_lefthand": {
			"rotation": [-32.5, 127, 13.75],
			"translation": [0, 5.75, 0],
			"scale": [0.4, 0.4, 0.4]
		},
		"ground": {
			"rotation": [25, 0, 0],
			"translation": [0, 4, 0],
			"scale": [0.5, 0.5, 0.5]
		},
		"gui": {
			"rotation": [-12, 225, -23.75],
			"translation": [0, 2.75, 0],
			"scale": [0.5, 0.5, 0.5]
		},
		"head": {
			"translation": [0, 8.45, -0.5],
			"scale": [0.97266, 0.97266, 1.01953]
		},
		"fixed": {
			"rotation": [-69.75, 0, 0],
			"translation": [0, 0, -10]
		}
	},
	"groups": [
		{
			"name": "coolus",
			"origin": [8, 8, 8],
			"children": [0, 1]
		},
		{
			"name": "feathers",
			"origin": [8, 8, 8],
			"children": [
				{
					"name": "feathers",
					"origin": [8, 8, 8],
					"children": [2, 3, 4, 5, 6, 7, 8, 9, 10]
				}
			]
		},
		{
			"name": "italo_corinthian",
			"origin": [8, 8, 8],
			"children": [11, 12, 13, 14, 15, 16]
		}
	]
}