{
	"textures": {
		"1": "helmets/pelt",
		"particle": "helmets/pelt"
	},
	"elements": [
		{
			"from": [-0.5, -7.5, -0.5],
			"to": [16.5, 9.5, 16.5],
			"rotation": {"angle": 0, "axis": "y", "origin": [7.5, 11, 7.5]},
			"faces": {
				"north": {"uv": [4, 4, 8, 8], "texture": "#1"},
				"east": {"uv": [0, 4, 4, 8], "texture": "#1"},
				"south": {"uv": [12, 4, 16, 8], "texture": "#1"},
				"west": {"uv": [8, 4, 12, 8], "texture": "#1"},
				"up": {"uv": [4, 0, 8, 4], "rotation": 180, "texture": "#1"}
			}
		},
		{
			"from": [16.5, 9.5, 16.5],
			"to": [-0.5, -7.5, -0.5],
			"rotation": {"angle": 0, "axis": "x", "origin": [8, 1, 8]},
			"faces": {
				"north": {"uv": [16, 4, 12, 8], "rotation": 180, "texture": "#1"},
				"east": {"uv": [0, 4, 4, 8], "rotation": 180, "texture": "#1"},
				"south": {"uv": [8, 4, 4, 8], "rotation": 180, "texture": "#1"},
				"west": {"uv": [8, 4, 12, 8], "rotation": 180, "texture": "#1"},
				"down": {"uv": [8, 0, 4, 4], "rotation": 180, "texture": "#1"}
			}
		},
		{
			"from": [4.825, 0.125, -5.6],
			"to": [11.2, 4.1875, -0.5],
			"rotation": {"angle": 0, "axis": "y", "origin": [11.75, 9.5, 6.5]},
			"faces": {
				"north": {"uv": [4, 12.75, 5.5, 13.75], "texture": "#1"},
				"east": {"uv": [2.5, 12.75, 4, 13.75], "texture": "#1"},
				"west": {"uv": [4, 12.75, 2.5, 13.75], "texture": "#1"},
				"up": {"uv": [4, 11.5, 5.5, 12.75], "rotation": 180, "texture": "#1"},
				"down": {"uv": [4, 14, 5.5, 15.25], "rotation": 180, "texture": "#1"}
			}
		},
		{
			"from": [4.825, 0.125, -0.5],
			"to": [11.2, 4.1875, 4.6],
			"rotation": {"angle": 0, "axis": "y", "origin": [11.75, 9.5, 11.6]},
			"faces": {
				"north": {"uv": [4, 12.75, 5.5, 13.75], "texture": "#1"},
				"east": {"uv": [2.5, 12.75, 2.75, 13.75], "texture": "#1"},
				"west": {"uv": [2.5, 12.75, 2.75, 13.75], "texture": "#1"},
				"up": {"uv": [4, 11.5, 5.5, 12.75], "rotation": 180, "texture": "#1"},
				"down": {"uv": [4, 14, 5.5, 15.25], "rotation": 180, "texture": "#1"}
			}
		},
		{
			"from": [10.675, -0.875, -4.75],
			"to": [11.05, 1.15, -3.9],
			"rotation": {"angle": 0, "axis": "y", "origin": [19.05, 7.125, 1.55]},
			"faces": {
				"north": {"uv": [6, 13.75, 6.025, 13.775], "texture": "#1"},
				"east": {"uv": [6, 13.75, 6.025, 13.775], "texture": "#1"},
				"south": {"uv": [6, 13.75, 6.025, 13.775], "texture": "#1"},
				"west": {"uv": [6, 13.75, 6.025, 13.775], "texture": "#1"},
				"up": {"uv": [6, 13.75, 6.025, 13.775], "texture": "#1"},
				"down": {"uv": [6, 13.75, 6.025, 13.775], "texture": "#1"}
			}
		},
		{
			"from": [4.95, -0.875, -4.75],
			"to": [5.325, 1.15, -3.9],
			"rotation": {"angle": 0, "axis": "y", "origin": [-3.05, 7.125, 1.55]},
			"faces": {
				"north": {"uv": [6, 13.75, 6.025, 13.775], "texture": "#1"},
				"east": {"uv": [6, 13.75, 6.025, 13.775], "texture": "#1"},
				"south": {"uv": [6, 13.75, 6.025, 13.775], "texture": "#1"},
				"west": {"uv": [6, 13.75, 6.025, 13.775], "texture": "#1"},
				"up": {"uv": [6, 13.75, 6.025, 13.775], "texture": "#1"},
				"down": {"uv": [6, 13.75, 6.025, 13.775], "texture": "#1"}
			}
		},
		{
			"name": "ear_1",
			"from": [11.19999, 9.5, 5.925],
			"to": [13.34999, 14.87501, 7],
			"rotation": {"angle": 0, "axis": "y", "origin": [12.27499, 12.72501, 9.15001]},
			"faces": {
				"north": {"uv": [12.5, 1, 13, 2.25], "texture": "#1"},
				"east": {"uv": [12.5, 1, 12.75, 2.25], "texture": "#1"},
				"south": {"uv": [13, 1, 12.5, 2.25], "texture": "#1"},
				"west": {"uv": [12.75, 1, 13, 2.25], "texture": "#1"},
				"up": {"uv": [12.5, 1, 13, 1.25], "texture": "#1"},
				"down": {"uv": [12.5, 2, 13, 2.25], "texture": "#1"}
			}
		},
		{
			"name": "ear_2",
			"from": [13.34999, 9.5, 5.925],
			"to": [14.425, 13.80001, 7],
			"rotation": {"angle": 0, "axis": "y", "origin": [12.27499, 12.72501, 9.15001]},
			"faces": {
				"north": {"uv": [12.5, 1.25, 12.25, 2.25], "texture": "#1"},
				"east": {"uv": [12.5, 1.25, 12.25, 2.25], "texture": "#1"},
				"south": {"uv": [12.5, 1.25, 12.25, 2.25], "texture": "#1"},
				"west": {"uv": [12.5, 1.25, 12.25, 2.25], "texture": "#1"},
				"up": {"uv": [12.5, 1.25, 12.25, 1.5], "texture": "#1"},
				"down": {"uv": [12.5, 2, 12.25, 2.25], "texture": "#1"}
			}
		},
		{
			"name": "ear_4",
			"from": [14.425, 9.5, 5.925],
			"to": [15.5, 11.65001, 7],
			"rotation": {"angle": 0, "axis": "y", "origin": [12.27499, 12.72501, 9.15001]},
			"faces": {
				"north": {"uv": [12.25, 1.75, 12, 2.25], "texture": "#1"},
				"east": {"uv": [12.25, 1.75, 12, 2.25], "texture": "#1"},
				"south": {"uv": [12.25, 1.75, 12, 2.25], "texture": "#1"},
				"west": {"uv": [12.25, 1.75, 12, 2.25], "texture": "#1"},
				"up": {"uv": [12.25, 1.75, 12, 2], "texture": "#1"},
				"down": {"uv": [12.25, 2, 12, 2.25], "texture": "#1"}
			}
		},
		{
			"name": "ear_5",
			"from": [10.12499, 9.5, 5.925],
			"to": [11.19999, 11.65001, 7],
			"rotation": {"angle": 0, "axis": "y", "origin": [12.27499, 12.72501, 9.15001]},
			"faces": {
				"north": {"uv": [13.25, 1.75, 13, 2.25], "texture": "#1"},
				"east": {"uv": [13.25, 1.75, 13, 2.25], "texture": "#1"},
				"south": {"uv": [13.25, 1.75, 13, 2.25], "texture": "#1"},
				"west": {"uv": [13.25, 1.75, 13, 2.25], "texture": "#1"},
				"up": {"uv": [13.25, 1.75, 13, 2], "texture": "#1"},
				"down": {"uv": [13.25, 2, 13, 2.25], "texture": "#1"}
			}
		},
		{
			"name": "ear_2",
			"from": [2.65001, 9.5, 5.925],
			"to": [4.80001, 14.87501, 7],
			"rotation": {"angle": 0, "axis": "y", "origin": [3.72501, 12.72501, 9.15001]},
			"faces": {
				"north": {"uv": [13, 1, 12.5, 2.25], "texture": "#1"},
				"east": {"uv": [13, 1, 12.75, 2.25], "texture": "#1"},
				"south": {"uv": [12.5, 1, 13, 2.25], "texture": "#1"},
				"west": {"uv": [12.75, 1, 12.5, 2.25], "texture": "#1"},
				"up": {"uv": [13, 1, 12.5, 1.25], "texture": "#1"},
				"down": {"uv": [13, 2, 12.5, 2.25], "texture": "#1"}
			}
		},
		{
			"name": "ear_3",
			"from": [1.575, 9.5, 5.925],
			"to": [2.65001, 13.80001, 7],
			"rotation": {"angle": 0, "axis": "y", "origin": [3.72501, 12.72501, 9.15001]},
			"faces": {
				"north": {"uv": [12.25, 1.25, 12.5, 2.25], "texture": "#1"},
				"east": {"uv": [12.25, 1.25, 12.5, 2.25], "texture": "#1"},
				"south": {"uv": [12.25, 1.25, 12.5, 2.25], "texture": "#1"},
				"west": {"uv": [12.25, 1.25, 12.5, 2.25], "texture": "#1"},
				"up": {"uv": [12.25, 1.25, 12.5, 1.5], "texture": "#1"},
				"down": {"uv": [12.25, 2, 12.5, 2.25], "texture": "#1"}
			}
		},
		{
			"name": "ear_5",
			"from": [0.5, 9.5, 5.925],
			"to": [1.575, 11.65001, 7],
			"rotation": {"angle": 0, "axis": "y", "origin": [3.72501, 12.72501, 9.15001]},
			"faces": {
				"north": {"uv": [12, 1.75, 12.25, 2.25], "texture": "#1"},
				"east": {"uv": [12, 1.75, 12.25, 2.25], "texture": "#1"},
				"south": {"uv": [12, 1.75, 12.25, 2.25], "texture": "#1"},
				"west": {"uv": [12, 1.75, 12.25, 2.25], "texture": "#1"},
				"up": {"uv": [12, 1.75, 12.25, 2], "texture": "#1"},
				"down": {"uv": [12, 2, 12.25, 2.25], "texture": "#1"}
			}
		},
		{
			"name": "ear_6",
			"from": [4.80001, 9.5, 5.925],
			"to": [5.87501, 11.65001, 7],
			"rotation": {"angle": 0, "axis": "y", "origin": [3.72501, 12.72501, 9.15001]},
			"faces": {
				"north": {"uv": [13, 1.75, 13.25, 2.25], "texture": "#1"},
				"east": {"uv": [13, 1.75, 13.25, 2.25], "texture": "#1"},
				"south": {"uv": [13, 1.75, 13.25, 2.25], "texture": "#1"},
				"west": {"uv": [13, 1.75, 13.25, 2.25], "texture": "#1"},
				"up": {"uv": [13, 1.75, 13.25, 2], "texture": "#1"},
				"down": {"uv": [13, 2, 13.25, 2.25], "texture": "#1"}
			}
		}
	],
	"display": {
		"thirdperson_righthand": {
			"rotation": [-0.75, 21.25, 0],
			"translation": [0.5, 2.75, -2.25],
			"scale": [0.5, 0.5, 0.5]
		},
		"thirdperson_lefthand": {
			"rotation": [-0.75, 21.25, 0],
			"translation": [0.5, 2.75, -2.25],
			"scale": [0.5, 0.5, 0.5]
		},
		"firstperson_righthand": {
			"rotation": [-32.5, 127, 13.75],
			"translation": [0, 5.75, 0],
			"scale": [0.4, 0.4, 0.4]
		},
		"firstperson_lefthand": {
			"rotation": [-32.5, 127, 13.75],
			"translation": [0, 5.75, 0],
			"scale": [0.4, 0.4, 0.4]
		},
		"ground": {
			"translation": [0, 4, 0],
			"scale": [0.5, 0.5, 0.5]
		},
		"gui": {
			"rotation": [30, 225, 0],
			"translation": [0, 2.75, 0],
			"scale": [0.5, 0.5, 0.5]
		},
		"head": {
			"translation": [0, 7.5, 0],
			"scale": [0.95, 0.95, 0.95]
		},
		"fixed": {
			"rotation": [-69.75, 0, 0],
			"translation": [0, 0, -10]
		}
	},
	"groups": [
		{
			"name": "group",
			"origin": [11.75, 7.5, 6.5],
			"children": [0, 1, 2, 3, 4, 5]
		},
		{
			"name": "ear",
			"origin": [8, 8, 8],
			"children": [6, 7, 8, 9]
		},
		{
			"name": "ear",
			"origin": [8, 8, 8],
			"children": [10, 11, 12, 13]
		}
	]
}