{
	"credit": "Made with Blockbench",
	"textures": {
		"1": "./roman_crown"
	},
	"elements": [
		{
			"from": [1, 0, 16],
			"to": [15, 5, 16],
			"faces": {
				"north": {"uv": [0, 5, 16, 12], "texture": "#1"},
				"east": {"uv": [0, 8, 1, 11], "texture": "#1"},
				"south": {"uv": [0, 5, 16, 12], "texture": "#1"},
				"west": {"uv": [1, 8, 2, 11], "texture": "#1"},
				"up": {"uv": [14, 7, 0, 6], "texture": "#1"},
				"down": {"uv": [14, 7, 0, 8], "texture": "#1"}
			}
		},
		{
			"from": [1, 0, 3.1],
			"to": [1, 5, 16],
			"faces": {
				"north": {"uv": [1, 8, 2, 11], "texture": "#1"},
				"east": {"uv": [0, 5, 16, 12], "texture": "#1"},
				"south": {"uv": [0, 8, 1, 11], "texture": "#1"},
				"west": {"uv": [0, 5, 16, 12], "texture": "#1"},
				"up": {"uv": [14, 7, 0, 6], "rotation": 90, "texture": "#1"},
				"down": {"uv": [14, 7, 0, 8], "rotation": 270, "texture": "#1"}
			}
		},
		{
			"from": [15, 0, 3.1],
			"to": [15, 5, 16],
			"faces": {
				"north": {"uv": [1, 8, 2, 11], "texture": "#1"},
				"east": {"uv": [0, 5, 16, 12], "texture": "#1"},
				"south": {"uv": [0, 8, 1, 11], "texture": "#1"},
				"west": {"uv": [0, 5, 16, 12], "texture": "#1"},
				"up": {"uv": [14, 7, 0, 6], "rotation": 90, "texture": "#1"},
				"down": {"uv": [14, 7, 0, 8], "rotation": 270, "texture": "#1"}
			}
		}
	],
	"display": {
		"thirdperson_righthand": {
			"rotation": [-180, 180, -2],
			"translation": [0.5, -3.75, -1],
			"scale": [0.41016, 0.64844, 0.31641]
		},
		"thirdperson_lefthand": {
			"rotation": [-180, 180, -2],
			"translation": [0.5, -3.75, -1],
			"scale": [0.41016, 0.64844, 0.31641]
		},
		"ground": {
			"translation": [0, 3.25, 0]
		},
		"gui": {
			"rotation": [23, -144, 0],
			"translation": [1.5, 2.5, 0],
			"scale": [0.87695, 1, 1]
		},
		"head": {
			"translation": [0, 6.25, -2.25],
			"scale": [1, 0.51563, 1.17383]
		},
		"fixed": {
			"rotation": [93, 0, 0],
			"translation": [1, 2.25, 3.5]
		}
	}
}