{
	"credit": "Made with Blockbench",
	"texture_size": [32, 32],
	"textures": {
		"2": "./roman_helmet",
		"particle": "./roman_helmet"
	},
	"elements": [
		{
			"from": [4, 6, 4],
			"to": [12, 9, 12],
			"faces": {
				"north": {"uv": [8, 0, 12, 1.5], "texture": "#2"},
				"east": {"uv": [8, 1.5, 12, 3], "texture": "#2"},
				"south": {"uv": [8, 3, 12, 4.5], "texture": "#2"},
				"west": {"uv": [8, 4.5, 12, 6], "texture": "#2"},
				"up": {"uv": [4, 8.5, 0, 4.5], "texture": "#2"},
				"down": {"uv": [8, 4.5, 4, 8.5], "texture": "#2"}
			}
		},
		{
			"from": [4, 0, 4],
			"to": [6, 3, 5],
			"faces": {
				"north": {"uv": [12, 3.5, 13, 5], "texture": "#2"},
				"east": {"uv": [9.5, 12, 10, 13.5], "texture": "#2"},
				"south": {"uv": [4.5, 12, 5.5, 13.5], "texture": "#2"},
				"west": {"uv": [10, 12, 10.5, 13.5], "texture": "#2"},
				"up": {"uv": [8, 9, 7, 8.5], "texture": "#2"},
				"down": {"uv": [12.5, 8, 11.5, 8.5], "texture": "#2"}
			}
		},
		{
			"from": [10, 0, 4],
			"to": [12, 3, 5],
			"faces": {
				"north": {"uv": [5.5, 12, 6.5, 13.5], "texture": "#2"},
				"east": {"uv": [12, 10, 12.5, 11.5], "texture": "#2"},
				"south": {"uv": [6.5, 12, 7.5, 13.5], "texture": "#2"},
				"west": {"uv": [10.5, 12, 11, 13.5], "texture": "#2"},
				"up": {"uv": [12.5, 9, 11.5, 8.5], "texture": "#2"},
				"down": {"uv": [13, 5, 12, 5.5], "texture": "#2"}
			}
		},
		{
			"from": [4, 0, 5],
			"to": [5, 3, 10],
			"faces": {
				"north": {"uv": [11, 12, 11.5, 13.5], "texture": "#2"},
				"east": {"uv": [4, 10, 6.5, 11.5], "texture": "#2"},
				"south": {"uv": [12, 11.5, 12.5, 13], "texture": "#2"},
				"west": {"uv": [6.5, 10, 9, 11.5], "texture": "#2"},
				"up": {"uv": [8, 14.5, 7.5, 12], "texture": "#2"},
				"down": {"uv": [8.5, 12, 8, 14.5], "texture": "#2"}
			}
		},
		{
			"from": [11, 0, 5],
			"to": [12, 3, 10],
			"faces": {
				"north": {"uv": [0, 12.5, 0.5, 14], "texture": "#2"},
				"east": {"uv": [9, 10, 11.5, 11.5], "texture": "#2"},
				"south": {"uv": [12.5, 0, 13, 1.5], "texture": "#2"},
				"west": {"uv": [0, 11, 2.5, 12.5], "texture": "#2"},
				"up": {"uv": [9, 14.5, 8.5, 12], "texture": "#2"},
				"down": {"uv": [9.5, 12, 9, 14.5], "texture": "#2"}
			}
		},
		{
			"from": [4, 0, 12],
			"to": [12, 9, 13],
			"faces": {
				"north": {"uv": [0, 0, 4, 4.5], "texture": "#2"},
				"east": {"uv": [2.5, 11, 3, 15.5], "texture": "#2"},
				"south": {"uv": [4, 0, 8, 4.5], "texture": "#2"},
				"west": {"uv": [3, 11, 3.5, 15.5], "texture": "#2"},
				"up": {"uv": [15, 9.5, 11, 9], "texture": "#2"},
				"down": {"uv": [15, 9.5, 11, 10], "texture": "#2"}
			}
		},
		{
			"from": [4, 2, 11],
			"to": [5, 3, 12],
			"faces": {
				"north": {"uv": [13, 1, 13.5, 1.5], "texture": "#2"},
				"east": {"uv": [13, 1.5, 13.5, 2], "texture": "#2"},
				"south": {"uv": [2, 13, 2.5, 13.5], "texture": "#2"},
				"west": {"uv": [13, 2, 13.5, 2.5], "texture": "#2"},
				"up": {"uv": [13.5, 3, 13, 2.5], "texture": "#2"},
				"down": {"uv": [13.5, 3.5, 13, 4], "texture": "#2"}
			}
		},
		{
			"from": [11, 2, 11],
			"to": [12, 3, 12],
			"faces": {
				"north": {"uv": [13, 4, 13.5, 4.5], "texture": "#2"},
				"east": {"uv": [13, 4.5, 13.5, 5], "texture": "#2"},
				"south": {"uv": [13, 5, 13.5, 5.5], "texture": "#2"},
				"west": {"uv": [13, 5.5, 13.5, 6], "texture": "#2"},
				"up": {"uv": [13.5, 8.5, 13, 8], "texture": "#2"},
				"down": {"uv": [13.5, 8.5, 13, 9], "texture": "#2"}
			}
		},
		{
			"from": [4, 0, 13],
			"to": [12, 1, 15],
			"faces": {
				"north": {"uv": [3.5, 11.5, 7.5, 12], "texture": "#2"},
				"east": {"uv": [12, 5.5, 13, 6], "texture": "#2"},
				"south": {"uv": [11.5, 6, 15.5, 6.5], "texture": "#2"},
				"west": {"uv": [12.5, 3, 13.5, 3.5], "texture": "#2"},
				"up": {"uv": [11, 10, 7, 9], "texture": "#2"},
				"down": {"uv": [4, 10, 0, 11], "texture": "#2"}
			}
		},
		{
			"from": [4, 3, 5],
			"to": [5, 6, 12],
			"faces": {
				"north": {"uv": [0.5, 12.5, 1, 14], "texture": "#2"},
				"east": {"uv": [8, 6, 11.5, 7.5], "texture": "#2"},
				"south": {"uv": [1, 12.5, 1.5, 14], "texture": "#2"},
				"west": {"uv": [8, 7.5, 11.5, 9], "texture": "#2"},
				"up": {"uv": [12, 13.5, 11.5, 10], "texture": "#2"},
				"down": {"uv": [12.5, 0, 12, 3.5], "texture": "#2"}
			}
		},
		{
			"from": [11, 3, 5],
			"to": [12, 6, 12],
			"faces": {
				"north": {"uv": [1.5, 12.5, 2, 14], "texture": "#2"},
				"east": {"uv": [0, 8.5, 3.5, 10], "texture": "#2"},
				"south": {"uv": [12.5, 1.5, 13, 3], "texture": "#2"},
				"west": {"uv": [3.5, 8.5, 7, 10], "texture": "#2"},
				"up": {"uv": [4, 15.5, 3.5, 12], "texture": "#2"},
				"down": {"uv": [4.5, 12, 4, 15.5], "texture": "#2"}
			}
		},
		{
			"from": [4, 7.5, 3.8],
			"to": [12, 8.5, 4],
			"faces": {
				"north": {"uv": [11.5, 6.5, 15.5, 7], "texture": "#2"},
				"east": {"uv": [13, 10, 13.5, 10.5], "texture": "#2"},
				"south": {"uv": [11.5, 7, 15.5, 7.5], "texture": "#2"},
				"west": {"uv": [13, 10.5, 13.5, 11], "texture": "#2"},
				"up": {"uv": [11.5, 12, 7.5, 11.5], "texture": "#2"},
				"down": {"uv": [15.5, 7.5, 11.5, 8], "texture": "#2"}
			}
		}
	],
	"display": {
		"thirdperson_righthand": {
			"rotation": [60, 19, 0],
			"translation": [-0.75, 1, -1.25],
			"scale": [0.95453, 1, 1]
		},
		"thirdperson_lefthand": {
			"rotation": [60, 19, 0],
			"translation": [-0.75, 1, -1.25],
			"scale": [0.95453, 1, 1]
		},
		"gui": {
			"rotation": [15, -155, 1],
			"translation": [0.75, 2.5, 0]
		},
		"head": {
			"translation": [0, 7, 0],
			"scale": [2.12, 1.82961, 1.66]
		},
		"fixed": {
			"rotation": [0, 58, 0]
		}
	},
	"groups": [
		{
			"name": "group",
			"origin": [0, 0, 0],
			"color": 0,
			"children": [0, 1, 2, 3, 4, 5, 6, 7, 8, 9, 10, 11]
		}
	]
}