{
	"parent": "./carthaginian",
	"textures": {
		"0": "helmets/tallhelm",
		"particle": "./visor",
		"2_4": "helmets/crest_red"
	},
	"elements": [
		{
			"from": [0.25, -8, 0.25],
			"to": [15.75, 10, 15.75],
			"rotation": {"angle": 0, "axis": "y", "origin": [8, 0, 8]},
			"faces": {
				"north": {"uv": [4, 4, 8, 8.75], "texture": "#0"},
				"east": {"uv": [0, 4, 4, 8.75], "texture": "#0"},
				"south": {"uv": [12, 4, 16, 8.75], "texture": "#0"},
				"west": {"uv": [8, 4, 12, 8.75], "texture": "#0"},
				"up": {"uv": [4, 0, 8, 4], "rotation": 180, "texture": "#0"},
				"down": {"uv": [8, 0, 12, 4], "texture": "#0"}
			}
		},
		{
			"from": [-1.25, 0, -1.25],
			"to": [17.25, 1, 18.25],
			"rotation": {"angle": 0, "axis": "y", "origin": [8, 0, 8]},
			"faces": {
				"north": {"uv": [4, 5.75, 8, 6], "texture": "#0"},
				"east": {"uv": [0, 5.75, 5, 6], "texture": "#0"},
				"south": {"uv": [12, 5.75, 16, 6], "texture": "#0"},
				"west": {"uv": [8, 5.75, 13, 6], "texture": "#0"},
				"up": {"uv": [12, 11, 15.875, 16], "texture": "#0"},
				"down": {"uv": [12, 16, 16, 11], "texture": "#0"}
			}
		},
		{
			"from": [7.25, 8.5, 7.25],
			"to": [8.75, 9.75, 8.75],
			"rotation": {"angle": 0, "axis": "y", "origin": [8, 0, 8]},
			"faces": {
				"north": {"uv": [4, 0, 4.5, 0.5], "texture": "#0"},
				"east": {"uv": [4, 0, 4.5, 0.5], "texture": "#0"},
				"south": {"uv": [4, 0, 4.5, 0.5], "texture": "#0"},
				"west": {"uv": [4, 0, 4.5, 0.5], "texture": "#0"},
				"up": {"uv": [4, 0, 4.5, 0.5], "texture": "#0"},
				"down": {"uv": [4, 0, 4.5, 0.5], "texture": "#0"}
			}
		},
		{
			"from": [7.5, 8, 7.5],
			"to": [8.5, 9.5, 8.5],
			"rotation": {"angle": 0, "axis": "y", "origin": [8, 0, 8]},
			"faces": {
				"north": {"uv": [4, 0, 4.5, 0.5], "texture": "#0"},
				"east": {"uv": [4, 0, 4.5, 0.5], "texture": "#0"},
				"south": {"uv": [4, 0, 4.5, 0.5], "texture": "#0"},
				"west": {"uv": [4, 0, 4.5, 0.5], "texture": "#0"},
				"up": {"uv": [4, 0, 4.5, 0.5], "texture": "#0"},
				"down": {"uv": [4, 0, 4.5, 0.5], "texture": "#0"}
			}
		},
		{
			"name": "crest_red_5",
			"from": [7.217, 8.2753, 13.81398],
			"to": [8.567, 17.2753, 15.81398],
			"rotation": {"angle": 45, "axis": "x", "origin": [7.892, 7.98, 14.7]},
			"faces": {
				"north": {"uv": [5.75, 9, 6, 13.5], "texture": "#2_4"},
				"east": {"uv": [5, 9, 6, 13.5], "texture": "#2_4"},
				"south": {"uv": [5, 9, 5.25, 13.5], "texture": "#2_4"},
				"west": {"uv": [5, 13.5, 6, 9], "rotation": 180, "texture": "#2_4"},
				"up": {"uv": [6, 9, 5, 9.25], "rotation": 90, "texture": "#2_4"},
				"down": {"uv": [5, 13.25, 6, 13.5], "rotation": 90, "texture": "#2_4"}
			}
		},
		{
			"name": "crest_red_6",
			"from": [7.217, 8.2753, 9.81398],
			"to": [8.567, 17.2753, 12.81398],
			"rotation": {"angle": 45, "axis": "x", "origin": [7.892, 7.98, 14.7]},
			"faces": {
				"north": {"uv": [7.75, 9, 8, 13.5], "texture": "#2_4"},
				"east": {"uv": [6.5, 9, 8, 13.5], "texture": "#2_4"},
				"south": {"uv": [6.5, 9, 6.75, 13.5], "texture": "#2_4"},
				"west": {"uv": [6.5, 13.5, 8, 9], "rotation": 180, "texture": "#2_4"},
				"up": {"uv": [8, 9, 6.5, 9.25], "rotation": 90, "texture": "#2_4"},
				"down": {"uv": [6.5, 13.25, 8, 13.5], "rotation": 90, "texture": "#2_4"}
			}
		},
		{
			"name": "crest_red_7",
			"from": [7.217, 7.2753, 7.81398],
			"to": [8.567, 17.2753, 8.81398],
			"rotation": {"angle": 45, "axis": "x", "origin": [7.892, 7.98, 14.7]},
			"faces": {
				"north": {"uv": [8.75, 9, 9, 14], "texture": "#2_4"},
				"east": {"uv": [8.5, 9, 9, 14], "texture": "#2_4"},
				"south": {"uv": [8.5, 9, 8.75, 14], "texture": "#2_4"},
				"west": {"uv": [8.5, 14, 9, 9], "rotation": 180, "texture": "#2_4"},
				"up": {"uv": [9, 9, 8.5, 9.25], "rotation": 90, "texture": "#2_4"},
				"down": {"uv": [8.5, 13.75, 9, 14], "rotation": 90, "texture": "#2_4"}
			}
		},
		{
			"name": "crest_red_8",
			"from": [7.217, 7.2753, 15.81398],
			"to": [8.567, 16.2753, 16.81398],
			"rotation": {"angle": 45, "axis": "x", "origin": [7.892, 7.98, 14.7]},
			"faces": {
				"north": {"uv": [4.75, 9.5, 5, 14], "texture": "#2_4"},
				"east": {"uv": [4.5, 9.5, 5, 14], "texture": "#2_4"},
				"south": {"uv": [4.5, 9.5, 4.75, 14], "texture": "#2_4"},
				"west": {"uv": [4.5, 14, 5, 9.5], "rotation": 180, "texture": "#2_4"},
				"up": {"uv": [5, 9.5, 4.5, 9.75], "rotation": 90, "texture": "#2_4"},
				"down": {"uv": [4.5, 13.75, 5, 14], "rotation": 90, "texture": "#2_4"}
			}
		},
		{
			"name": "crest_red_9",
			"from": [7.217, 8.2753, 12.81398],
			"to": [8.567, 16.2753, 13.81398],
			"rotation": {"angle": 45, "axis": "x", "origin": [7.892, 7.98, 14.7]},
			"faces": {
				"north": {"uv": [6.25, 9.5, 6.5, 13.5], "texture": "#2_4"},
				"east": {"uv": [6, 9.5, 6.5, 13.5], "texture": "#2_4"},
				"south": {"uv": [6, 9.5, 6.25, 13.5], "texture": "#2_4"},
				"west": {"uv": [6, 13.5, 6.5, 9.5], "rotation": 180, "texture": "#2_4"},
				"up": {"uv": [6.5, 9.5, 6, 9.75], "rotation": 90, "texture": "#2_4"},
				"down": {"uv": [6, 13.25, 6.5, 13.5], "rotation": 90, "texture": "#2_4"}
			}
		},
		{
			"name": "crest_red_10",
			"from": [7.217, 8.2753, 8.81398],
			"to": [8.567, 16.2753, 9.81398],
			"rotation": {"angle": 45, "axis": "x", "origin": [7.892, 7.98, 14.7]},
			"faces": {
				"north": {"uv": [8.25, 9.5, 8.5, 13.5], "texture": "#2_4"},
				"east": {"uv": [8, 9.5, 8.5, 13.5], "texture": "#2_4"},
				"south": {"uv": [8, 9.5, 8.25, 13.5], "texture": "#2_4"},
				"west": {"uv": [8, 13.5, 8.5, 9.5], "rotation": 180, "texture": "#2_4"},
				"up": {"uv": [8.5, 9.5, 8, 9.75], "rotation": 90, "texture": "#2_4"},
				"down": {"uv": [8, 13.25, 8.5, 13.5], "rotation": 90, "texture": "#2_4"}
			}
		},
		{
			"name": "crest_red_11",
			"from": [7.217, 7.2753, 5.81398],
			"to": [8.567, 16.2753, 7.81398],
			"rotation": {"angle": 45, "axis": "x", "origin": [7.892, 7.98, 14.7]},
			"faces": {
				"north": {"uv": [9.75, 9.5, 10, 14], "texture": "#2_4"},
				"east": {"uv": [9, 9.5, 10, 14], "texture": "#2_4"},
				"south": {"uv": [9, 9.5, 9.25, 14], "texture": "#2_4"},
				"west": {"uv": [9, 14, 10, 9.5], "rotation": 180, "texture": "#2_4"},
				"up": {"uv": [10, 9.5, 9, 9.75], "rotation": 90, "texture": "#2_4"},
				"down": {"uv": [9, 13.75, 10, 14], "rotation": 90, "texture": "#2_4"}
			}
		},
		{
			"name": "crest_red_12",
			"from": [7.217, 15.2753, 4.81398],
			"to": [8.567, 16.2753, 5.81398],
			"rotation": {"angle": 45, "axis": "x", "origin": [7.892, 7.98, 14.7]},
			"faces": {
				"north": {"uv": [10.25, 9.5, 10.5, 10], "texture": "#2_4"},
				"east": {"uv": [10, 9.5, 10.5, 10], "texture": "#2_4"},
				"south": {"uv": [10, 9.5, 10.25, 10], "texture": "#2_4"},
				"west": {"uv": [10, 10, 10.5, 9.5], "rotation": 180, "texture": "#2_4"},
				"up": {"uv": [10.5, 9.5, 10, 9.75], "rotation": 90, "texture": "#2_4"},
				"down": {"uv": [10, 9.75, 10.5, 10], "rotation": 90, "texture": "#2_4"}
			}
		},
		{
			"name": "crest_red_13",
			"from": [7.217, 6.2753, 16.81398],
			"to": [8.567, 15.2753, 19.81398],
			"rotation": {"angle": 45, "axis": "x", "origin": [7.892, 7.98, 14.7]},
			"faces": {
				"north": {"uv": [4.25, 10, 4.5, 14.5], "texture": "#2_4"},
				"east": {"uv": [3, 10, 4.5, 14.5], "texture": "#2_4"},
				"south": {"uv": [3, 10, 3.25, 14.5], "texture": "#2_4"},
				"west": {"uv": [3, 14.5, 4.5, 10], "rotation": 180, "texture": "#2_4"},
				"up": {"uv": [4.5, 10, 3, 10.25], "rotation": 90, "texture": "#2_4"},
				"down": {"uv": [3, 14.25, 4.5, 14.5], "rotation": 90, "texture": "#2_4"}
			}
		},
		{
			"name": "crest_red_14",
			"from": [7.217, 5.2753, 3.81398],
			"to": [8.567, 15.2753, 4.81398],
			"rotation": {"angle": 45, "axis": "x", "origin": [7.892, 7.98, 14.7]},
			"faces": {
				"north": {"uv": [10.75, 10, 11, 15], "texture": "#2_4"},
				"east": {"uv": [10.5, 10, 11, 15], "texture": "#2_4"},
				"south": {"uv": [10.5, 10, 10.75, 15], "texture": "#2_4"},
				"west": {"uv": [10.5, 15, 11, 10], "rotation": 180, "texture": "#2_4"},
				"up": {"uv": [11, 10, 10.5, 10.25], "rotation": 90, "texture": "#2_4"},
				"down": {"uv": [10.5, 14.75, 11, 15], "rotation": 90, "texture": "#2_4"}
			}
		},
		{
			"name": "crest_red_15",
			"from": [7.217, 5.2753, 19.81398],
			"to": [8.567, 14.2753, 21.81398],
			"rotation": {"angle": 45, "axis": "x", "origin": [7.892, 7.98, 14.7]},
			"faces": {
				"north": {"uv": [2.75, 10.5, 3, 15], "texture": "#2_4"},
				"east": {"uv": [2, 10.5, 3, 15], "texture": "#2_4"},
				"south": {"uv": [2, 10.5, 2.25, 15], "texture": "#2_4"},
				"west": {"uv": [2, 15, 3, 10.5], "rotation": 180, "texture": "#2_4"},
				"up": {"uv": [3, 10.5, 2, 10.75], "rotation": 90, "texture": "#2_4"},
				"down": {"uv": [2, 14.75, 3, 15], "rotation": 90, "texture": "#2_4"}
			}
		},
		{
			"name": "crest_red_16",
			"from": [7.217, 5.2753, 4.81398],
			"to": [8.567, 14.2753, 5.81398],
			"rotation": {"angle": 45, "axis": "x", "origin": [7.892, 7.98, 14.7]},
			"faces": {
				"north": {"uv": [10.25, 10.5, 10.5, 15], "texture": "#2_4"},
				"east": {"uv": [10, 10.5, 10.5, 15], "texture": "#2_4"},
				"south": {"uv": [10, 10.5, 10.25, 15], "texture": "#2_4"},
				"west": {"uv": [10, 15, 10.5, 10.5], "rotation": 180, "texture": "#2_4"},
				"up": {"uv": [10.5, 10.5, 10, 10.75], "rotation": 90, "texture": "#2_4"},
				"down": {"uv": [10, 14.75, 10.5, 15], "rotation": 90, "texture": "#2_4"}
			}
		},
		{
			"name": "crest_red_17",
			"from": [7.217, 5.2753, 1.81398],
			"to": [8.567, 14.2753, 3.81398],
			"rotation": {"angle": 45, "axis": "x", "origin": [7.892, 7.98, 14.7]},
			"faces": {
				"north": {"uv": [11.75, 10.5, 12, 15], "texture": "#2_4"},
				"east": {"uv": [11, 10.5, 12, 15], "texture": "#2_4"},
				"south": {"uv": [11, 10.5, 11.25, 15], "texture": "#2_4"},
				"west": {"uv": [11, 15, 12, 10.5], "rotation": 180, "texture": "#2_4"},
				"up": {"uv": [12, 10.5, 11, 10.75], "rotation": 90, "texture": "#2_4"},
				"down": {"uv": [11, 14.75, 12, 15], "rotation": 90, "texture": "#2_4"}
			}
		},
		{
			"name": "crest_red_18",
			"from": [7.217, 5.2753, 21.81398],
			"to": [8.567, 13.2753, 22.81398],
			"rotation": {"angle": 45, "axis": "x", "origin": [7.892, 7.98, 14.7]},
			"faces": {
				"north": {"uv": [1.75, 11, 2, 15], "texture": "#2_4"},
				"east": {"uv": [1.5, 11, 2, 15], "texture": "#2_4"},
				"south": {"uv": [1.5, 11, 1.75, 15], "texture": "#2_4"},
				"west": {"uv": [1.5, 15, 2, 11], "rotation": 180, "texture": "#2_4"},
				"up": {"uv": [2, 11, 1.5, 11.25], "rotation": 90, "texture": "#2_4"},
				"down": {"uv": [1.5, 14.75, 2, 15], "rotation": 90, "texture": "#2_4"}
			}
		},
		{
			"name": "crest_red_19",
			"from": [7.217, 5.2753, 0.81398],
			"to": [8.567, 13.2753, 1.81398],
			"rotation": {"angle": 45, "axis": "x", "origin": [7.892, 7.98, 14.7]},
			"faces": {
				"north": {"uv": [12.25, 11, 12.5, 15], "texture": "#2_4"},
				"east": {"uv": [12, 11, 12.5, 15], "texture": "#2_4"},
				"south": {"uv": [12, 11, 12.25, 15], "texture": "#2_4"},
				"west": {"uv": [12, 15, 12.5, 11], "rotation": 180, "texture": "#2_4"},
				"up": {"uv": [12.5, 11, 12, 11.25], "rotation": 90, "texture": "#2_4"},
				"down": {"uv": [12, 14.75, 12.5, 15], "rotation": 90, "texture": "#2_4"}
			}
		},
		{
			"name": "crest_red_20",
			"from": [7.217, 6.2753, 22.81398],
			"to": [8.567, 11.2753, 23.81398],
			"rotation": {"angle": 45, "axis": "x", "origin": [7.892, 7.98, 14.7]},
			"faces": {
				"north": {"uv": [1.25, 12, 1.5, 14.5], "texture": "#2_4"},
				"east": {"uv": [1, 12, 1.5, 14.5], "texture": "#2_4"},
				"south": {"uv": [1, 12, 1.25, 14.5], "texture": "#2_4"},
				"west": {"uv": [1, 14.5, 1.5, 12], "rotation": 180, "texture": "#2_4"},
				"up": {"uv": [1.5, 12, 1, 12.25], "rotation": 90, "texture": "#2_4"},
				"down": {"uv": [1, 14.25, 1.5, 14.5], "rotation": 90, "texture": "#2_4"}
			}
		},
		{
			"name": "crest_red_21",
			"from": [7.217, 6.2753, -0.18602],
			"to": [8.567, 11.2753, 0.81398],
			"rotation": {"angle": 45, "axis": "x", "origin": [7.892, 7.98, 14.7]},
			"faces": {
				"north": {"uv": [12.75, 12, 13, 14.5], "texture": "#2_4"},
				"east": {"uv": [12.5, 12, 13, 14.5], "texture": "#2_4"},
				"south": {"uv": [12.5, 12, 12.75, 14.5], "texture": "#2_4"},
				"west": {"uv": [12.5, 14.5, 13, 12], "rotation": 180, "texture": "#2_4"},
				"up": {"uv": [13, 12, 12.5, 12.25], "rotation": 90, "texture": "#2_4"},
				"down": {"uv": [12.5, 14.25, 13, 14.5], "rotation": 90, "texture": "#2_4"}
			}
		},
		{
			"name": "crest_red_22",
			"from": [7.217, 5.2753, 23.81398],
			"to": [8.567, 10.2753, 24.81398],
			"rotation": {"angle": 45, "axis": "x", "origin": [7.892, 7.98, 14.7]},
			"faces": {
				"north": {"uv": [0.75, 12.5, 1, 15], "texture": "#2_4"},
				"east": {"uv": [0.5, 12.5, 1, 15], "texture": "#2_4"},
				"south": {"uv": [0.5, 12.5, 0.75, 15], "texture": "#2_4"},
				"west": {"uv": [0.5, 15, 1, 12.5], "rotation": 180, "texture": "#2_4"},
				"up": {"uv": [1, 12.5, 0.5, 12.75], "rotation": 90, "texture": "#2_4"},
				"down": {"uv": [0.5, 14.75, 1, 15], "rotation": 90, "texture": "#2_4"}
			}
		},
		{
			"name": "crest_red_23",
			"from": [7.217, 5.2753, -1.18602],
			"to": [8.567, 10.2753, -0.18602],
			"rotation": {"angle": 45, "axis": "x", "origin": [7.892, 7.98, 14.7]},
			"faces": {
				"north": {"uv": [13.25, 12.5, 13.5, 15], "texture": "#2_4"},
				"east": {"uv": [13, 12.5, 13.5, 15], "texture": "#2_4"},
				"south": {"uv": [13, 12.5, 13.25, 15], "texture": "#2_4"},
				"west": {"uv": [13, 15, 13.5, 12.5], "rotation": 180, "texture": "#2_4"},
				"up": {"uv": [13.5, 12.5, 13, 12.75], "rotation": 90, "texture": "#2_4"},
				"down": {"uv": [13, 14.75, 13.5, 15], "rotation": 90, "texture": "#2_4"}
			}
		},
		{
			"name": "crest_red_24",
			"from": [7.217, 6.2753, 24.81398],
			"to": [8.567, 8.2753, 25.81398],
			"rotation": {"angle": 45, "axis": "x", "origin": [7.892, 7.98, 14.7]},
			"faces": {
				"north": {"uv": [0.25, 13.5, 0.5, 14.5], "texture": "#2_4"},
				"east": {"uv": [0, 13.5, 0.5, 14.5], "texture": "#2_4"},
				"south": {"uv": [0, 13.5, 0.25, 14.5], "texture": "#2_4"},
				"west": {"uv": [0, 14.5, 0.5, 13.5], "rotation": 180, "texture": "#2_4"},
				"up": {"uv": [0.5, 13.5, 0, 13.75], "rotation": 90, "texture": "#2_4"},
				"down": {"uv": [0, 14.25, 0.5, 14.5], "rotation": 90, "texture": "#2_4"}
			}
		},
		{
			"name": "crest_red_25",
			"from": [7.217, 7.2753, 14.81398],
			"to": [8.567, 8.2753, 15.81398],
			"rotation": {"angle": 45, "axis": "x", "origin": [7.892, 7.98, 14.7]},
			"faces": {
				"north": {"uv": [5.25, 13.5, 5.5, 14], "texture": "#2_4"},
				"east": {"uv": [5, 13.5, 5.5, 14], "texture": "#2_4"},
				"south": {"uv": [5, 13.5, 5.25, 14], "texture": "#2_4"},
				"west": {"uv": [5, 14, 5.5, 13.5], "rotation": 180, "texture": "#2_4"},
				"up": {"uv": [5.5, 13.5, 5, 13.75], "rotation": 90, "texture": "#2_4"},
				"down": {"uv": [5, 13.75, 5.5, 14], "rotation": 90, "texture": "#2_4"}
			}
		},
		{
			"name": "crest_red_27",
			"from": [7.217, 6.2753, 5.81398],
			"to": [8.567, 7.2753, 6.81398],
			"rotation": {"angle": 45, "axis": "x", "origin": [7.892, 7.98, 14.7]},
			"faces": {
				"north": {"uv": [9.75, 14, 10, 14.5], "texture": "#2_4"},
				"east": {"uv": [9.5, 14, 10, 14.5], "texture": "#2_4"},
				"south": {"uv": [9.5, 14, 9.75, 14.5], "texture": "#2_4"},
				"west": {"uv": [9.5, 14.5, 10, 14], "rotation": 180, "texture": "#2_4"},
				"up": {"uv": [10, 14, 9.5, 14.25], "rotation": 90, "texture": "#2_4"},
				"down": {"uv": [9.5, 14.25, 10, 14.5], "rotation": 90, "texture": "#2_4"}
			}
		},
		{
			"name": "crest_red_28",
			"from": [7.242, 9.825, 5.81],
			"to": [8.542, 13.075, 9.86],
			"rotation": {"angle": 0, "axis": "x", "origin": [7.892, 7.98, 14.7]},
			"faces": {
				"north": {"uv": [9.75, 14, 10, 14.5], "texture": "#2_4"},
				"east": {"uv": [9.5, 14, 10, 14.5], "texture": "#2_4"},
				"south": {"uv": [9.5, 14, 9.75, 14.5], "texture": "#2_4"},
				"west": {"uv": [9.5, 14.5, 10, 14], "rotation": 180, "texture": "#2_4"},
				"up": {"uv": [10, 14, 9.5, 14.25], "rotation": 90, "texture": "#2_4"},
				"down": {"uv": [9.5, 14.25, 10, 14.5], "rotation": 90, "texture": "#2_4"}
			}
		},
		{
			"name": "crest_red_29",
			"from": [7.242, 9.125, 9.61],
			"to": [8.542, 12.375, 12.11],
			"rotation": {"angle": 0, "axis": "x", "origin": [7.892, 7.98, 14.7]},
			"faces": {
				"north": {"uv": [9.75, 14, 10, 14.5], "texture": "#2_4"},
				"east": {"uv": [9.5, 14, 10, 14.5], "texture": "#2_4"},
				"south": {"uv": [9.5, 14, 9.75, 14.5], "texture": "#2_4"},
				"west": {"uv": [9.5, 14.5, 10, 14], "rotation": 180, "texture": "#2_4"},
				"up": {"uv": [10, 14, 9.5, 14.25], "rotation": 90, "texture": "#2_4"},
				"down": {"uv": [9.5, 14.25, 10, 14.5], "rotation": 90, "texture": "#2_4"}
			}
		},
		{
			"name": "crest_red_30",
			"from": [7.242, 9.125, 11.36],
			"to": [8.542, 11.125, 13.36],
			"rotation": {"angle": 0, "axis": "x", "origin": [7.892, 7.98, 14.7]},
			"faces": {
				"north": {"uv": [9.75, 14, 10, 14.5], "texture": "#2_4"},
				"east": {"uv": [9.5, 14, 10, 14.5], "texture": "#2_4"},
				"south": {"uv": [9.5, 14, 9.75, 14.5], "texture": "#2_4"},
				"west": {"uv": [9.5, 14.5, 10, 14], "rotation": 180, "texture": "#2_4"},
				"up": {"uv": [10, 14, 9.5, 14.25], "rotation": 90, "texture": "#2_4"},
				"down": {"uv": [9.5, 14.25, 10, 14.5], "rotation": 90, "texture": "#2_4"}
			}
		},
		{
			"name": "crest_red_28",
			"from": [7.217, 6.2753, -2.18602],
			"to": [8.567, 7.2753, -1.18602],
			"rotation": {"angle": 45, "axis": "x", "origin": [7.892, 7.98, 14.7]},
			"faces": {
				"north": {"uv": [13.75, 14, 14, 14.5], "texture": "#2_4"},
				"east": {"uv": [13.5, 14, 14, 14.5], "texture": "#2_4"},
				"south": {"uv": [13.5, 14, 13.75, 14.5], "texture": "#2_4"},
				"west": {"uv": [13.5, 14.5, 14, 14], "rotation": 180, "texture": "#2_4"},
				"up": {"uv": [14, 14, 13.5, 14.25], "rotation": 90, "texture": "#2_4"},
				"down": {"uv": [13.5, 14.25, 14, 14.5], "rotation": 90, "texture": "#2_4"}
			}
		},
		{
			"name": "crest_red_29",
			"from": [7.217, 5.2753, 17.81398],
			"to": [8.567, 6.2753, 19.81398],
			"rotation": {"angle": 45, "axis": "x", "origin": [7.892, 7.98, 14.7]},
			"faces": {
				"north": {"uv": [3.75, 14.5, 4, 15], "texture": "#2_4"},
				"east": {"uv": [3, 14.5, 4, 15], "texture": "#2_4"},
				"south": {"uv": [3, 14.5, 3.25, 15], "texture": "#2_4"},
				"west": {"uv": [3, 15, 4, 14.5], "rotation": 180, "texture": "#2_4"},
				"up": {"uv": [4, 14.5, 3, 14.75], "rotation": 90, "texture": "#2_4"},
				"down": {"uv": [3, 14.75, 4, 15], "rotation": 90, "texture": "#2_4"}
			}
		}
	],
	"display": {
		"thirdperson_righthand": {
			"rotation": [45, 21.25, 0],
			"translation": [0.5, 3.25, -1.75],
			"scale": [0.5, 0.5, 0.5]
		},
		"thirdperson_lefthand": {
			"rotation": [45, 21.25, 0],
			"translation": [0.5, 3.25, -1.75],
			"scale": [0.5, 0.5, 0.5]
		},
		"firstperson_righthand": {
			"rotation": [-32.5, 127, 13.75],
			"translation": [0, 5.75, 0],
			"scale": [0.4, 0.4, 0.4]
		},
		"firstperson_lefthand": {
			"rotation": [-32.5, 127, 13.75],
			"translation": [0, 5.75, 0],
			"scale": [0.4, 0.4, 0.4]
		},
		"ground": {
			"rotation": [25, 0, 0],
			"translation": [0, 4, 0],
			"scale": [0.5, 0.5, 0.5]
		},
		"gui": {
			"rotation": [-12, 225, -23.75],
			"translation": [0, 2.75, 0],
			"scale": [0.5, 0.5, 0.5]
		},
		"head": {
			"translation": [0, 7.75, 0],
			"scale": [0.95, 0.95, 0.95]
		},
		"fixed": {
			"rotation": [-69.75, 0, 0],
			"translation": [0, 0, -10]
		}
	},
	"groups": [
		{
			"name": "coolus",
			"origin": [8, 8, 8],
			"children": [0, 1,
				{
					"name": "knob",
					"origin": [8, 0, 8],
					"children": [2, 3]
				}
			]
		},
		{
			"name": "carthaginian",
			"origin": [8, 8, 8],
			"children": [
				{
					"name": "crest_red",
					"origin": [8, 8, 8],
					"children": [4, 5, 6, 7, 8, 9, 10, 11, 12, 13, 14, 15, 16, 17, 18, 19, 20, 21, 22, 23, 24, 25, 26, 27, 28, 29, 30]
				}
			]
		}
	]
}