{
	"credit": "Made with Blockbench",
	"texture_size": [64, 64],
	"textures": {
		"7": "./helmet2",
		"particle": "./helmet2"
	},
	"elements": [
		{
			"from": [3.25, 4.99, 3.25],
			"to": [11.75, 4.99, 12.75],
			"rotation": {"angle": 0, "axis": "y", "origin": [-16.5, -3, 0]},
			"faces": {
				"north": {"uv": [0, 0, 2.125, 0], "texture": "#7"},
				"east": {"uv": [0, 0, 2.375, 0], "texture": "#7"},
				"south": {"uv": [0, 0, 2.125, 0], "texture": "#7"},
				"west": {"uv": [0, 0, 2.375, 0], "texture": "#7"},
				"up": {"uv": [9.125, 11.625, 7, 9.25], "texture": "#7"},
				"down": {"uv": [9.125, 9.25, 7, 11.625], "texture": "#7"}
			}
		},
		{
			"from": [10.25, 2.99, 8.25],
			"to": [10.75, 4.99, 10.75],
			"rotation": {"angle": 0, "axis": "y", "origin": [-16.5, -3, 0]},
			"faces": {
				"north": {"uv": [5.5, 2, 5.625, 2.5], "texture": "#7"},
				"east": {"uv": [11.25, 13.25, 11.875, 13.75], "texture": "#7"},
				"south": {"uv": [3.25, 7, 3.375, 7.5], "texture": "#7"},
				"west": {"uv": [13.25, 11.5, 13.875, 12], "texture": "#7"},
				"up": {"uv": [1.375, 13.875, 1.25, 13.25], "texture": "#7"},
				"down": {"uv": [5.375, 13.25, 5.25, 13.875], "texture": "#7"}
			}
		},
		{
			"from": [4.25, 2.99, 8.25],
			"to": [4.75, 4.99, 10.75],
			"rotation": {"angle": 0, "axis": "y", "origin": [32.5, -3, 0]},
			"faces": {
				"north": {"uv": [5.625, 2, 5.5, 2.5], "texture": "#7"},
				"east": {"uv": [13.875, 11.5, 13.25, 12], "texture": "#7"},
				"south": {"uv": [3.375, 7, 3.25, 7.5], "texture": "#7"},
				"west": {"uv": [11.875, 13.25, 11.25, 13.75], "texture": "#7"},
				"up": {"uv": [1.25, 13.875, 1.375, 13.25], "texture": "#7"},
				"down": {"uv": [5.25, 13.25, 5.375, 13.875], "texture": "#7"}
			}
		},
		{
			"from": [6.01, 13.04894, 7.04997],
			"to": [8.99, 15.04894, 11.04997],
			"rotation": {"angle": 22.5, "axis": "x", "origin": [8.5, 9.39971, 8.89035]},
			"faces": {
				"north": {"uv": [13.25, 10.5, 14, 11], "texture": "#7"},
				"east": {"uv": [0, 13.25, 1, 13.75], "texture": "#7"},
				"south": {"uv": [13.25, 11, 14, 11.5], "texture": "#7"},
				"west": {"uv": [13.25, 9, 14.25, 9.5], "texture": "#7"},
				"up": {"uv": [10.75, 9, 10, 8], "texture": "#7"},
				"down": {"uv": [10.5, 12.75, 9.75, 13.75], "texture": "#7"}
			}
		},
		{
			"from": [3.75, 5.75, 3.75],
			"to": [11.25, 7.5, 12.25],
			"rotation": {"angle": 0, "axis": "y", "origin": [-16.5, -3, 0]},
			"faces": {
				"north": {"uv": [1.5, 13, 3.375, 13.4375], "texture": "#7"},
				"east": {"uv": [12.5, 2.75, 14.625, 3.1875], "texture": "#7"},
				"south": {"uv": [13, 3.25, 14.875, 3.6875], "texture": "#7"},
				"west": {"uv": [12.5, 8.5, 14.625, 8.9375], "texture": "#7"},
				"up": {"uv": [1.875, 11.625, 0, 9.5], "texture": "#7"},
				"down": {"uv": [3.875, 9.75, 2, 11.875], "texture": "#7"}
			}
		},
		{
			"from": [3.96, 5, 4],
			"to": [11.02, 6.5, 12],
			"rotation": {"angle": 0, "axis": "y", "origin": [-16.5, -3, 0]},
			"faces": {
				"north": {"uv": [6.5, 13, 8.25, 13.375], "texture": "#7"},
				"east": {"uv": [13, 5.25, 15, 5.625], "texture": "#7"},
				"south": {"uv": [3.5, 13.25, 5.25, 13.625], "texture": "#7"},
				"west": {"uv": [13, 5.75, 15, 6.125], "texture": "#7"},
				"up": {"uv": [11.25, 5.75, 9.5, 3.75], "texture": "#7"},
				"down": {"uv": [5.75, 9.75, 4, 11.75], "texture": "#7"}
			}
		},
		{
			"from": [5, 10.39993, 6.01882],
			"to": [10, 15.14993, 10.01882],
			"rotation": {"angle": 45, "axis": "x", "origin": [7.5, 11.21315, 7.89453]},
			"faces": {
				"north": {"uv": [5.75, 10, 7, 11.1875], "texture": "#7"},
				"east": {"uv": [10.75, 12, 11.75, 13.1875], "texture": "#7"},
				"south": {"uv": [5.75, 11.25, 7, 12.4375], "texture": "#7"},
				"west": {"uv": [11.75, 12, 12.75, 13.1875], "texture": "#7"},
				"up": {"uv": [2.75, 13, 1.5, 12], "texture": "#7"},
				"down": {"uv": [4, 12, 2.75, 13], "texture": "#7"}
			}
		},
		{
			"from": [3.97, 6.13003, 5.49532],
			"to": [11.01, 11.38003, 11.49532],
			"rotation": {"angle": 22.5, "axis": "x", "origin": [7.5, 10.69324, 7.62103]},
			"faces": {
				"north": {"uv": [11.5, 9, 13.25, 10.3125], "texture": "#7"},
				"east": {"uv": [0, 11.75, 1.5, 13.0625], "texture": "#7"},
				"south": {"uv": [11.5, 10.5, 13.25, 11.8125], "texture": "#7"},
				"west": {"uv": [4, 11.75, 5.5, 13.0625], "texture": "#7"},
				"up": {"uv": [13, 4.75, 11.25, 3.25], "texture": "#7"},
				"down": {"uv": [13, 4.75, 11.25, 6.25], "texture": "#7"}
			}
		},
		{
			"from": [3.98, 7.34512, 5.46322],
			"to": [10.98, 9.84512, 11.46322],
			"rotation": {"angle": 0, "axis": "y", "origin": [7.5, 9.15834, 7.58894]},
			"faces": {
				"north": {"uv": [12.5, 7.75, 14.25, 8.375], "texture": "#7"},
				"east": {"uv": [12.75, 12, 14.25, 12.625], "texture": "#7"},
				"south": {"uv": [12.75, 0, 14.5, 0.625], "texture": "#7"},
				"west": {"uv": [12.75, 12.75, 14.25, 13.375], "texture": "#7"},
				"up": {"uv": [12.5, 9, 10.75, 7.5], "texture": "#7"},
				"down": {"uv": [12.75, 0, 11, 1.5], "texture": "#7"}
			}
		},
		{
			"from": [5.02, 9.10738, 6.83551],
			"to": [9.96, 13.60738, 10.83551],
			"rotation": {"angle": 22.5, "axis": "x", "origin": [7.5, 9.67059, 8.71123]},
			"faces": {
				"north": {"uv": [11.25, 6.25, 12.5, 7.375], "texture": "#7"},
				"east": {"uv": [12.5, 1.5, 13.5, 2.625], "texture": "#7"},
				"south": {"uv": [7, 11.75, 8.25, 12.875], "texture": "#7"},
				"west": {"uv": [5.5, 12.5, 6.5, 13.625], "texture": "#7"},
				"up": {"uv": [9.5, 12.75, 8.25, 11.75], "texture": "#7"},
				"down": {"uv": [10.75, 11.75, 9.5, 12.75], "texture": "#7"}
			}
		},
		{
			"from": [6, 11.37826, 12.04745],
			"to": [9, 13.37826, 14.04745],
			"rotation": {"angle": 45, "axis": "x", "origin": [7.5, 12.37826, 13.04745]},
			"faces": {
				"north": {"uv": [10.25, 0, 11, 0.5], "texture": "#7"},
				"east": {"uv": [5.25, 6, 5.75, 6.5], "texture": "#7"},
				"south": {"uv": [13.25, 9.5, 14, 10], "texture": "#7"},
				"west": {"uv": [10.75, 3.25, 11.25, 3.75], "texture": "#7"},
				"up": {"uv": [14, 10.5, 13.25, 10], "texture": "#7"},
				"down": {"uv": [11.25, 13.25, 10.5, 13.75], "texture": "#7"}
			}
		},
		{
			"from": [3.99, 5.34512, 4.96322],
			"to": [10.96, 7.84512, 10.96322],
			"rotation": {"angle": -22.5, "axis": "x", "origin": [7.5, 9.15834, 7.58894]},
			"faces": {
				"north": {"uv": [12.5, 6.25, 14.25, 6.875], "texture": "#7"},
				"east": {"uv": [12.75, 0.75, 14.25, 1.375], "texture": "#7"},
				"south": {"uv": [12.5, 7, 14.25, 7.625], "texture": "#7"},
				"west": {"uv": [8.25, 12.75, 9.75, 13.375], "texture": "#7"},
				"up": {"uv": [11.25, 7.5, 9.5, 6], "texture": "#7"},
				"down": {"uv": [12.5, 1.75, 10.75, 3.25], "texture": "#7"}
			}
		},
		{
			"from": [5.01, 8.49194, 10.40887],
			"to": [9.98, 10.99194, 11.40887],
			"rotation": {"angle": -22.5, "axis": "x", "origin": [7.5, 9.30516, 8.03459]},
			"faces": {
				"north": {"uv": [13, 3.75, 14.25, 4.375], "texture": "#7"},
				"east": {"uv": [5.5, 11.75, 5.75, 12.375], "texture": "#7"},
				"south": {"uv": [13, 4.5, 14.25, 5.125], "texture": "#7"},
				"west": {"uv": [1, 13.25, 1.25, 13.875], "texture": "#7"},
				"up": {"uv": [11.25, 6, 10, 5.75], "texture": "#7"},
				"down": {"uv": [11.25, 9, 10, 9.25], "texture": "#7"}
			}
		}
	],
	"display": {
		"thirdperson_righthand": {
			"rotation": [-151.25, -33.75, 180],
			"translation": [0, 1.5, 0],
			"scale": [0.99805, 0.99805, 0.99805]
		},
		"thirdperson_lefthand": {
			"rotation": [-151.25, -33.75, 180],
			"translation": [0, 1.5, 0],
			"scale": [0.99805, 0.99805, 0.99805]
		},
		"firstperson_righthand": {
			"rotation": [-30.45, -52.52, -26.43],
			"translation": [0.75, 4.5, 0],
			"scale": [0.75195, 0.75195, 0.75195]
		},
		"firstperson_lefthand": {
			"rotation": [-30.45, -52.52, -26.43],
			"translation": [0.75, 4.5, 0],
			"scale": [0.75195, 0.75195, 0.75195]
		},
		"ground": {
			"rotation": [-180, 18, -180],
			"translation": [0, 0, -5.5],
			"scale": [1.85547, 1.85547, 1.85547]
		},
		"gui": {
			"rotation": [10.21, 46.41, 6.17],
			"scale": [0.90039, 0.90039, 0.90039]
		},
		"head": {
			"rotation": [-166.75, 1, -180],
			"translation": [-1, 6.5, 1.25],
			"scale": [2.12109, 2.12109, 2.12109]
		},
		"fixed": {
			"rotation": [-180, 18, -180],
			"translation": [0, 0, -5.5],
			"scale": [1.85547, 1.85547, 1.85547]
		}
	}
}