{
	"textures": {
		"0": "helmets/visor2",
		"1": "helmets/plume",
		"3": "helmets/boeotian",
		"particle": "helmets/coolus"
	},
	"elements": [
		{
			"from": [0.15, -5.92257, -6.25595],
			"to": [15.85, 9.77743, 14.36905],
			"rotation": {"angle": -45, "axis": "x", "origin": [8.02008, -0.54581, 9.82324]},
			"faces": {
				"east": {"uv": [0, 4, 4, 8], "rotation": 270, "texture": "#0", "cullface": "east"},
				"south": {"uv": [4, 0, 8, 4], "texture": "#0", "cullface": "south"},
				"west": {"uv": [8, 4, 12, 8], "rotation": 90, "texture": "#0", "cullface": "west"},
				"up": {"uv": [4, 4, 8, 8], "rotation": 180, "texture": "#0", "cullface": "up"},
				"down": {"uv": [12, 4, 16, 8], "texture": "#0", "cullface": "down"}
			}
		},
		{
			"from": [15.85, 4.97537, 14.30923],
			"to": [0.15, -10.72463, -6.31577],
			"rotation": {"angle": -45, "axis": "x", "origin": [8, -2.87463, 3.99673]},
			"faces": {
				"north": {"uv": [4, 0, 8, 4], "rotation": 180, "texture": "#0", "cullface": "south"},
				"east": {"uv": [0, 4, 4, 8], "rotation": 90, "texture": "#0", "cullface": "east"},
				"west": {"uv": [8, 4, 12, 8], "rotation": 270, "texture": "#0", "cullface": "west"},
				"up": {"uv": [12, 4, 16, 8], "texture": "#0", "cullface": "down"},
				"down": {"uv": [8, 4, 4, 8], "rotation": 180, "texture": "#0", "cullface": "up"}
			}
		},
		{
			"from": [0.225, -8.25, 13.05],
			"to": [15.775, -1.375, 15.5],
			"rotation": {"angle": -22.5, "axis": "x", "origin": [8.02008, -0.54581, 6.17676]},
			"faces": {
				"north": {"uv": [12, 8, 16, 4], "rotation": 180, "texture": "#0", "cullface": "north"},
				"east": {"uv": [14.5, 2.75, 14, 1.25], "rotation": 180, "texture": "#0", "cullface": "east"},
				"south": {"uv": [10, 2.75, 14, 1.25], "rotation": 180, "texture": "#0", "cullface": "south"},
				"west": {"uv": [10, 2.75, 9.5, 1.25], "rotation": 180, "texture": "#0", "cullface": "west"},
				"up": {"uv": [8, 0, 4, 4], "rotation": 180, "texture": "#0", "cullface": "up"}
			}
		},
		{
			"from": [15.775, 2.04884, 16.51635],
			"to": [0.225, -4.82616, 14.06635],
			"rotation": {"angle": -22.5, "axis": "x", "origin": [8, -1.38866, 15.29135]},
			"faces": {
				"north": {"uv": [14, 2.75, 10, 1.25], "texture": "#0", "cullface": "south"},
				"east": {"uv": [14.5, 2.75, 14, 1.25], "texture": "#0", "cullface": "east"},
				"south": {"uv": [12, 8, 16, 4], "texture": "#0", "cullface": "north"},
				"west": {"uv": [10, 2.75, 9.5, 1.25], "texture": "#0", "cullface": "west"},
				"down": {"uv": [8, 0, 4, 4], "rotation": 180, "texture": "#0", "cullface": "up"}
			}
		},
		{
			"from": [13.90295, -3.34776, 2.20316],
			"to": [16.10295, 2.27724, 8.90316],
			"rotation": {"angle": 22.5, "axis": "z", "origin": [8.02008, 2.20419, 9.82324]},
			"faces": {
				"north": {"uv": [7.75, 9.5, 8.5, 11], "texture": "#0", "cullface": "north"},
				"east": {"uv": [4.375, 9.5, 5.875, 11], "texture": "#0", "cullface": "east"},
				"south": {"uv": [3.5, 9.5, 4.25, 11], "texture": "#0", "cullface": "south"},
				"west": {"uv": [12, 4, 16, 8], "texture": "#0", "cullface": "west"},
				"up": {"uv": [4, 0, 8, 4], "rotation": 90, "texture": "#0", "cullface": "up"}
			}
		},
		{
			"from": [16.61975, 5.158, 8.90316],
			"to": [14.41975, -0.467, 2.20316],
			"rotation": {"angle": 22.5, "axis": "z", "origin": [15.51975, 2.3455, 5.55316]},
			"faces": {
				"north": {"uv": [7.75, 9.5, 8.5, 11], "rotation": 180, "texture": "#0", "cullface": "north"},
				"east": {"uv": [12, 4, 16, 8], "rotation": 180, "texture": "#0", "cullface": "west"},
				"south": {"uv": [3.5, 9.5, 4.25, 11], "rotation": 180, "texture": "#0", "cullface": "south"},
				"west": {"uv": [5.875, 9.5, 4.375, 11], "rotation": 180, "texture": "#0", "cullface": "east"},
				"down": {"uv": [4, 0, 8, 4], "rotation": 270, "texture": "#0", "cullface": "up"}
			}
		},
		{
			"from": [-0.10295, -3.34776, 2.20316],
			"to": [2.09705, 2.27724, 8.90316],
			"rotation": {"angle": -22.5, "axis": "z", "origin": [7.97992, 2.20419, 9.82324]},
			"faces": {
				"north": {"uv": [8.5, 9.5, 7.75, 11], "texture": "#0", "cullface": "north"},
				"east": {"uv": [16, 4, 12, 8], "texture": "#0", "cullface": "east"},
				"south": {"uv": [4.25, 9.5, 3.5, 11], "texture": "#0", "cullface": "south"},
				"west": {"uv": [5.875, 9.5, 4.375, 11], "texture": "#0", "cullface": "west"},
				"up": {"uv": [4, 4, 8, 0], "rotation": 90, "texture": "#0", "cullface": "up"}
			}
		},
		{
			"from": [2.09705, 2.27724, 8.90316],
			"to": [-0.10295, -3.34776, 2.20316],
			"rotation": {"angle": -22.5, "axis": "z", "origin": [7.97992, 2.20419, 1.28308]},
			"faces": {
				"north": {"uv": [8.5, 9.5, 7.75, 11], "rotation": 180, "texture": "#0", "cullface": "north"},
				"east": {"uv": [4.375, 9.5, 5.875, 11], "rotation": 180, "texture": "#0", "cullface": "west"},
				"south": {"uv": [4.25, 9.5, 3.5, 11], "rotation": 180, "texture": "#0", "cullface": "south"},
				"west": {"uv": [16, 4, 12, 8], "rotation": 180, "texture": "#0", "cullface": "east"},
				"down": {"uv": [4, 4, 8, 0], "rotation": 270, "texture": "#0", "cullface": "up"}
			}
		},
		{
			"from": [0.25, -7.4769, 0.27419],
			"to": [15.75, 8.5231, 15.77419],
			"rotation": {"angle": 0, "axis": "x", "origin": [8.02008, -0.54581, 9.82324]},
			"faces": {
				"north": {"uv": [4, 4, 8, 8], "texture": "#3", "cullface": "north"},
				"east": {"uv": [0, 4, 4, 8], "texture": "#3", "cullface": "east"},
				"south": {"uv": [12, 4, 16, 8], "texture": "#3", "cullface": "south"},
				"west": {"uv": [8, 4, 12, 8], "texture": "#3", "cullface": "west"},
				"up": {"uv": [4, 0, 8, 4], "texture": "#3", "cullface": "up"},
				"down": {"uv": [8, 0, 12, 4], "texture": "#3", "cullface": "down"}
			}
		},
		{
			"from": [15.75, 8.5231, 15.77419],
			"to": [0.25, -7.4769, 0.27419],
			"rotation": {"angle": 0, "axis": "x", "origin": [8, 0.5231, 8.02419]},
			"faces": {
				"north": {"uv": [16, 4, 12, 8], "rotation": 180, "texture": "#3", "cullface": "south"},
				"east": {"uv": [0, 4, 4, 8], "rotation": 180, "texture": "#3", "cullface": "east"},
				"south": {"uv": [8, 4, 4, 8], "rotation": 180, "texture": "#3", "cullface": "north"},
				"west": {"uv": [8, 4, 12, 8], "rotation": 180, "texture": "#3", "cullface": "west"},
				"up": {"uv": [8, 0, 12, 4], "texture": "#3", "cullface": "down"},
				"down": {"uv": [4, 0, 8, 4], "texture": "#3", "cullface": "up"}
			}
		},
		{
			"from": [7.25, 9, 7.25],
			"to": [8.75, 10.25, 8.75],
			"rotation": {"angle": 0, "axis": "y", "origin": [8, 0.5, 8]},
			"faces": {
				"north": {"uv": [4, 0, 4.5, 0.5], "texture": "#3", "cullface": "north"},
				"east": {"uv": [0, 0, 0.5, 0.5], "texture": "#3", "cullface": "east"},
				"south": {"uv": [4, 0, 4.5, 0.5], "texture": "#3", "cullface": "south"},
				"west": {"uv": [4, 0, 4.5, 0.5], "texture": "#3", "cullface": "west"},
				"up": {"uv": [4, 0, 4.5, 0.5], "texture": "#3", "cullface": "up"},
				"down": {"uv": [4, 0, 4.5, 0.5], "texture": "#3", "cullface": "down"}
			}
		},
		{
			"from": [7.5, 8.5, 7.5],
			"to": [8.5, 10, 8.5],
			"rotation": {"angle": 0, "axis": "y", "origin": [8, 0.5, 8]},
			"faces": {
				"north": {"uv": [4, 0, 4.5, 0.5], "texture": "#3", "cullface": "north"},
				"east": {"uv": [0, 0, 0.5, 0.5], "texture": "#3", "cullface": "east"},
				"south": {"uv": [4, 0, 4.5, 0.5], "texture": "#3", "cullface": "south"},
				"west": {"uv": [4, 0, 4.5, 0.5], "texture": "#3", "cullface": "west"},
				"up": {"uv": [4, 0, 4.5, 0.5], "texture": "#3", "cullface": "up"},
				"down": {"uv": [4, 0, 4.5, 0.5], "texture": "#3", "cullface": "down"}
			}
		},
		{
			"from": [11.22752, 3.25, 8.16591],
			"to": [11.25252, 19.25, 24.16591],
			"rotation": {"angle": 22.5, "axis": "y", "origin": [7.94001, 11.23662, 16.11435]},
			"faces": {
				"east": {"uv": [16, 0, 0, 16], "texture": "#1", "cullface": "up"},
				"west": {"uv": [0, 0, 16, 16], "texture": "#1", "cullface": "up"}
			}
		},
		{
			"from": [7.9441, 3.25, 7.50004],
			"to": [7.9691, 19.25, 23.50004],
			"rotation": {"angle": 0, "axis": "y", "origin": [7.94001, 11.23662, 16.11435]},
			"faces": {
				"east": {"uv": [16, 0, 0, 16], "texture": "#1", "cullface": "up"},
				"west": {"uv": [0, 0, 16, 16], "texture": "#1", "cullface": "up"}
			}
		},
		{
			"from": [4.6308, 3.25, 8.14137],
			"to": [4.6558, 19.25, 24.14137],
			"rotation": {"angle": -22.5, "axis": "y", "origin": [7.94001, 11.23662, 16.11435]},
			"faces": {
				"east": {"uv": [16, 0, 0, 16], "texture": "#1", "cullface": "up"},
				"west": {"uv": [0, 0, 16, 16], "texture": "#1", "cullface": "up"}
			}
		}
	],
	"display": {
		"thirdperson_righthand": {
			"rotation": [-0.75, 21.25, 0],
			"translation": [0.5, 2.75, -2.25],
			"scale": [0.5, 0.5, 0.5]
		},
		"thirdperson_lefthand": {
			"rotation": [-0.75, 21.25, 0],
			"translation": [0.5, 2.75, -2.25],
			"scale": [0.5, 0.5, 0.5]
		},
		"firstperson_righthand": {
			"rotation": [-32.5, 127, 13.75],
			"translation": [0, 5.75, 0],
			"scale": [0.4, 0.4, 0.4]
		},
		"firstperson_lefthand": {
			"rotation": [-32.5, 127, 13.75],
			"translation": [0, 5.75, 0],
			"scale": [0.4, 0.4, 0.4]
		},
		"ground": {
			"translation": [0, 4, 0],
			"scale": [0.5, 0.5, 0.5]
		},
		"gui": {
			"rotation": [30, 225, 0],
			"translation": [0, 2.75, 0],
			"scale": [0.5, 0.5, 0.5]
		},
		"head": {
			"rotation": [8.75, 0, 0],
			"translation": [0, 7.25, 0.5]
		},
		"fixed": {
			"rotation": [-69.75, 0, 0],
			"translation": [0, 0, -10]
		}
	},
	"groups": [0, 1, 2, 3, 4, 5, 6, 7, 8, 9,
		{
			"name": "coolus",
			"origin": [8, 8, 8],
			"children": [
				{
					"name": "coolus",
					"origin": [8, 8, 8],
					"children": [10, 11]
				},
				{
					"name": "plume",
					"origin": [7.94001, 18.73662, 15.61435],
					"children": [12, 13, 14]
				}
			]
		}
	]
}