{
	"credit": "Made with Blockbench",
	"texture_size": [64, 64],
	"textures": {
		"3": "./cartagian"
	},
	"elements": [
		{
			"from": [11, 2, 5],
			"to": [12, 9, 6],
			"faces": {
				"north": {"uv": [5, 5.75, 5.25, 8], "texture": "#3"},
				"east": {"uv": [5.25, 5.75, 5.5, 8], "texture": "#3"},
				"south": {"uv": [5.5, 5.75, 5.75, 8], "texture": "#3"},
				"west": {"uv": [5.75, 5.75, 6, 8], "texture": "#3"},
				"up": {"uv": [7.25, 8, 7, 7.75], "texture": "#3"},
				"down": {"uv": [7.5, 7.75, 7.25, 8], "texture": "#3"}
			}
		},
		{
			"from": [4, 2, 5],
			"to": [5, 9, 6],
			"faces": {
				"north": {"uv": [6, 0, 6.25, 2.25], "texture": "#3"},
				"east": {"uv": [6, 2.25, 6.25, 4.5], "texture": "#3"},
				"south": {"uv": [6, 5.75, 6.25, 8], "texture": "#3"},
				"west": {"uv": [6.25, 0, 6.5, 2.25], "texture": "#3"},
				"up": {"uv": [7.75, 8, 7.5, 7.75], "texture": "#3"},
				"down": {"uv": [8, 7.75, 7.75, 8], "texture": "#3"}
			}
		},
		{
			"from": [4, 9, 5],
			"to": [12, 10, 6],
			"faces": {
				"north": {"uv": [6, 4.5, 8, 4.75], "texture": "#3"},
				"east": {"uv": [8, 0, 8.25, 0.25], "texture": "#3"},
				"south": {"uv": [6, 4.75, 8, 5], "texture": "#3"},
				"west": {"uv": [8, 0.25, 8.25, 0.5], "texture": "#3"},
				"up": {"uv": [8.25, 2.5, 6.25, 2.25], "texture": "#3"},
				"down": {"uv": [8.25, 2.5, 6.25, 2.75], "texture": "#3"}
			}
		},
		{
			"from": [4, 10, 5],
			"to": [12, 11, 6],
			"faces": {
				"north": {"uv": [6.75, 5, 7.75, 5.25], "texture": "#3"},
				"east": {"uv": [8, 2, 8.25, 2.25], "texture": "#3"},
				"south": {"uv": [6.75, 5.25, 7.75, 5.5], "texture": "#3"},
				"west": {"uv": [8, 4.5, 8.25, 4.75], "texture": "#3"},
				"up": {"uv": [7.75, 5.75, 6.75, 5.5], "texture": "#3"},
				"down": {"uv": [7.75, 5.75, 6.75, 6], "texture": "#3"}
			}
		},
		{
			"from": [6, 11, 6],
			"to": [10, 12, 7],
			"faces": {
				"north": {"uv": [6.75, 6, 7.75, 6.25], "texture": "#3"},
				"east": {"uv": [8, 4.75, 8.25, 5], "texture": "#3"},
				"south": {"uv": [6.75, 6.25, 7.75, 6.5], "texture": "#3"},
				"west": {"uv": [5, 8, 5.25, 8.25], "texture": "#3"},
				"up": {"uv": [7.5, 7, 6.5, 6.75], "texture": "#3"},
				"down": {"uv": [7.75, 6.5, 6.75, 6.75], "texture": "#3"}
			}
		},
		{
			"from": [6, 11, 12],
			"to": [10, 12, 13],
			"faces": {
				"north": {"uv": [7, 1, 8, 1.25], "texture": "#3"},
				"east": {"uv": [5.75, 8, 6, 8.25], "texture": "#3"},
				"south": {"uv": [7, 1.25, 8, 1.5], "texture": "#3"},
				"west": {"uv": [6, 8, 6.25, 8.25], "texture": "#3"},
				"up": {"uv": [8, 1.75, 7, 1.5], "texture": "#3"},
				"down": {"uv": [7.5, 7, 6.5, 7.25], "texture": "#3"}
			}
		},
		{
			"from": [4, 10, 13],
			"to": [12, 11, 14],
			"faces": {
				"north": {"uv": [7.25, 3.75, 8.25, 4], "texture": "#3"},
				"east": {"uv": [6.25, 8, 6.5, 8.25], "texture": "#3"},
				"south": {"uv": [7.25, 4, 8.25, 4.25], "texture": "#3"},
				"west": {"uv": [6.5, 8, 6.75, 8.25], "texture": "#3"},
				"up": {"uv": [8.25, 4.5, 7.25, 4.25], "texture": "#3"},
				"down": {"uv": [7.5, 7.25, 6.5, 7.5], "texture": "#3"}
			}
		},
		{
			"from": [5, 1, 13],
			"to": [11, 2, 14],
			"faces": {
				"north": {"uv": [7.25, 3.75, 8.25, 4], "texture": "#3"},
				"east": {"uv": [6.25, 8, 6.5, 8.25], "texture": "#3"},
				"south": {"uv": [7.25, 4, 8.25, 4.25], "texture": "#3"},
				"west": {"uv": [6.5, 8, 6.75, 8.25], "texture": "#3"},
				"up": {"uv": [8.25, 4.5, 7.25, 4.25], "texture": "#3"},
				"down": {"uv": [7.5, 7.25, 6.5, 7.5], "texture": "#3"}
			}
		},
		{
			"from": [10, 11, 6],
			"to": [11, 12, 7],
			"faces": {
				"north": {"uv": [7.25, 8, 7.5, 8.25], "texture": "#3"},
				"east": {"uv": [7.5, 8, 7.75, 8.25], "texture": "#3"},
				"south": {"uv": [8, 7.5, 8.25, 7.75], "texture": "#3"},
				"west": {"uv": [7.75, 8, 8, 8.25], "texture": "#3"},
				"up": {"uv": [8.25, 8, 8, 7.75], "texture": "#3"},
				"down": {"uv": [8.25, 8, 8, 8.25], "texture": "#3"}
			}
		},
		{
			"from": [11, 11, 6],
			"to": [12, 12, 7],
			"faces": {
				"north": {"uv": [8.25, 0, 8.5, 0.25], "texture": "#3"},
				"east": {"uv": [8.25, 0.25, 8.5, 0.5], "texture": "#3"},
				"south": {"uv": [0.5, 8.25, 0.75, 8.5], "texture": "#3"},
				"west": {"uv": [8.25, 0.5, 8.5, 0.75], "texture": "#3"},
				"up": {"uv": [1, 8.5, 0.75, 8.25], "texture": "#3"},
				"down": {"uv": [8.5, 0.75, 8.25, 1], "texture": "#3"}
			}
		},
		{
			"from": [12, 10, 6],
			"to": [13, 11, 13],
			"faces": {
				"north": {"uv": [3, 8.25, 3.25, 8.5], "texture": "#3"},
				"east": {"uv": [7.5, 6.75, 8.25, 7], "texture": "#3"},
				"south": {"uv": [8.25, 3, 8.5, 3.25], "texture": "#3"},
				"west": {"uv": [7.5, 7, 8.25, 7.25], "texture": "#3"},
				"up": {"uv": [3.25, 8.25, 3, 7.5], "texture": "#3"},
				"down": {"uv": [3.5, 7.5, 3.25, 8.25], "texture": "#3"}
			}
		},
		{
			"from": [11, 11, 8],
			"to": [12, 12, 11],
			"faces": {
				"north": {"uv": [3.25, 8.25, 3.5, 8.5], "texture": "#3"},
				"east": {"uv": [7.25, 7.5, 8, 7.75], "texture": "#3"},
				"south": {"uv": [8.25, 3.25, 8.5, 3.5], "texture": "#3"},
				"west": {"uv": [7.5, 7.25, 8.25, 7.5], "texture": "#3"},
				"up": {"uv": [0.25, 8.5, 0, 7.75], "texture": "#3"},
				"down": {"uv": [0.5, 7.75, 0.25, 8.5], "texture": "#3"}
			}
		},
		{
			"from": [4, 11, 8],
			"to": [5, 12, 11],
			"faces": {
				"north": {"uv": [3.5, 8.25, 3.75, 8.5], "texture": "#3"},
				"east": {"uv": [0.5, 7.75, 1.25, 8], "texture": "#3"},
				"south": {"uv": [8.25, 3.5, 8.5, 3.75], "texture": "#3"},
				"west": {"uv": [1.25, 7.75, 2, 8], "texture": "#3"},
				"up": {"uv": [2.25, 8.5, 2, 7.75], "texture": "#3"},
				"down": {"uv": [2.5, 7.75, 2.25, 8.5], "texture": "#3"}
			}
		},
		{
			"from": [3, 10, 6],
			"to": [4, 11, 13],
			"faces": {
				"north": {"uv": [3.75, 8.25, 4, 8.5], "texture": "#3"},
				"east": {"uv": [7.75, 5, 8.5, 5.25], "texture": "#3"},
				"south": {"uv": [8.25, 3.75, 8.5, 4], "texture": "#3"},
				"west": {"uv": [7.75, 5.25, 8.5, 5.5], "texture": "#3"},
				"up": {"uv": [2.75, 8.5, 2.5, 7.75], "texture": "#3"},
				"down": {"uv": [3, 7.75, 2.75, 8.5], "texture": "#3"}
			}
		},
		{
			"from": [6.8, 14.3, 7.9],
			"to": [9.3, 15.4, 11],
			"faces": {
				"north": {"uv": [7.75, 6.25, 8.25, 6.5], "texture": "#3"},
				"east": {"uv": [7.75, 5.5, 8.5, 5.75], "texture": "#3"},
				"south": {"uv": [7.75, 6.5, 8.25, 6.75], "texture": "#3"},
				"west": {"uv": [7.75, 5.75, 8.5, 6], "texture": "#3"},
				"up": {"uv": [6.75, 4.5, 6.25, 3.75], "texture": "#3"},
				"down": {"uv": [7.25, 3.75, 6.75, 4.5], "texture": "#3"}
			}
		},
		{
			"from": [7, 14.3, 8],
			"to": [9, 18.3, 10.7],
			"faces": {
				"north": {"uv": [11, 3.75, 13.75, 5.75], "texture": "#3"},
				"east": {"uv": [11, 1.5, 13.75, 3.5], "texture": "#3"},
				"south": {"uv": [11, 1.5, 13.75, 3.5], "texture": "#3"},
				"west": {"uv": [11, 1.5, 13.75, 3.5], "texture": "#3"},
				"up": {"uv": [11, 1.5, 13.75, 3.5], "texture": "#3"},
				"down": {"uv": [11, 1.5, 13.75, 3.5], "texture": "#3"}
			}
		},
		{
			"from": [6.9, 10.9, 14.4],
			"to": [9.1, 13.9, 17.4],
			"rotation": {"angle": -22.5, "axis": "x", "origin": [0, 0, 0]},
			"faces": {
				"north": {"uv": [11, 1.5, 13.75, 3.5], "texture": "#3"},
				"east": {"uv": [11, 1.5, 13.75, 3.5], "texture": "#3"},
				"south": {"uv": [11, 1.5, 13.75, 3.5], "texture": "#3"},
				"west": {"uv": [11, 1.5, 13.75, 3.5], "texture": "#3"},
				"up": {"uv": [11, 0.75, 13.75, 1.5], "texture": "#3"},
				"down": {"uv": [11, 1.5, 13.75, 3.5], "texture": "#3"}
			}
		},
		{
			"from": [7.1, 19.1, 2.5],
			"to": [8.9, 22.1, 5.5],
			"rotation": {"angle": 22.5, "axis": "x", "origin": [0, 0, 0]},
			"faces": {
				"north": {"uv": [11, 1.5, 13.75, 3.5], "texture": "#3"},
				"east": {"uv": [11, 1.5, 13.75, 3.5], "texture": "#3"},
				"south": {"uv": [11, 1.5, 13.75, 3.5], "texture": "#3"},
				"west": {"uv": [11, 1.5, 13.75, 3.5], "texture": "#3"},
				"up": {"uv": [11, 0.75, 13.75, 1.5], "texture": "#3"},
				"down": {"uv": [11, 1.5, 13.75, 3.5], "texture": "#3"}
			}
		},
		{
			"from": [7.1, 19.1, 5.5],
			"to": [8.9, 22.1, 8.5],
			"rotation": {"angle": 22.5, "axis": "x", "origin": [0, 0, 0]},
			"faces": {
				"north": {"uv": [11, 1.5, 13.75, 3.5], "texture": "#3"},
				"east": {"uv": [11, 1.5, 13.75, 3.5], "texture": "#3"},
				"south": {"uv": [11, 1.5, 13.75, 3.5], "texture": "#3"},
				"west": {"uv": [11, 1.5, 13.75, 3.5], "texture": "#3"},
				"up": {"uv": [11, 0.75, 13.75, 1.5], "texture": "#3"},
				"down": {"uv": [11, 1.5, 13.75, 3.5], "texture": "#3"}
			}
		},
		{
			"from": [7.2, 21.8, -0.5],
			"to": [8.8, 23.8, 2.5],
			"rotation": {"angle": 45, "axis": "x", "origin": [0, 0, 0]},
			"faces": {
				"north": {"uv": [11, 1.5, 13.75, 3.5], "texture": "#3"},
				"east": {"uv": [11, 1.5, 13.75, 3.5], "texture": "#3"},
				"south": {"uv": [11, 1.5, 13.75, 3.5], "texture": "#3"},
				"west": {"uv": [11, 1.5, 13.75, 3.5], "texture": "#3"},
				"up": {"uv": [11, 0.75, 13.75, 1.5], "texture": "#3"},
				"down": {"uv": [11, 1.5, 13.75, 3.5], "texture": "#3"}
			}
		},
		{
			"from": [7.3, 3.7, 21.5],
			"to": [8.7, 6.7, 23],
			"rotation": {"angle": -22.5, "axis": "x", "origin": [0, 0, 0]},
			"faces": {
				"north": {"uv": [11, 1.5, 13.75, 3.5], "texture": "#3"},
				"east": {"uv": [11, 1.5, 13.75, 3.5], "texture": "#3"},
				"south": {"uv": [11, 0.75, 13.75, 1.5], "texture": "#3"},
				"west": {"uv": [11, 1.5, 13.75, 3.5], "texture": "#3"},
				"up": {"uv": [11, 1.5, 13.75, 3.5], "texture": "#3"},
				"down": {"uv": [11, 1.5, 13.75, 3.5], "texture": "#3"}
			}
		},
		{
			"from": [6.6, 12.3, 7.6],
			"to": [9.4, 14.3, 11.4],
			"faces": {
				"north": {"uv": [7.75, 6.25, 8.25, 6.5], "texture": "#3"},
				"east": {"uv": [7.75, 5.5, 8.5, 5.75], "texture": "#3"},
				"south": {"uv": [7.75, 6.5, 8.25, 6.75], "texture": "#3"},
				"west": {"uv": [7.75, 5.75, 8.5, 6], "texture": "#3"},
				"up": {"uv": [6.75, 4.5, 6.25, 3.75], "texture": "#3"},
				"down": {"uv": [7.25, 3.75, 6.75, 4.5], "texture": "#3"}
			}
		},
		{
			"from": [4.6, 11.3, 6.5],
			"to": [11.2, 12.3, 12.4],
			"faces": {
				"north": {"uv": [7.75, 6.25, 8.25, 6.5], "texture": "#3"},
				"east": {"uv": [7.75, 5.5, 8.5, 5.75], "texture": "#3"},
				"south": {"uv": [7.75, 6.5, 8.25, 6.75], "texture": "#3"},
				"west": {"uv": [7.75, 5.75, 8.5, 6], "texture": "#3"},
				"up": {"uv": [6.75, 4.5, 6.25, 3.75], "texture": "#3"},
				"down": {"uv": [7.25, 3.75, 6.75, 4.5], "texture": "#3"}
			}
		},
		{
			"from": [11, 11, 7],
			"to": [12, 12, 8],
			"faces": {
				"north": {"uv": [4, 8.25, 4.25, 8.5], "texture": "#3"},
				"east": {"uv": [8.25, 4, 8.5, 4.25], "texture": "#3"},
				"south": {"uv": [4.25, 8.25, 4.5, 8.5], "texture": "#3"},
				"west": {"uv": [8.25, 4.25, 8.5, 4.5], "texture": "#3"},
				"up": {"uv": [4.75, 8.5, 4.5, 8.25], "texture": "#3"},
				"down": {"uv": [8.5, 4.5, 8.25, 4.75], "texture": "#3"}
			}
		},
		{
			"from": [4, 11, 6],
			"to": [5, 12, 7],
			"faces": {
				"north": {"uv": [6, 8.25, 6.25, 8.5], "texture": "#3"},
				"east": {"uv": [6.25, 8.25, 6.5, 8.5], "texture": "#3"},
				"south": {"uv": [8.25, 6.25, 8.5, 6.5], "texture": "#3"},
				"west": {"uv": [6.5, 8.25, 6.75, 8.5], "texture": "#3"},
				"up": {"uv": [8.5, 6.75, 8.25, 6.5], "texture": "#3"},
				"down": {"uv": [7, 8.25, 6.75, 8.5], "texture": "#3"}
			}
		},
		{
			"from": [4, 11, 7],
			"to": [5, 12, 8],
			"faces": {
				"north": {"uv": [0, 8.5, 0.25, 8.75], "texture": "#3"},
				"east": {"uv": [8.5, 0, 8.75, 0.25], "texture": "#3"},
				"south": {"uv": [0.25, 8.5, 0.5, 8.75], "texture": "#3"},
				"west": {"uv": [8.5, 0.25, 8.75, 0.5], "texture": "#3"},
				"up": {"uv": [0.75, 8.75, 0.5, 8.5], "texture": "#3"},
				"down": {"uv": [8.75, 0.5, 8.5, 0.75], "texture": "#3"}
			}
		},
		{
			"from": [5, 11, 6],
			"to": [6, 12, 7],
			"faces": {
				"north": {"uv": [1.5, 8.5, 1.75, 8.75], "texture": "#3"},
				"east": {"uv": [8.5, 1.5, 8.75, 1.75], "texture": "#3"},
				"south": {"uv": [1.75, 8.5, 2, 8.75], "texture": "#3"},
				"west": {"uv": [8.5, 1.75, 8.75, 2], "texture": "#3"},
				"up": {"uv": [2.25, 8.75, 2, 8.5], "texture": "#3"},
				"down": {"uv": [8.75, 2, 8.5, 2.25], "texture": "#3"}
			}
		},
		{
			"from": [4, 11, 12],
			"to": [5, 12, 13],
			"faces": {
				"north": {"uv": [3.75, 8.5, 4, 8.75], "texture": "#3"},
				"east": {"uv": [8.5, 3.75, 8.75, 4], "texture": "#3"},
				"south": {"uv": [4, 8.5, 4.25, 8.75], "texture": "#3"},
				"west": {"uv": [8.5, 4, 8.75, 4.25], "texture": "#3"},
				"up": {"uv": [4.5, 8.75, 4.25, 8.5], "texture": "#3"},
				"down": {"uv": [8.75, 4.25, 8.5, 4.5], "texture": "#3"}
			}
		},
		{
			"from": [5, 11, 12],
			"to": [6, 12, 13],
			"faces": {
				"north": {"uv": [6, 8.5, 6.25, 8.75], "texture": "#3"},
				"east": {"uv": [8.5, 6, 8.75, 6.25], "texture": "#3"},
				"south": {"uv": [6.25, 8.5, 6.5, 8.75], "texture": "#3"},
				"west": {"uv": [8.5, 6.25, 8.75, 6.5], "texture": "#3"},
				"up": {"uv": [6.75, 8.75, 6.5, 8.5], "texture": "#3"},
				"down": {"uv": [8.75, 6.5, 8.5, 6.75], "texture": "#3"}
			}
		},
		{
			"from": [4, 11, 11],
			"to": [5, 12, 12],
			"faces": {
				"north": {"uv": [7.5, 8.5, 7.75, 8.75], "texture": "#3"},
				"east": {"uv": [8.5, 7.5, 8.75, 7.75], "texture": "#3"},
				"south": {"uv": [7.75, 8.5, 8, 8.75], "texture": "#3"},
				"west": {"uv": [8.5, 7.75, 8.75, 8], "texture": "#3"},
				"up": {"uv": [8.25, 8.75, 8, 8.5], "texture": "#3"},
				"down": {"uv": [8.75, 8, 8.5, 8.25], "texture": "#3"}
			}
		},
		{
			"from": [11, 11, 12],
			"to": [12, 12, 13],
			"faces": {
				"north": {"uv": [8.75, 1, 9, 1.25], "texture": "#3"},
				"east": {"uv": [1.25, 8.75, 1.5, 9], "texture": "#3"},
				"south": {"uv": [8.75, 1.25, 9, 1.5], "texture": "#3"},
				"west": {"uv": [1.5, 8.75, 1.75, 9], "texture": "#3"},
				"up": {"uv": [9, 1.75, 8.75, 1.5], "texture": "#3"},
				"down": {"uv": [2, 8.75, 1.75, 9], "texture": "#3"}
			}
		},
		{
			"from": [11, 11, 11],
			"to": [12, 12, 12],
			"faces": {
				"north": {"uv": [8.75, 3.25, 9, 3.5], "texture": "#3"},
				"east": {"uv": [3.5, 8.75, 3.75, 9], "texture": "#3"},
				"south": {"uv": [8.75, 3.5, 9, 3.75], "texture": "#3"},
				"west": {"uv": [3.75, 8.75, 4, 9], "texture": "#3"},
				"up": {"uv": [9, 4, 8.75, 3.75], "texture": "#3"},
				"down": {"uv": [4.25, 8.75, 4, 9], "texture": "#3"}
			}
		},
		{
			"from": [10, 11, 12],
			"to": [11, 12, 13],
			"faces": {
				"north": {"uv": [8.75, 4.75, 9, 5], "texture": "#3"},
				"east": {"uv": [5, 8.75, 5.25, 9], "texture": "#3"},
				"south": {"uv": [8.75, 5, 9, 5.25], "texture": "#3"},
				"west": {"uv": [5.25, 8.75, 5.5, 9], "texture": "#3"},
				"up": {"uv": [9, 5.5, 8.75, 5.25], "texture": "#3"},
				"down": {"uv": [5.75, 8.75, 5.5, 9], "texture": "#3"}
			}
		},
		{
			"from": [4, 2, 13],
			"to": [12, 10, 14],
			"faces": {
				"north": {"uv": [0, 2.5, 2, 5], "texture": "#3"},
				"east": {"uv": [3.5, 5.75, 3.75, 8.25], "texture": "#3"},
				"south": {"uv": [2, 2.5, 4, 5], "texture": "#3"},
				"west": {"uv": [3.75, 5.75, 4, 8.25], "texture": "#3"},
				"up": {"uv": [8.25, 3.5, 6.25, 3.25], "texture": "#3"},
				"down": {"uv": [8.25, 3.5, 6.25, 3.75], "texture": "#3"}
			}
		},
		{
			"from": [12, 2, 6],
			"to": [13, 10, 13],
			"faces": {
				"north": {"uv": [4, 5.75, 4.25, 8.25], "texture": "#3"},
				"east": {"uv": [4, 0, 5.75, 2.5], "texture": "#3"},
				"south": {"uv": [4.25, 5.75, 4.5, 8.25], "texture": "#3"},
				"west": {"uv": [4, 2.5, 5.75, 5], "texture": "#3"},
				"up": {"uv": [6.5, 7.5, 6.25, 5.75], "texture": "#3"},
				"down": {"uv": [6.75, 0, 6.5, 1.75], "texture": "#3"}
			}
		},
		{
			"from": [12, 1, 6],
			"to": [13, 2, 13],
			"faces": {
				"north": {"uv": [4, 5.75, 4.25, 8.25], "texture": "#3"},
				"east": {"uv": [4, 0, 5.75, 2.5], "texture": "#3"},
				"south": {"uv": [4.25, 5.75, 4.5, 8.25], "texture": "#3"},
				"west": {"uv": [4, 2.5, 5.75, 5], "texture": "#3"},
				"up": {"uv": [6.5, 7.5, 6.25, 5.75], "texture": "#3"},
				"down": {"uv": [6.75, 0, 6.5, 1.75], "texture": "#3"}
			}
		},
		{
			"from": [12, 0, 6],
			"to": [13, 1, 11],
			"faces": {
				"north": {"uv": [4, 5.75, 4.25, 8.25], "texture": "#3"},
				"east": {"uv": [4, 0, 5.75, 2.5], "texture": "#3"},
				"south": {"uv": [4.25, 5.75, 4.5, 8.25], "texture": "#3"},
				"west": {"uv": [4, 2.5, 5.75, 5], "texture": "#3"},
				"up": {"uv": [6.5, 7.5, 6.25, 5.75], "texture": "#3"},
				"down": {"uv": [6.75, 0, 6.5, 1.75], "texture": "#3"}
			}
		},
		{
			"from": [3, 0, 6],
			"to": [4, 1, 11],
			"faces": {
				"north": {"uv": [4, 5.75, 4.25, 8.25], "texture": "#3"},
				"east": {"uv": [4, 0, 5.75, 2.5], "texture": "#3"},
				"south": {"uv": [4.25, 5.75, 4.5, 8.25], "texture": "#3"},
				"west": {"uv": [4, 2.5, 5.75, 5], "texture": "#3"},
				"up": {"uv": [6.5, 7.5, 6.25, 5.75], "texture": "#3"},
				"down": {"uv": [6.75, 0, 6.5, 1.75], "texture": "#3"}
			}
		},
		{
			"from": [3, 1, 6],
			"to": [4, 2, 13],
			"faces": {
				"north": {"uv": [4, 5.75, 4.25, 8.25], "texture": "#3"},
				"east": {"uv": [4, 0, 5.75, 2.5], "texture": "#3"},
				"south": {"uv": [4.25, 5.75, 4.5, 8.25], "texture": "#3"},
				"west": {"uv": [4, 2.5, 5.75, 5], "texture": "#3"},
				"up": {"uv": [6.5, 7.5, 6.25, 5.75], "texture": "#3"},
				"down": {"uv": [6.75, 0, 6.5, 1.75], "texture": "#3"}
			}
		},
		{
			"from": [3, 2, 6],
			"to": [4, 10, 13],
			"faces": {
				"north": {"uv": [4.5, 5.75, 4.75, 8.25], "texture": "#3"},
				"east": {"uv": [0, 5, 1.75, 7.5], "texture": "#3"},
				"south": {"uv": [4.75, 5.75, 5, 8.25], "texture": "#3"},
				"west": {"uv": [1.75, 5, 3.5, 7.5], "texture": "#3"},
				"up": {"uv": [6.75, 6.75, 6.5, 5], "texture": "#3"},
				"down": {"uv": [7, 0, 6.75, 1.75], "texture": "#3"}
			}
		}
	],
	"display": {
		"gui": {
			"rotation": [15, -155, 1],
			"translation": [0.75, 2.5, 0],
			"scale": [0.74414, 0.54688, 1]
		},
		"head": {
			"translation": [0, 4.25, -2.75],
			"scale": [1.61, 1.38086, 1.63398]
		}
	},
	"groups": [
		{
			"name": "group",
			"origin": [0, 0, 0],
			"color": 0,
			"children": [
				0,
				1,
				{
					"name": "group",
					"origin": [0, 0, 0],
					"color": 0,
					"children": [
						2,
						3,
						4,
						5,
						6,
						7,
						8,
						9,
						10,
						11,
						12,
						13,
						14,
						15,
						16,
						17,
						18,
						19,
						20,
						21,
						22,
						23,
						{
							"name": "group",
							"origin": [0, 0, 0],
							"color": 0,
							"children": [24, 25, 26]
						},
						{
							"name": "group",
							"origin": [0, 0, 0],
							"color": 0,
							"children": [27, 28, 29]
						},
						{
							"name": "group",
							"origin": [0, 0, 0],
							"color": 0,
							"children": [30, 31, 32]
						}
					]
				},
				33,
				34,
				35,
				36,
				37,
				38,
				39
			]
		}
	]
}