{
	"credit": "Made with Blockbench",
	"texture_size": [64, 64],
	"textures": {
		"2": "./greek_helmet",
		"particle": "./greek_helmet"
	},
	"elements": [
		{
			"from": [9, 0, 4],
			"to": [11, 2, 5],
			"faces": {
				"north": {"uv": [5.75, 1, 6.25, 1.5], "texture": "#2"},
				"east": {"uv": [2.25, 7, 2.5, 7.5], "texture": "#2"},
				"south": {"uv": [5.75, 1.5, 6.25, 2], "texture": "#2"},
				"west": {"uv": [0.75, 7.5, 1, 8], "texture": "#2"},
				"up": {"uv": [8, 1.75, 7.5, 1.5], "texture": "#2"},
				"down": {"uv": [2.25, 7.5, 1.75, 7.75], "texture": "#2"}
			}
		},
		{
			"from": [8, 4, 4],
			"to": [9, 7, 5],
			"faces": {
				"north": {"uv": [6.75, 6.5, 7, 7.5], "texture": "#2"},
				"east": {"uv": [0, 7, 0.25, 8], "texture": "#2"},
				"south": {"uv": [0.25, 7, 0.5, 8], "texture": "#2"},
				"west": {"uv": [0.5, 7, 0.75, 8], "texture": "#2"},
				"up": {"uv": [7, 3, 6.75, 2.75], "texture": "#2"},
				"down": {"uv": [8, 5.5, 7.75, 5.75], "texture": "#2"}
			}
		},
		{
			"from": [6, 0, 4],
			"to": [8, 2, 5],
			"faces": {
				"north": {"uv": [6.75, 0.5, 7.25, 1], "texture": "#2"},
				"east": {"uv": [1, 7.5, 1.25, 8], "texture": "#2"},
				"south": {"uv": [0.75, 7, 1.25, 7.5], "texture": "#2"},
				"west": {"uv": [7.5, 1.75, 7.75, 2.25], "texture": "#2"},
				"up": {"uv": [8, 2.5, 7.5, 2.25], "texture": "#2"},
				"down": {"uv": [8, 2.5, 7.5, 2.75], "texture": "#2"}
			}
		},
		{
			"from": [6, 2, 4],
			"to": [7, 4, 5],
			"faces": {
				"north": {"uv": [2.25, 7.5, 2.5, 8], "texture": "#2"},
				"east": {"uv": [2.75, 7.5, 3, 8], "texture": "#2"},
				"south": {"uv": [3, 7.5, 3.25, 8], "texture": "#2"},
				"west": {"uv": [3.25, 7.5, 3.5, 8], "texture": "#2"},
				"up": {"uv": [8, 6, 7.75, 5.75], "texture": "#2"},
				"down": {"uv": [6.25, 7.75, 6, 8], "texture": "#2"}
			}
		},
		{
			"from": [10, 2, 4],
			"to": [11, 4, 5],
			"faces": {
				"north": {"uv": [3.5, 7.5, 3.75, 8], "texture": "#2"},
				"east": {"uv": [3.75, 7.5, 4, 8], "texture": "#2"},
				"south": {"uv": [6.75, 7.5, 7, 8], "texture": "#2"},
				"west": {"uv": [7, 7.5, 7.25, 8], "texture": "#2"},
				"up": {"uv": [8, 6.25, 7.75, 6], "texture": "#2"},
				"down": {"uv": [6.5, 7.75, 6.25, 8], "texture": "#2"}
			}
		},
		{
			"from": [6, 0, 11],
			"to": [11, 7, 12],
			"faces": {
				"north": {"uv": [3, 0, 4.25, 1.75], "texture": "#2"},
				"east": {"uv": [2.75, 5.75, 3, 7.5], "texture": "#2"},
				"south": {"uv": [3, 1.75, 4.25, 3.5], "texture": "#2"},
				"west": {"uv": [3, 5.75, 3.25, 7.5], "texture": "#2"},
				"up": {"uv": [7.5, 5.5, 6.25, 5.25], "texture": "#2"},
				"down": {"uv": [5.5, 6.5, 4.25, 6.75], "texture": "#2"}
			}
		},
		{
			"from": [11, 0, 5],
			"to": [12, 7, 11],
			"faces": {
				"north": {"uv": [3.25, 5.75, 3.5, 7.5], "texture": "#2"},
				"east": {"uv": [0, 0, 1.5, 1.75], "texture": "#2"},
				"south": {"uv": [3.5, 5.75, 3.75, 7.5], "texture": "#2"},
				"west": {"uv": [1.5, 0, 3, 1.75], "texture": "#2"},
				"up": {"uv": [4.5, 3.5, 4.25, 2], "texture": "#2"},
				"down": {"uv": [4.75, 2, 4.5, 3.5], "texture": "#2"}
			}
		},
		{
			"from": [5, 0, 5],
			"to": [6, 7, 11],
			"faces": {
				"north": {"uv": [3.75, 5.75, 4, 7.5], "texture": "#2"},
				"east": {"uv": [0, 1.75, 1.5, 3.5], "texture": "#2"},
				"south": {"uv": [5.5, 6, 5.75, 7.75], "texture": "#2"},
				"west": {"uv": [1.5, 1.75, 3, 3.5], "texture": "#2"},
				"up": {"uv": [6.5, 2.5, 6.25, 1], "texture": "#2"},
				"down": {"uv": [6.5, 2.5, 6.25, 4], "texture": "#2"}
			}
		},
		{
			"from": [6, 7, 4],
			"to": [11, 8, 11],
			"faces": {
				"north": {"uv": [6.5, 5.5, 7.75, 5.75], "texture": "#2"},
				"east": {"uv": [4, 6.25, 5.5, 6.5], "texture": "#2"},
				"south": {"uv": [6.5, 5.75, 7.75, 6], "texture": "#2"},
				"west": {"uv": [6.25, 4, 7.75, 4.25], "texture": "#2"},
				"up": {"uv": [1.25, 5, 0, 3.5], "texture": "#2"},
				"down": {"uv": [2.5, 3.5, 1.25, 5], "texture": "#2"}
			}
		},
		{
			"from": [7, 8, 6],
			"to": [10, 10, 9],
			"faces": {
				"north": {"uv": [7, 4.25, 7.75, 4.5], "texture": "#2"},
				"east": {"uv": [7, 4.5, 7.75, 4.75], "texture": "#2"},
				"south": {"uv": [7, 4.75, 7.75, 5], "texture": "#2"},
				"west": {"uv": [7, 5, 7.75, 5.25], "texture": "#2"},
				"up": {"uv": [4.75, 6.25, 4, 5.5], "texture": "#2"},
				"down": {"uv": [6.25, 4, 5.5, 4.75], "texture": "#2"}
			}
		},
		{
			"from": [7, 8, 11],
			"to": [10, 10, 12],
			"faces": {
				"north": {"uv": [6.5, 1, 7.25, 1.5], "texture": "#2"},
				"east": {"uv": [7.25, 7.5, 7.5, 8], "texture": "#2"},
				"south": {"uv": [1.5, 6.5, 2.25, 7], "texture": "#2"},
				"west": {"uv": [7.5, 7.5, 7.75, 8], "texture": "#2"},
				"up": {"uv": [8, 0.5, 7.25, 0.25], "texture": "#2"},
				"down": {"uv": [8, 0.5, 7.25, 0.75], "texture": "#2"}
			}
		},
		{
			"from": [7, 10, 3],
			"to": [10, 12, 12],
			"faces": {
				"north": {"uv": [6.25, 4.25, 7, 4.75], "texture": "#2"},
				"east": {"uv": [0, 5, 2.25, 5.5], "texture": "#2"},
				"south": {"uv": [6.25, 4.75, 7, 5.25], "texture": "#2"},
				"west": {"uv": [5, 0, 7.25, 0.5], "texture": "#2"},
				"up": {"uv": [3.25, 5.75, 2.5, 3.5], "texture": "#2"},
				"down": {"uv": [4, 3.5, 3.25, 5.75], "texture": "#2"}
			}
		},
		{
			"from": [7, 12, 3],
			"to": [10, 14, 7],
			"faces": {
				"north": {"uv": [6.25, 6, 7, 6.5], "texture": "#2"},
				"east": {"uv": [5.5, 5.5, 6.5, 6], "texture": "#2"},
				"south": {"uv": [0.75, 6.5, 1.5, 7], "texture": "#2"},
				"west": {"uv": [5.75, 0.5, 6.75, 1], "texture": "#2"},
				"up": {"uv": [1.5, 6.5, 0.75, 5.5], "texture": "#2"},
				"down": {"uv": [2.25, 5.5, 1.5, 6.5], "texture": "#2"}
			}
		},
		{
			"from": [7, 12, 7],
			"to": [10, 13, 10],
			"faces": {
				"north": {"uv": [7, 6, 7.75, 6.25], "texture": "#2"},
				"east": {"uv": [7, 6.25, 7.75, 6.5], "texture": "#2"},
				"south": {"uv": [7, 6.5, 7.75, 6.75], "texture": "#2"},
				"west": {"uv": [7, 6.75, 7.75, 7], "texture": "#2"},
				"up": {"uv": [5.5, 6.25, 4.75, 5.5], "texture": "#2"},
				"down": {"uv": [6.25, 4.75, 5.5, 5.5], "texture": "#2"}
			}
		},
		{
			"from": [7, 3, 12],
			"to": [10, 11, 13],
			"faces": {
				"north": {"uv": [4, 3.5, 4.75, 5.5], "texture": "#2"},
				"east": {"uv": [2.25, 5, 2.5, 7], "texture": "#2"},
				"south": {"uv": [4.25, 0, 5, 2], "texture": "#2"},
				"west": {"uv": [2.5, 5.75, 2.75, 7.75], "texture": "#2"},
				"up": {"uv": [7.75, 7.25, 7, 7], "texture": "#2"},
				"down": {"uv": [8, 0, 7.25, 0.25], "texture": "#2"}
			}
		},
		{
			"from": [7, 3, 13],
			"to": [10, 10, 14],
			"faces": {
				"north": {"uv": [4.75, 2, 5.5, 3.75], "texture": "#2"},
				"east": {"uv": [5.75, 6, 6, 7.75], "texture": "#2"},
				"south": {"uv": [4.75, 3.75, 5.5, 5.5], "texture": "#2"},
				"west": {"uv": [6, 6, 6.25, 7.75], "texture": "#2"},
				"up": {"uv": [8, 1, 7.25, 0.75], "texture": "#2"},
				"down": {"uv": [8, 1, 7.25, 1.25], "texture": "#2"}
			}
		},
		{
			"from": [7, 3, 14.7],
			"to": [10, 7, 15.4],
			"faces": {
				"north": {"uv": [5.5, 2, 6.25, 3], "texture": "#2"},
				"east": {"uv": [1.25, 7, 1.5, 8], "texture": "#2"},
				"south": {"uv": [5.5, 3, 6.25, 4], "texture": "#2"},
				"west": {"uv": [1.5, 7, 1.75, 8], "texture": "#2"},
				"up": {"uv": [8, 3.5, 7.25, 3.25], "texture": "#2"},
				"down": {"uv": [8, 3.5, 7.25, 3.75], "texture": "#2"}
			}
		},
		{
			"from": [7, 3, 14],
			"to": [10, 9, 14.7],
			"faces": {
				"north": {"uv": [5, 0.5, 5.75, 2], "texture": "#2"},
				"east": {"uv": [6.5, 1.5, 6.75, 3], "texture": "#2"},
				"south": {"uv": [0, 5.5, 0.75, 7], "texture": "#2"},
				"west": {"uv": [4, 6.5, 4.25, 8], "texture": "#2"},
				"up": {"uv": [8, 1.5, 7.25, 1.25], "texture": "#2"},
				"down": {"uv": [8, 3, 7.25, 3.25], "texture": "#2"}
			}
		},
		{
			"from": [7, 3, 15.4],
			"to": [10, 4.7, 16.1],
			"faces": {
				"north": {"uv": [6.5, 3, 7.25, 3.5], "texture": "#2"},
				"east": {"uv": [1.75, 7.75, 2, 8.25], "texture": "#2"},
				"south": {"uv": [6.5, 3.5, 7.25, 4], "texture": "#2"},
				"west": {"uv": [7.75, 1.75, 8, 2.25], "texture": "#2"},
				"up": {"uv": [8, 4, 7.25, 3.75], "texture": "#2"},
				"down": {"uv": [7.75, 7.25, 7, 7.5], "texture": "#2"}
			}
		},
		{
			"from": [9, 6, 4],
			"to": [11, 7, 5],
			"faces": {
				"north": {"uv": [7, 1.5, 7.5, 2], "texture": "#2"},
				"east": {"uv": [2, 7.75, 2.25, 8.25], "texture": "#2"},
				"south": {"uv": [1.75, 7, 2.25, 7.5], "texture": "#2"},
				"west": {"uv": [2.5, 7.75, 2.75, 8.25], "texture": "#2"},
				"up": {"uv": [8, 3, 7.5, 2.75], "texture": "#2"},
				"down": {"uv": [8, 5.25, 7.5, 5.5], "texture": "#2"}
			}
		},
		{
			"from": [11, 2, 4],
			"to": [12, 7, 5],
			"faces": {
				"north": {"uv": [6.25, 6.5, 6.5, 7.75], "texture": "#2"},
				"east": {"uv": [6.5, 6.5, 6.75, 7.75], "texture": "#2"},
				"south": {"uv": [6.75, 1.5, 7, 2.75], "texture": "#2"},
				"west": {"uv": [4.25, 6.75, 4.5, 8], "texture": "#2"},
				"up": {"uv": [8, 6.5, 7.75, 6.25], "texture": "#2"},
				"down": {"uv": [6.75, 7.75, 6.5, 8], "texture": "#2"}
			}
		},
		{
			"from": [5, 2, 4],
			"to": [6, 7, 5],
			"faces": {
				"north": {"uv": [4.5, 6.75, 4.75, 8], "texture": "#2"},
				"east": {"uv": [4.75, 6.75, 5, 8], "texture": "#2"},
				"south": {"uv": [5, 6.75, 5.25, 8], "texture": "#2"},
				"west": {"uv": [5.25, 6.75, 5.5, 8], "texture": "#2"},
				"up": {"uv": [8, 6.75, 7.75, 6.5], "texture": "#2"},
				"down": {"uv": [8, 6.75, 7.75, 7], "texture": "#2"}
			}
		},
		{
			"from": [6, 6, 4],
			"to": [8, 7, 5],
			"faces": {
				"north": {"uv": [7, 2, 7.5, 2.5], "texture": "#2"},
				"east": {"uv": [7.75, 4, 8, 4.5], "texture": "#2"},
				"south": {"uv": [7, 2.5, 7.5, 3], "texture": "#2"},
				"west": {"uv": [7.75, 4.5, 8, 5], "texture": "#2"},
				"up": {"uv": [8.25, 5.25, 7.75, 5], "texture": "#2"},
				"down": {"uv": [6, 7.75, 5.5, 8], "texture": "#2"}
			}
		}
	],
	"display": {
		"thirdperson_righthand": {
			"rotation": [60, 19, 0],
			"translation": [-0.75, 1, -1.25],
			"scale": [0.95453, 1, 1]
		},
		"thirdperson_lefthand": {
			"rotation": [60, 19, 0],
			"translation": [-0.75, 1, -1.25],
			"scale": [0.95453, 1, 1]
		},
		"gui": {
			"rotation": [15, -155, 1],
			"translation": [0.75, 2.5, 0]
		},
		"head": {
			"translation": [-1, 8.5, 0],
			"scale": [2.24609, 1.99219, 2.3418]
		},
		"fixed": {
			"rotation": [0, 58, 0]
		}
	},
	"groups": [
		{
			"name": "group",
			"origin": [0, 0, 0],
			"color": 0,
			"children": [
				0,
				1,
				2,
				3,
				4,
				5,
				6,
				7,
				8,
				9,
				{
					"name": "group",
					"origin": [0, 0, 0],
					"color": 0,
					"children": [10, 11, 12, 13, 14, 15, 16, 17, 18]
				},
				19,
				20,
				21,
				22
			]
		}
	]
}