{
	"credit": "Made with Blockbench",
	"texture_size": [64, 64],
	"textures": {
		"1": "./helmet1"
	},
	"elements": [
		{
			"from": [4.25, 0.99, 8.25],
			"to": [4.75, 5.99, 10.75],
			"rotation": {"angle": -22.5, "axis": "x", "origin": [4.5, 3.99, 9.5]},
			"faces": {
				"north": {"uv": [4.25, 9.25, 4.375, 10.5], "texture": "#1"},
				"east": {"uv": [8.75, 2.75, 9.375, 4], "texture": "#1"},
				"south": {"uv": [9.5, 2.75, 9.625, 4], "texture": "#1"},
				"west": {"uv": [8.75, 4, 9.375, 5.25], "texture": "#1"},
				"up": {"uv": [3.125, 10.125, 3, 9.5], "texture": "#1"},
				"down": {"uv": [9.625, 4, 9.5, 4.625], "texture": "#1"}
			}
		},
		{
			"from": [10.25, 0.99, 8.25],
			"to": [10.75, 5.99, 10.75],
			"rotation": {"angle": -22.5, "axis": "x", "origin": [11.5, 3.99, 9.5]},
			"faces": {
				"north": {"uv": [4.375, 9.25, 4.25, 10.5], "texture": "#1"},
				"east": {"uv": [9.375, 4, 8.75, 5.25], "texture": "#1"},
				"south": {"uv": [9.625, 2.75, 9.5, 4], "texture": "#1"},
				"west": {"uv": [9.375, 2.75, 8.75, 4], "texture": "#1"},
				"up": {"uv": [3, 10.125, 3.125, 9.5], "texture": "#1"},
				"down": {"uv": [9.5, 4, 9.625, 4.625], "texture": "#1"}
			}
		},
		{
			"from": [6.01, 13.04894, 7.04997],
			"to": [8.99, 15.04894, 11.04997],
			"rotation": {"angle": 22.5, "axis": "x", "origin": [8.5, 9.39971, 8.89035]},
			"faces": {
				"north": {"uv": [1.5, 9.5, 2.25, 10], "texture": "#1"},
				"east": {"uv": [4.5, 2, 5.5, 2.5], "texture": "#1"},
				"south": {"uv": [2.25, 9.5, 3, 10], "texture": "#1"},
				"west": {"uv": [6.25, 1.5, 7.25, 2], "texture": "#1"},
				"up": {"uv": [5.25, 10, 4.5, 9], "texture": "#1"},
				"down": {"uv": [9.75, 7.5, 9, 8.5], "texture": "#1"}
			}
		},
		{
			"from": [3.75, 5.75, 3.75],
			"to": [11.25, 7.5, 12.25],
			"rotation": {"angle": 0, "axis": "y", "origin": [-16.5, -3, 0]},
			"faces": {
				"north": {"uv": [8.75, 1.75, 10.625, 2.1875], "texture": "#1"},
				"east": {"uv": [8.75, 0.75, 10.875, 1.1875], "texture": "#1"},
				"south": {"uv": [8.75, 2.25, 10.625, 2.6875], "texture": "#1"},
				"west": {"uv": [8.75, 1.25, 10.875, 1.6875], "texture": "#1"},
				"up": {"uv": [1.875, 4.625, 0, 2.5], "texture": "#1"},
				"down": {"uv": [3.875, 2.5, 2, 4.625], "texture": "#1"}
			}
		},
		{
			"from": [3.96, 5, 4],
			"to": [11.02, 6.5, 12],
			"rotation": {"angle": 0, "axis": "y", "origin": [-16.5, -3, 0]},
			"faces": {
				"north": {"uv": [5.25, 9.25, 7, 9.625], "texture": "#1"},
				"east": {"uv": [8.75, 5.25, 10.75, 5.625], "texture": "#1"},
				"south": {"uv": [7, 9.25, 8.75, 9.625], "texture": "#1"},
				"west": {"uv": [1.25, 9, 3.25, 9.375], "texture": "#1"},
				"up": {"uv": [5.75, 4.5, 4, 2.5], "texture": "#1"},
				"down": {"uv": [6.25, 0, 4.5, 2], "texture": "#1"}
			}
		},
		{
			"from": [5, 10.39993, 6.01882],
			"to": [10, 15.14993, 10.01882],
			"rotation": {"angle": 45, "axis": "x", "origin": [7.5, 11.21315, 7.89453]},
			"faces": {
				"north": {"uv": [5.25, 6.5, 6.5, 7.6875], "texture": "#1"},
				"east": {"uv": [7.75, 0, 8.75, 1.1875], "texture": "#1"},
				"south": {"uv": [6.5, 6.5, 7.75, 7.6875], "texture": "#1"},
				"west": {"uv": [1.25, 7.75, 2.25, 8.9375], "texture": "#1"},
				"up": {"uv": [8.75, 6, 7.5, 5], "texture": "#1"},
				"down": {"uv": [1.25, 7.75, 0, 8.75], "texture": "#1"}
			}
		},
		{
			"from": [3.97, 6.13003, 5.49532],
			"to": [11.01, 11.38003, 11.49532],
			"rotation": {"angle": 22.5, "axis": "x", "origin": [7.5, 10.69324, 7.62103]},
			"faces": {
				"north": {"uv": [3.5, 6, 5.25, 7.3125], "texture": "#1"},
				"east": {"uv": [6.25, 0, 7.75, 1.3125], "texture": "#1"},
				"south": {"uv": [0, 6.25, 1.75, 7.5625], "texture": "#1"},
				"west": {"uv": [1.75, 6.25, 3.25, 7.5625], "texture": "#1"},
				"up": {"uv": [7.5, 5, 5.75, 3.5], "texture": "#1"},
				"down": {"uv": [7.5, 5, 5.75, 6.5], "texture": "#1"}
			}
		},
		{
			"from": [3.98, 7.34512, 5.46322],
			"to": [10.98, 9.84512, 11.46322],
			"rotation": {"angle": 0, "axis": "y", "origin": [7.5, 9.15834, 7.58894]},
			"faces": {
				"north": {"uv": [7.75, 6.75, 9.5, 7.375], "texture": "#1"},
				"east": {"uv": [8.5, 8.5, 10, 9.125], "texture": "#1"},
				"south": {"uv": [7.25, 7.75, 9, 8.375], "texture": "#1"},
				"west": {"uv": [8.75, 0, 10.25, 0.625], "texture": "#1"},
				"up": {"uv": [3.5, 6.25, 1.75, 4.75], "texture": "#1"},
				"down": {"uv": [7.5, 2, 5.75, 3.5], "texture": "#1"}
			}
		},
		{
			"from": [5.02, 9.10738, 6.83551],
			"to": [9.96, 13.60738, 10.83551],
			"rotation": {"angle": 22.5, "axis": "x", "origin": [7.5, 9.67059, 8.71123]},
			"faces": {
				"north": {"uv": [7.5, 1.5, 8.75, 2.625], "texture": "#1"},
				"east": {"uv": [2.25, 7.75, 3.25, 8.875], "texture": "#1"},
				"south": {"uv": [7.5, 2.75, 8.75, 3.875], "texture": "#1"},
				"west": {"uv": [4.5, 7.75, 5.5, 8.875], "texture": "#1"},
				"up": {"uv": [4.5, 8.5, 3.25, 7.5], "texture": "#1"},
				"down": {"uv": [8.75, 4, 7.5, 5], "texture": "#1"}
			}
		},
		{
			"from": [6, 11.37826, 12.04745],
			"to": [9, 13.37826, 14.04745],
			"rotation": {"angle": 45, "axis": "x", "origin": [7.5, 12.37826, 13.04745]},
			"faces": {
				"north": {"uv": [3.25, 9.25, 4, 9.75], "texture": "#1"},
				"east": {"uv": [3.5, 4.75, 4, 5.25], "texture": "#1"},
				"south": {"uv": [8.75, 9.25, 9.5, 9.75], "texture": "#1"},
				"west": {"uv": [3.5, 5.25, 4, 5.75], "texture": "#1"},
				"up": {"uv": [0.75, 10, 0, 9.5], "texture": "#1"},
				"down": {"uv": [1.5, 9.5, 0.75, 10], "texture": "#1"}
			}
		},
		{
			"from": [3.99, 5.34512, 4.96322],
			"to": [10.96, 7.84512, 10.96322],
			"rotation": {"angle": -22.5, "axis": "x", "origin": [7.5, 9.15834, 7.58894]},
			"faces": {
				"north": {"uv": [5.5, 7.75, 7.25, 8.375], "texture": "#1"},
				"east": {"uv": [5.5, 8.5, 7, 9.125], "texture": "#1"},
				"south": {"uv": [7.75, 6, 9.5, 6.625], "texture": "#1"},
				"west": {"uv": [7, 8.5, 8.5, 9.125], "texture": "#1"},
				"up": {"uv": [5.75, 6, 4, 4.5], "texture": "#1"},
				"down": {"uv": [1.75, 4.75, 0, 6.25], "texture": "#1"}
			}
		},
		{
			"from": [5.01, 8.49194, 10.40887],
			"to": [9.98, 10.99194, 11.40887],
			"rotation": {"angle": -22.5, "axis": "x", "origin": [7.5, 9.30516, 8.03459]},
			"faces": {
				"north": {"uv": [3.25, 8.5, 4.5, 9.125], "texture": "#1"},
				"east": {"uv": [3.25, 6.25, 3.5, 6.875], "texture": "#1"},
				"south": {"uv": [0, 8.75, 1.25, 9.375], "texture": "#1"},
				"west": {"uv": [4, 9.25, 4.25, 9.875], "texture": "#1"},
				"up": {"uv": [9, 7.75, 7.75, 7.5], "texture": "#1"},
				"down": {"uv": [10, 5.75, 8.75, 6], "texture": "#1"}
			}
		},
		{
			"from": [6.01, 10.12826, 12.96166],
			"to": [8.99, 12.37826, 14.46166],
			"rotation": {"angle": 0, "axis": "y", "origin": [0.01, -0.12174, 0.21166]},
			"faces": {
				"north": {"uv": [0, 0, 0.75, 0.5625], "texture": "#1"},
				"east": {"uv": [0.75, 1, 1.125, 1.5625], "texture": "#1"},
				"south": {"uv": [0, 0.75, 0.75, 1.3125], "texture": "#1"},
				"west": {"uv": [1.25, 1, 1.625, 1.5625], "texture": "#1"},
				"up": {"uv": [1.5, 0.375, 0.75, 0], "texture": "#1"},
				"down": {"uv": [1.5, 0.5, 0.75, 0.875], "texture": "#1"}
			}
		}
	],
	"display": {
		"thirdperson_righthand": {
			"rotation": [-151.25, -33.75, 180],
			"translation": [0, 1.5, 0],
			"scale": [0.99805, 0.99805, 0.99805]
		},
		"thirdperson_lefthand": {
			"rotation": [-151.25, -33.75, 180],
			"translation": [0, 1.5, 0],
			"scale": [0.99805, 0.99805, 0.99805]
		},
		"firstperson_righthand": {
			"rotation": [-30.45, -52.52, -26.43],
			"translation": [0.75, 6.25, 0],
			"scale": [0.75195, 0.75195, 0.75195]
		},
		"firstperson_lefthand": {
			"rotation": [-30.45, -52.52, -26.43],
			"translation": [0.75, 6.25, 0],
			"scale": [0.75195, 0.75195, 0.75195]
		},
		"ground": {
			"rotation": [-46.54, -4.54, 10.53],
			"translation": [-0.25, 2.25, -0.5]
		},
		"gui": {
			"rotation": [10.21, 46.41, 6.17],
			"translation": [0, 0.75, 0],
			"scale": [0.90039, 0.90039, 0.90039]
		},
		"head": {
			"rotation": [-164.75, 1, -180],
			"translation": [-1, 5.75, 1],
			"scale": [2.15039, 2.15039, 2.15039]
		},
		"fixed": {
			"rotation": [-180, 18, -180],
			"translation": [0, 0, -5.5],
			"scale": [1.85547, 1.85547, 1.85547]
		}
	}
}